{
  "lap_number": 5,
  "lap_time_s": 109.92676544189453,
  "dynamic_front_rh_mm": 19.85774803161621,
  "dynamic_rear_rh_mm": 30.330183029174805,
  "front_rh_std_mm": 5.673769950866699,
  "rear_rh_std_mm": 7.002778053283691,
  "front_shock_vel_p95_mps": 0.12615329027175903,
  "rear_shock_vel_p95_mps": 0.15932849049568176,
  "front_shock_vel_p99_mps": 0.24780681729316711,
  "rear_shock_vel_p99_mps": 0.32146474719047546,
  "peak_lat_g": 3.7108404636383057,
  "body_roll_p95_deg": 0.0,
  "body_roll_max_deg": 2.921388576818941,
  "roll_gradient_deg_per_g": 0.78725792861347,
  "lltd_measured": 0.48671165709102965,
  "understeer_mean_deg": -0.0375087670981884,
  "understeer_high_speed_deg": 0.0505390502512455,
  "understeer_low_speed_deg": -0.11034990847110748,
  "body_slip_p95_deg": 3.8979954719543457,
  "front_bottoming_events": 0,
  "rear_bottoming_events": 5,
  "front_rh_settle_time_ms": 0.0,
  "rear_rh_settle_time_ms": 0.0,
  "front_dominant_freq_hz": 2.98,
  "rear_dominant_freq_hz": 4.81
}