{
  "lap_number": 20,
  "lap_time_s": 109.29039764404297,
  "dynamic_front_rh_mm": 21.64226722717285,
  "dynamic_rear_rh_mm": 27.584571838378906,
  "front_rh_std_mm": 4.991254806518555,
  "rear_rh_std_mm": 7.591755390167236,
  "front_shock_vel_p95_mps": 0.12931093573570251,
  "rear_shock_vel_p95_mps": 0.16618871688842773,
  "front_shock_vel_p99_mps": 0.27393490076065063,
  "rear_shock_vel_p99_mps": 0.32633137702941895,
  "peak_lat_g": 4.039247035980225,
  "body_roll_p95_deg": 1.72,
  "body_roll_max_deg": -0.9209483242034913,
  "roll_gradient_deg_per_g": -0.228,
  "lltd_measured": 0.5102543700367673,
  "understeer_mean_deg": 0.014448476023972034,
  "understeer_high_speed_deg": 0.14327143132686615,
  "understeer_low_speed_deg": 0.03501790389418602,
  "body_slip_p95_deg": 2.884826421737671,
  "front_bottoming_events": 1,
  "rear_bottoming_events": 3,
  "front_heave_defl_p99_mm": 76.41,
  "front_heave_travel_used_pct": 89.6,
  "front_heave_travel_used_braking_pct": 91.4,
  "rear_heave_defl_p99_mm": 0.0,
  "rear_heave_travel_used_pct": 0.0,
  "heave_bottoming_events_front": 5,
  "heave_bottoming_events_rear": 0,
  "front_rh_settle_time_ms": 0.0,
  "rear_rh_settle_time_ms": 0.0,
  "front_dominant_freq_hz": 2.87,
  "rear_dominant_freq_hz": 5.02,
  "splitter_rh_mean_at_speed_mm": 57.24,
  "splitter_rh_min_mm": 32.69,
  "splitter_scrape_events": 0,
  "front_corner_defl_p99_mm": 27.33,
  "rear_corner_defl_p99_mm": 39.7,
  "front_heave_vel_p95_mps": 0.3351,
  "rear_heave_vel_p95_mps": 0.0,
  "front_heave_vel_ls_pct": 23.4,
  "front_heave_vel_hs_pct": 30.9,
  "lltd_low_speed": 0.5082596045147381,
  "lltd_high_speed": 0.5119450942639064,
  "measured_brake_bias_pct": 67.7,
  "abs_active_pct": 0.0,
  "abs_cut_mean_pct": 100.0,
  "brake_bias_adjustments": 35,
  "tc_adjustments": 0,
  "fuel_level_at_measurement_l": 77.5,
  "ers_battery_mean_pct": 75.2,
  "mguk_torque_peak_nm": 351.7,
  "air_temp_c": 27.8,
  "track_temp_c": 39.4,
  "rpm_at_braking_pct_at_limiter": 0.0,
  "understeer_left_turn_deg": 0.18457521498203278,
  "understeer_right_turn_deg": -0.08457569032907486,
  "lf_shock_vel_p95_mps": 0.1391337513923645,
  "rf_shock_vel_p95_mps": 0.12015987187623978,
  "lr_shock_vel_p95_mps": 0.17393076419830322,
  "rr_shock_vel_p95_mps": 0.1601961851119995,
  "lf_pressure_kpa": 180.7,
  "rf_pressure_kpa": 180.0,
  "lr_pressure_kpa": 178.0,
  "rr_pressure_kpa": 177.3,
  "lf_cold_pressure_kpa": 151.6,
  "rf_cold_pressure_kpa": 151.6,
  "lr_cold_pressure_kpa": 151.6,
  "rr_cold_pressure_kpa": 151.6,
  "lf_wear_pct": 95.8,
  "rf_wear_pct": 96.1,
  "lr_wear_pct": 93.3,
  "rr_wear_pct": 94.4,
  "lf_temp_middle_c": 61.4,
  "rf_temp_middle_c": 62.1,
  "lr_temp_middle_c": 67.7,
  "rr_temp_middle_c": 67.2,
  "throttle_raw_mean": 0.711,
  "tc_intervention_pct": 0.0,
  "brake_raw_peak": 0.829,
  "gear_at_apex_mode": 0,
  "max_gear": 7,
  "pitch_mean_at_speed_deg": 0.09,
  "pitch_range_deg": 1.83,
  "arb_front_adjustments": 0,
  "arb_rear_adjustments": 10,
  "tc2_adjustments": 0,
  "abs_adjustments": 0,
  "deploy_mode_adjustments": 0,
  "wind_speed_ms": 4.02,
  "wind_dir_deg": 90.0
}