{
  "lap_number": 24,
  "lap_time_s": 109.22209930419922,
  "front_heave_travel_used_pct": 92.5,
  "rear_rh_std_mm": 7.652547836303711,
  "body_slip_p95_deg": 3.3008837699890137,
  "understeer_low_speed_deg": -0.09852869063615799,
  "understeer_high_speed_deg": 0.08904065936803818
}
