{
  "lap_number": 11,
  "lap_time_s": 109.53506469726562,
  "dynamic_front_rh_mm": 19.75358009338379,
  "dynamic_rear_rh_mm": 30.40520477294922,
  "front_rh_std_mm": 5.581172943115234,
  "rear_rh_std_mm": 7.0153632164001465,
  "front_shock_vel_p95_mps": 0.12883040308952332,
  "rear_shock_vel_p95_mps": 0.16265495121479034,
  "front_shock_vel_p99_mps": 0.2510647177696228,
  "rear_shock_vel_p99_mps": 0.31360968947410583,
  "peak_lat_g": 3.224515438079834,
  "body_roll_p95_deg": 0.0,
  "body_roll_max_deg": 2.627537241548798,
  "roll_gradient_deg_per_g": 0.8148626644856349,
  "lltd_measured": 0.48780724250325774,
  "understeer_mean_deg": 0.055390845984220505,
  "understeer_high_speed_deg": 0.1635476052761078,
  "understeer_low_speed_deg": 0.0003243081155233085,
  "body_slip_p95_deg": 3.9009766578674316,
  "front_bottoming_events": 0,
  "rear_bottoming_events": 7,
  "front_rh_settle_time_ms": 0.0,
  "rear_rh_settle_time_ms": 0.0,
  "front_dominant_freq_hz": 2.85,
  "rear_dominant_freq_hz": 4.98
}