{
  "lap_number": 3,
  "lap_time_s": 109.73342895507812,
  "dynamic_front_rh_mm": 17.396522521972656,
  "dynamic_rear_rh_mm": 28.568252563476562,
  "front_rh_std_mm": 6.421426296234131,
  "rear_rh_std_mm": 7.272793292999268,
  "front_shock_vel_p95_mps": 0.12292761355638504,
  "rear_shock_vel_p95_mps": 0.1604507714509964,
  "front_shock_vel_p99_mps": 0.23898270726203918,
  "rear_shock_vel_p99_mps": 0.31405335664749146,
  "peak_lat_g": 3.2927119731903076,
  "body_roll_p95_deg": 0.0,
  "body_roll_max_deg": 2.713212779221952,
  "roll_gradient_deg_per_g": 0.8240055010317592,
  "lltd_measured": 0.48588121125753486,
  "understeer_mean_deg": -0.019743885844945908,
  "understeer_high_speed_deg": 0.08040338009595871,
  "understeer_low_speed_deg": -0.11393362283706665,
  "body_slip_p95_deg": 3.224165439605713,
  "front_bottoming_events": 0,
  "rear_bottoming_events": 8,
  "front_rh_settle_time_ms": 0.0,
  "rear_rh_settle_time_ms": 0.0,
  "front_dominant_freq_hz": 2.82,
  "rear_dominant_freq_hz": 4.94
}