{
  "lap_number": 3,
  "lap_time_s": 110.49246978759766,
  "dynamic_front_rh_mm": 21.927261352539062,
  "dynamic_rear_rh_mm": 27.89348602294922,
  "front_rh_std_mm": 5.281846046447754,
  "rear_rh_std_mm": 7.83912992477417,
  "front_shock_vel_p95_mps": 0.1277199387550354,
  "rear_shock_vel_p95_mps": 0.16167858242988586,
  "front_shock_vel_p99_mps": 0.24928058683872223,
  "rear_shock_vel_p99_mps": 0.31148436665534973,
  "peak_lat_g": 3.029893159866333,
  "body_roll_p95_deg": 0.0,
  "body_roll_max_deg": 2.4199175932874124,
  "roll_gradient_deg_per_g": 0.798680833153262,
  "lltd_measured": 0.488352588517692,
  "understeer_mean_deg": 0.028814317658543587,
  "understeer_high_speed_deg": 0.09366537630558014,
  "understeer_low_speed_deg": 0.1846417933702469,
  "body_slip_p95_deg": 2.496096611022949,
  "front_bottoming_events": 0,
  "rear_bottoming_events": 4,
  "front_rh_settle_time_ms": 0.0,
  "rear_rh_settle_time_ms": 0.0,
  "front_dominant_freq_hz": 2.93,
  "rear_dominant_freq_hz": 4.88
}