{
  "lap_number": 5,
  "lap_time_s": 109.62813568115234,
  "dynamic_front_rh_mm": 19.015193939208984,
  "dynamic_rear_rh_mm": 25.37999153137207,
  "front_rh_std_mm": 6.0971574783325195,
  "rear_rh_std_mm": 7.672623157501221,
  "front_shock_vel_p95_mps": 0.1367684155702591,
  "rear_shock_vel_p95_mps": 0.16831839084625244,
  "front_shock_vel_p99_mps": 0.2829715609550476,
  "rear_shock_vel_p99_mps": 0.3392171561717987,
  "peak_lat_g": 3.6972475051879883,
  "body_roll_p95_deg": 0.0,
  "body_roll_max_deg": 2.934052837712401,
  "roll_gradient_deg_per_g": 0.7935776097205637,
  "lltd_measured": 0.48623130373429563,
  "understeer_mean_deg": -0.013903738930821419,
  "understeer_high_speed_deg": 0.07890564203262329,
  "understeer_low_speed_deg": 0.3273264765739441,
  "body_slip_p95_deg": 3.0590617656707764,
  "front_bottoming_events": 1,
  "rear_bottoming_events": 6,
  "front_rh_settle_time_ms": 0.0,
  "rear_rh_settle_time_ms": 0.0,
  "front_dominant_freq_hz": 2.8,
  "rear_dominant_freq_hz": 4.9
}