{
  "lap_number": 4,
  "lap_time_s": 109.12193298339844,
  "dynamic_front_rh_mm": 19.98555564880371,
  "dynamic_rear_rh_mm": 28.143922805786133,
  "front_rh_std_mm": 5.53670072555542,
  "rear_rh_std_mm": 7.443507671356201,
  "front_shock_vel_p95_mps": 0.1279085874557495,
  "rear_shock_vel_p95_mps": 0.1749124377965927,
  "front_shock_vel_p99_mps": 0.2563939690589905,
  "rear_shock_vel_p99_mps": 0.3398068845272064,
  "peak_lat_g": 3.921778917312622,
  "body_roll_p95_deg": 0.0,
  "body_roll_max_deg": 3.073009566684484,
  "roll_gradient_deg_per_g": 0.7835754211229855,
  "lltd_measured": 0.4840789011048564,
  "understeer_mean_deg": -0.0006865719333291054,
  "understeer_high_speed_deg": 0.1783926784992218,
  "understeer_low_speed_deg": -0.036857787519693375,
  "body_slip_p95_deg": 3.466506242752075,
  "front_bottoming_events": 1,
  "rear_bottoming_events": 3,
  "front_rh_settle_time_ms": 0.0,
  "rear_rh_settle_time_ms": 0.0,
  "front_dominant_freq_hz": 2.83,
  "rear_dominant_freq_hz": 4.96
}