{
  "lap_number": 25,
  "lap_time_s": 109.21479797363281,
  "dynamic_front_rh_mm": 20.025405883789062,
  "dynamic_rear_rh_mm": 29.716083526611328,
  "front_rh_std_mm": 5.721834182739258,
  "rear_rh_std_mm": 7.048081398010254,
  "front_shock_vel_p95_mps": 0.1348564475774765,
  "rear_shock_vel_p95_mps": 0.16675518453121185,
  "front_shock_vel_p99_mps": 0.25365230441093445,
  "rear_shock_vel_p99_mps": 0.324474573135376,
  "peak_lat_g": 4.220991611480713,
  "body_roll_p95_deg": 0.0,
  "body_roll_max_deg": 3.4127072871313047,
  "roll_gradient_deg_per_g": 0.8085084267519157,
  "lltd_measured": 0.48966931861680474,
  "understeer_mean_deg": 0.021564334630966187,
  "understeer_high_speed_deg": 0.1854476034641266,
  "understeer_low_speed_deg": -0.07900681346654892,
  "body_slip_p95_deg": 3.2030744552612305,
  "front_bottoming_events": 0,
  "rear_bottoming_events": 10,
  "front_rh_settle_time_ms": 0.0,
  "rear_rh_settle_time_ms": 0.0,
  "front_dominant_freq_hz": 2.82,
  "rear_dominant_freq_hz": 4.94
}