{
  "car": "porsche",
  "n_sessions": 60,
  "n_unique_setups": 36,
  "calibration_complete": true,
  "front_ride_height": {
    "name": "front_ride_height",
    "feature_names": [
      "front_pushrod",
      "front_heave",
      "inv_front_heave",
      "front_heave_perch",
      "front_camber",
      "fuel"
    ],
    "coefficients": [
      102.99947345770542,
      0.5462547602152448,
      0.0029881557734449406,
      -1814.5913800338112,
      -0.6596433895669883,
      1.0361038492413952,
      -0.012389293028039604
    ],
    "r_squared": 0.9996863093291615,
    "rmse": 0.015970220494759733,
    "loo_rmse": 1.0917614630097014,
    "n_samples": 36,
    "is_calibrated": true
  },
  "rear_ride_height": {
    "name": "rear_ride_height",
    "feature_names": [
      "rear_pushrod",
      "rear_third",
      "rear_spring",
      "inv_rear_third",
      "inv_rear_spring",
      "rear_third_perch",
      "rear_spring_perch",
      "front_heave_perch",
      "fuel"
    ],
    "coefficients": [
      179.09981262753956,
      0.3606946040247413,
      0.01016290031172462,
      -0.006139132887023324,
      -268.11520639531363,
      -1455.4995563842544,
      -0.773167355736052,
      -0.43977061187628297,
      0.1467010628295895,
      -0.005269314599625719
    ],
    "r_squared": 0.9794389782911815,
    "rmse": 0.19561258525440964,
    "loo_rmse": 1.753752518514196,
    "n_samples": 36,
    "is_calibrated": true
  },
  "torsion_bar_turns": null,
  "torsion_bar_defl": null,
  "front_shock_defl_static": null,
  "front_shock_defl_max": null,
  "rear_shock_defl_static": {
    "name": "rear_shock_defl_static",
    "feature_names": [
      "rear_pushrod",
      "rear_third",
      "rear_spring",
      "inv_rear_third",
      "inv_rear_spring",
      "rear_third_perch",
      "rear_spring_perch"
    ],
    "coefficients": [
      -91.50457102144078,
      0.041280213258623966,
      -0.007928193189761927,
      0.009987793590386566,
      287.2687550253923,
      1436.2660567453468,
      0.6578419648143214,
      0.3320094816633765
    ],
    "r_squared": 0.9914755479330183,
    "rmse": 0.24663816555803483,
    "loo_rmse": 0.8026344055275653,
    "n_samples": 36,
    "is_calibrated": true
  },
  "rear_shock_defl_max": null,
  "heave_spring_defl_static": {
    "name": "heave_spring_defl_static",
    "feature_names": [
      "front_pushrod",
      "front_heave",
      "inv_heave_nmm",
      "front_heave_perch",
      "fuel",
      "front_camber"
    ],
    "coefficients": [
      9.443030640995998,
      0.0075309319800667684,
      -0.006937114123934846,
      2462.0180853823895,
      -0.06692502613750761,
      0.013276014906368554,
      -0.15526123753251891
    ],
    "r_squared": 0.9999452627164047,
    "rmse": 0.012908354385603676,
    "loo_rmse": 0.1014971538901684,
    "n_samples": 36,
    "is_calibrated": true
  },
  "heave_spring_defl_max": {
    "name": "heave_spring_defl_max",
    "feature_names": [
      "front_heave",
      "inv_heave",
      "front_camber",
      "front_heave_perch",
      "fuel"
    ],
    "coefficients": [
      70.08034215768627,
      -0.06795466205059782,
      1603.1755011262162,
      -0.09685764374012522,
      -0.004282855268273059,
      0.00029850607412184265
    ],
    "r_squared": 0.9999693220098136,
    "rmse": 0.015076408908523402,
    "loo_rmse": 0.7404141923177578,
    "n_samples": 36,
    "is_calibrated": true
  },
  "heave_slider_defl_static": {
    "name": "heave_slider_defl_static",
    "feature_names": [
      "front_pushrod",
      "front_heave",
      "front_heave_perch",
      "fuel",
      "front_camber"
    ],
    "coefficients": [
      -0.5383467122213975,
      0.15492724471810088,
      -0.05521633936981074,
      0.7302027148407463,
      0.011687986880484265,
      2.8168522827257463
    ],
    "r_squared": 0.9760783801324304,
    "rmse": 0.2522909138462128,
    "loo_rmse": 0.47463027256786045,
    "n_samples": 36,
    "is_calibrated": true
  },
  "rear_spring_defl_static": {
    "name": "rear_spring_defl_static",
    "feature_names": [
      "rear_third",
      "rear_spring",
      "inv_rear_spring",
      "inv_rear_third",
      "rear_spring_perch",
      "rear_third_perch",
      "rear_pushrod"
    ],
    "coefficients": [
      -13.704571021324428,
      -0.007928193189722793,
      0.009987793590182209,
      1436.266056746,
      287.26875502527315,
      -0.6679905183374981,
      0.6578419648142768,
      0.041280213258673835
    ],
    "r_squared": 0.9920332410451528,
    "rmse": 0.24663816555803683,
    "loo_rmse": 0.8026344055237916,
    "n_samples": 36,
    "is_calibrated": true
  },
  "rear_spring_defl_max": {
    "name": "rear_spring_defl_max",
    "feature_names": [
      "rear_spring",
      "rear_spring_perch"
    ],
    "coefficients": [
      111.69718294791055,
      -0.15290637944808863,
      -0.07195555028762314
    ],
    "r_squared": 0.985435290265496,
    "rmse": 0.5746287085518971,
    "loo_rmse": 0.7581590148857599,
    "n_samples": 36,
    "is_calibrated": true
  },
  "third_spring_defl_static": {
    "name": "third_spring_defl_static",
    "feature_names": [
      "front_heave",
      "rear_third",
      "rear_spring",
      "inv_rear_third",
      "inv_rear_spring",
      "rear_third_perch",
      "rear_spring_perch",
      "rear_pushrod",
      "fuel"
    ],
    "coefficients": [
      -23.85622446921617,
      0.005440532819911914,
      -0.009461870858809004,
      0.01453314486788298,
      363.0960975750909,
      1815.8025774649539,
      -0.20254362773356832,
      0.44226353951927494,
      0.030755404634430362,
      0.007264254430321628
    ],
    "r_squared": 0.990499110223444,
    "rmse": 0.3621707159119429,
    "loo_rmse": 1.3321795920633774,
    "n_samples": 36,
    "is_calibrated": true
  },
  "third_spring_defl_max": {
    "name": "third_spring_defl_max",
    "feature_names": [
      "front_heave",
      "rear_third",
      "inv_rear_third",
      "rear_third_perch"
    ],
    "coefficients": [
      25.72003823718719,
      -0.0046398522003114895,
      -0.08318789939459727,
      1503.607058354136,
      0.4872322761815258
    ],
    "r_squared": 0.9987507326229904,
    "rmse": 0.44128707814875895,
    "loo_rmse": 1.0222666193532586,
    "n_samples": 36,
    "is_calibrated": true
  },
  "third_slider_defl_static": {
    "name": "third_slider_defl_static",
    "feature_names": [
      "third_spring_defl"
    ],
    "coefficients": [
      29.570307701336056,
      0.7868586295260264
    ],
    "r_squared": 0.8544433292664987,
    "rmse": 1.2067083804306593,
    "loo_rmse": 1.51251003801156,
    "n_samples": 36,
    "is_calibrated": true
  },
  "torsion_bar_defl_direct": null,
  "front_heave_lookup": null,
  "rear_heave_lookup": null,
  "front_torsion_lookup": null,
  "rear_torsion_lookup": null,
  "m_eff_front_kg": null,
  "m_eff_rear_kg": 833.4195864948863,
  "m_eff_is_rate_dependent": true,
  "m_eff_rate_table": [
    {
      "setting": 150.0,
      "m_eff_kg": 878.1845622099523
    },
    {
      "setting": 150.0,
      "m_eff_kg": 1222.1052876439492
    },
    {
      "setting": 150.0,
      "m_eff_kg": 1578.0045384057264
    },
    {
      "setting": 150.0,
      "m_eff_kg": 2058.117352800134
    },
    {
      "setting": 170.0,
      "m_eff_kg": 792.6408167518397
    },
    {
      "setting": 180.0,
      "m_eff_kg": 690.2694850129556
    },
    {
      "setting": 180.0,
      "m_eff_kg": 770.066692674716
    },
    {
      "setting": 180.0,
      "m_eff_kg": 962.638701999593
    },
    {
      "setting": 180.0,
      "m_eff_kg": 1011.6466837896783
    },
    {
      "setting": 180.0,
      "m_eff_kg": 1124.3073355829583
    },
    {
      "setting": 180.0,
      "m_eff_kg": 1171.3387035863952
    },
    {
      "setting": 180.0,
      "m_eff_kg": 1205.8005952096648
    },
    {
      "setting": 180.0,
      "m_eff_kg": 1396.5870505349717
    },
    {
      "setting": 180.0,