{
  "car": "porsche",
  "n_sessions": 60,
  "n_unique_setups": 36,
  "calibration_complete": true,
  "front_ride_height": {
    "name": "front_ride_height",
    "feature_names": [
      "front_pushrod",
      "rear_pushrod",
      "front_heave",
      "rear_third",
      "rear_spring",
      "front_heave_perch",
      "rear_third_perch",
      "rear_spring_perch",
      "front_camber",
      "fuel",
      "inv_front_heave",
      "inv_rear_third",
      "inv_rear_spring",
      "rear_camber"
    ],
    "coefficients": [
      104.72218899068929,
      0.5535459429353137,
      0.002288109763949505,
      0.002353299293370828,
      -0.00014890870171497614,
      -0.0008963906722479576,
      -0.6679245483333783,
      0.005016863294201336,
      0.003935835201344,
      1.581929855651009,
      -0.012319788531108745,
      -1845.4571917672565,
      -8.56330126202965,
      -36.98070770934178,
      -0.14494740388149213
    ],
    "r_squared": 0.9998788037415242,
    "rmse": 0.009926695888678616,
    "loo_rmse": 1.1180448548111719,
    "n_samples": 36,
    "is_calibrated": true
  },
  "rear_ride_height": {
    "name": "rear_ride_height",
    "feature_names": [
      "front_pushrod",
      "rear_pushrod",
      "front_heave",
      "rear_third",
      "rear_spring",
      "front_heave_perch",
      "rear_third_perch",
      "rear_spring_perch",
      "front_camber",
      "fuel",
      "inv_front_heave",
      "inv_rear_third",
      "inv_rear_spring",
      "rear_camber"
    ],
    "coefficients": [
      178.9513019619873,
      -0.05003047518391318,
      0.391123266360737,
      -0.00013315882277884644,
      0.009257969803923198,
      -0.00710294004537277,
      0.18276715267143764,
      -0.7608246663539329,
      -0.44200004450621094,
      2.7991971514057923,
      -0.0033656439428087414,
      143.0778749808606,
      -338.3277891854804,
      -1533.0069289959156,
      -1.292709967970268
    ],
    "r_squared": 0.9814411622951674,
    "rmse": 0.18584455184364423,
    "loo_rmse": 3.032923377814932,
    "n_samples": 36,
    "is_calibrated": true
  },
  "torsion_bar_turns": null,
  "torsion_bar_defl": null,
  "front_shock_defl_static": null,
  "front_shock_defl_max": null,
  "rear_shock_defl_static": {
    "name": "rear_shock_defl_static",
    "feature_names": [
      "front_pushrod",
      "rear_pushrod",
      "front_heave",
      "rear_third",
      "rear_spring",
      "front_heave_perch",
      "rear_third_perch",
      "rear_spring_perch",
      "front_camber",
      "fuel",
      "inv_front_heave",
      "inv_rear_third",
      "inv_rear_spring",
      "rear_camber"
    ],
    "coefficients": [
      -92.75460582045048,
      0.05627535202247619,
      0.017456779523502577,
      0.0032086393823093705,
      -0.008518014207537327,
      0.006086854023903233,
      -0.1697911145723947,
      0.6967955221615473,
      0.3868903201733019,
      -2.590085398138144,
      -0.00109399338866001,
      12.615640671336854,
      306.4399731234295,
      1399.3787907983497,
      1.7498003592938534
    ],
    "r_squared": 0.9947097127051334,
    "rmse": 0.1942972589203962,
    "loo_rmse": 2.5636126678630453,
    "n_samples": 36,
    "is_calibrated": true
  },
  "rear_shock_defl_max": null,
  "heave_spring_defl_static": {
    "name": "heave_spring_defl_static",
    "feature_names": [
      "front_pushrod",
      "rear_pushrod",
      "front_heave",
      "rear_third",
      "rear_spring",
      "front_heave_perch",
      "rear_third_perch",
      "rear_spring_perch",
      "front_camber",
      "fuel",
      "inv_front_heave",
      "inv_rear_third",
      "inv_rear_spring",
      "rear_camber"
    ],
    "coefficients": [
      9.752114978381798,
      0.0038711874413796185,
      0.002695749828101524,
      -0.005786153020269329,
      -0.00010761603157348383,
      -0.00023786874830654663,
      -0.06369308722051721,
      -0.006962389917618536,
      -0.00021116542536338132,
      -0.02390706724326349,
      0.013268063571612884,
      2525.395966226525,
      -6.607191870506885,
      -12.671174548324734,
      -0.08138842786486207
    ],
    "r_squared": 0.999994093058743,
    "rmse": 0.0042404367077244175,
    "loo_rmse": 0.10339005651915387,
    "n_samples": 36,
    "is_calibrated": true
  },
  "heave_spring_defl_max": {
    "name": "heave_spring_defl_max",
    "feature_names": [
      "front_pushrod",
      "rear_pushrod",
      "front_heave",
      "rear_third",
      "rear_spring",
      "front_heave_perch",
      "rear_third_perch",
      "rear_spring_perch",
      "front_camber",
      "fuel",
      "inv_front_heave",
      "inv_rear_third",
      "inv_rear_spring",
      "rear_camber"
    ],
    "coefficients": [
      71.22485921999625,
      0.004813236785129873,
      7.772245522595776e-06,
      -0.06794829940732289,
      -5.193729237342445e-05,
      -0.0002660757747714604,
      -0.007940201172508998,
      -0.0020709267339674396,
      -0.0037567850054079956,
      -0.13236977466580646,
      4.6497352592016245e-05,
      1599.8864414757206,
      -0.783426753670196,
      -10.51253087527592,
      0.03673905856455726
    ],
    "r_squared": 0.9999764658716747,
    "rmse": 0.013204851287578829,
    "loo_rmse": 0.7581813595021153,
    "n_samples": 36,
    "is_calibrated": true
  },
  "heave_slider_defl_static": {
    "name": "heave_slider_defl_static",
    "feature_names": [
      "front_pushrod",
      "rear_pushrod",
      "front_heave",
      "rear_third",
      "rear_spring",
      "front_heave_perch",
      "rear_third_perch",
      "rear_spring_perch",
      "front_camber",
      "fuel",
      "inv_front_heave",
      "inv_rear_third",
      "inv_rear_spring",
      "rear_camber"
    ],
    "coefficients": [
      -48.64788502161844,
      0.00387118744137821,
      0.0026957498281016535,
      -0.0057861530202689805,
      -0.0001076160315734574,
      -0.00023786874830653652,
      0.9363069127794802,
      -0.0069623899176168335,
      -0.00021116542536967351,
      -0.023907067243559676,
      0.013268063571612657,
      2525.3959662265324,
      -6.607191870508322,
      -12.671174548324641,
      -0.08138842786478337
    ],
    "r_squared": 0.9999932421501856,
    "rmse": 0.004240436707725658,
    "loo_rmse": 0.5138216119998988,
    "n_samples": 36,
    "is_calibrated": true
  },
  "rear_spring_defl_static": {
    "name": "rear_spring_defl_static",
    "feature_names": [
      "front_pushrod",
      "rear_pushrod",
      "front_heave",
      "rear_third",
      "rear_spring",
      "front_heave_perch",
      "rear_third_perch",
      "rear_spring_perch",
      "front_camber",
      "fuel",
      "inv_front_heave",
      "inv_rear_third",
      "inv_rear_spring",
      "rear_camber"
    ],
    "coefficients": [
      -14.954605820450347,
      0.05627535202248205,
      0.017456779523500204,
      0.0032086393823098033,
      -0.00851801420753746,
      0.006086854023903375,
      -0.16979111457239535,
      0.6967955221615469,
      -0.6131096798266985,
      -2.5900853981382896,
      -0.0010939933886600782,
      12.615640671348881,
      306.4399731234279,
      1399.3787907983574,
      1.7498003592939848
    ],
    "r_squared": 0.9950558178579783,
    "rmse": 0.19429725892039415,
    "loo_rmse": 2.3710646734447,
    "n_samples": 36,
    "is_calibrated": true
  },
  "rear_spring_defl_max": {
    "name": "rear_spring_defl_max",
    "feature_names": [
      "front_pushrod",
      "rear_pushrod",
      "front_heave",
      "rear_third",
      "rear_spring",
      "front_heave_perch",
      "rear_third_perch",
      "rear_spring_perch",
      "front_camber",
      "fuel",
      "inv_front_heave",
      "inv_rear_third",
      "inv_rear_spring",
      "rear_camber"
    ],