{
  "car": "porsche",
  "n_sessions": 60,
  "n_unique_setups": 36,
  "calibration_complete": true,
  "front_ride_height": {
    "name": "front_ride_height",
    "feature_names": [
      "front_pushrod",
      "inv_front_heave",
      "front_heave_perch",
      "front_camber",
      "fuel"
    ],
    "coefficients": [
      105.6825811378937,
      0.5537144609430775,
      -1958.0353946013859,
      -0.6695817706408813,
      1.2041895860841128,
      -0.012437589065179454
    ],
    "r_squared": 0.9994047442831293,
    "rmse": 0.021999453801809513,
    "loo_rmse": 1.1210789498717177,
    "n_samples": 36,
    "is_calibrated": true
  },
  "rear_ride_height": {
    "name": "rear_ride_height",
    "feature_names": [
      "rear_pushrod",
      "inv_rear_third",
      "inv_rear_spring",
      "rear_third_perch",
      "rear_spring_perch",
      "fuel"
    ],
    "coefficients": [
      162.61630313660822,
      0.3993431630427057,
      -610.2933611487274,
      -1253.7279796508963,
      -0.49253936751838,
      -0.5161393745785071,
      -0.009221918491379417
    ],
    "r_squared": 0.9052267601400437,
    "rmse": 0.4199690740570994,
    "loo_rmse": 0.5860278507386549,
    "n_samples": 36,
    "is_calibrated": true
  },
  "torsion_bar_turns": null,
  "torsion_bar_defl": null,
  "front_shock_defl_static": null,
  "front_shock_defl_max": null,
  "rear_shock_defl_static": {
    "name": "rear_shock_defl_static",
    "feature_names": [
      "rear_pushrod",
      "inv_rear_third",
      "inv_rear_spring",
      "rear_third_perch",
      "rear_spring_perch"
    ],
    "coefficients": [
      -74.16628663501159,
      0.02130918782660607,
      546.6849273858057,
      1143.9093898721558,
      0.4546364717794744,
      0.4117923872297306
    ],
    "r_squared": 0.9772521027366927,
    "rmse": 0.40290037730526246,
    "loo_rmse": 0.5414089238396774,
    "n_samples": 36,
    "is_calibrated": true
  },
  "rear_shock_defl_max": null,
  "heave_spring_defl_static": {
    "name": "heave_spring_defl_static",
    "feature_names": [
      "inv_heave_nmm",
      "front_heave_perch",
      "inv_od4"
    ],
    "coefficients": [
      3.8668892926138105,
      2775.1606675362177,
      -0.0741575363939776,
      3.8668892926449763
    ],
    "r_squared": 0.992448908554208,
    "rmse": 0.1516121911156276,
    "loo_rmse": 0.1677708211504587,
    "n_samples": 36,
    "is_calibrated": true
  },
  "heave_spring_defl_max": {
    "name": "heave_spring_defl_max",
    "feature_names": [
      "front_heave"
    ],
    "coefficients": [
      85.73719484108703,
      -0.10468678028558248
    ],
    "r_squared": 0.9911276391688967,
    "rmse": 0.25639175428409383,
    "loo_rmse": 0.3968236477570612,
    "n_samples": 36,
    "is_calibrated": true
  },
  "heave_slider_defl_static": {
    "name": "heave_slider_defl_static",
    "feature_names": [
      "front_heave",
      "front_heave_perch",
      "torsion_od"
    ],
    "coefficients": [
      -17.645678276904754,
      -0.06208897528075913,
      0.8185710289668812,
      0.0
    ],
    "r_squared": 0.9305252364018786,
    "rmse": 0.4299518839643662,
    "loo_rmse": 0.7112721357425347,
    "n_samples": 36,
    "is_calibrated": true
  },
  "rear_spring_defl_static": {
    "name": "rear_spring_defl_static",
    "feature_names": [
      "inv_rear_spring",
      "inv_rear_third",
      "rear_spring_perch",
      "rear_third_perch",
      "rear_pushrod"
    ],
    "coefficients": [
      3.6337133651002436,
      1143.909389871996,
      546.684927385729,
      -0.5882076127707853,
      0.45463647177910593,
      0.021309187826454856
    ],
    "r_squared": 0.9787403327741904,
    "rmse": 0.4029003773052643,
    "loo_rmse": 0.541408923848718,
    "n_samples": 36,
    "is_calibrated": true
  },
  "rear_spring_defl_max": {
    "name": "rear_spring_defl_max",
    "feature_names": [
      "rear_spring",
      "rear_spring_perch"
    ],
    "coefficients": [
      111.69718294791055,
      -0.15290637944808863,
      -0.07195555028762314
    ],
    "r_squared": 0.985435290265496,
    "rmse": 0.5746287085518971,
    "loo_rmse": 0.7581590148857599,
    "n_samples": 36,
    "is_calibrated": true
  },
  "third_spring_defl_static": {
    "name": "third_spring_defl_static",
    "feature_names": [
      "inv_rear_third",
      "inv_rear_spring",
      "rear_third_perch",
      "rear_spring_perch",
      "rear_pushrod"
    ],
    "coefficients": [
      3.3983918572201777,
      655.3578719811916,
      1368.8791905457963,
      -0.4631636496687927,
      0.5170560484213388,
      0.016012652701692193
    ],
    "r_squared": 0.976265949755769,
    "rmse": 0.572423059339602,
    "loo_rmse": 0.7604832181059258,
    "n_samples": 36,
    "is_calibrated": true
  },
  "third_spring_defl_max": {
    "name": "third_spring_defl_max",
    "feature_names": [
      "rear_third",
      "rear_third_perch"
    ],
    "coefficients": [
      -66.03529529093633,
      -0.12588160435887352,
      1.3915053539778959
    ],
    "r_squared": 0.966298563909177,
    "rmse": 2.292016368015748,
    "loo_rmse": 4.907027966253474,
    "n_samples": 36,
    "is_calibrated": true
  },
  "third_slider_defl_static": {
    "name": "third_slider_defl_static",
    "feature_names": [
      "third_spring_defl"
    ],
    "coefficients": [
      29.570307701336056,
      0.7868586295260264
    ],
    "r_squared": 0.8544433292664987,
    "rmse": 1.2067083804306593,
    "loo_rmse": 1.51251003801156,
    "n_samples": 36,
    "is_calibrated": true
  },
  "front_heave_lookup": null,
  "rear_heave_lookup": null,
  "front_torsion_lookup": null,
  "rear_torsion_lookup": null,
  "m_eff_front_kg": null,
  "m_eff_rear_kg": 833.4195864948863,
  "m_eff_is_rate_dependent": true,
  "m_eff_rate_table": [
    {
      "setting": 150.0,
      "m_eff_kg": 878.1845622099523
    },
    {
      "setting": 150.0,
      "m_eff_kg": 1222.1052876439492
    },
    {
      "setting": 150.0,
      "m_eff_kg": 1578.0045384057264
    },
    {
      "setting": 150.0,
      "m_eff_kg": 2058.117352800134
    },
    {
      "setting": 170.0,
      "m_eff_kg": 792.6408167518397
    },
    {
      "setting": 180.0,
      "m_eff_kg": 690.2694850129556
    },
    {
      "setting": 180.0,
      "m_eff_kg": 770.066692674716
    },
    {
      "setting": 180.0,
      "m_eff_kg": 962.638701999593
    },
    {
      "setting": 180.0,
      "m_eff_kg": 1011.6466837896783
    },
    {
      "setting": 180.0,
      "m_eff_kg": 1124.3073355829583
    },
    {
      "setting": 180.0,
      "m_eff_kg": 1171.3387035863952
    },
    {
      "setting": 180.0,
      "m_eff_kg": 1205.8005952096648
    },
    {
      "setting": 180.0,
      "m_eff_kg": 1396.5870505349717
    },
    {
      "setting": 180.0,
      "m_eff_kg": 1677.0770165745812
    },
    {
      "setting": 200.0,
      "m_eff_kg": 1561.601220074756
    },
    {
      "setting": 250.0,
      "m_eff_kg": 1496.2300836038341
    }
  ],
  "m_eff_rear_rate_table": [
    {
      "setting": 80.0,
      "m_eff_kg": 329.02958620417274
    },
    {
      "setting": 80.0,
      "m_eff_kg": 833.4087837028965
    },
    {
      "setting": 100.0,
      "m_eff_kg": 841.6980188075074
    },
    {
      "setting": 110.0,
      "m_eff_kg": 464.4065888777793
    },
    {
      "setting": 110.0,
      "m_eff_kg": 487.7563371473708
    },
    {
      "setting": 120.0,
      "m_eff_kg": 369.491898809249
    },
    {
      "setting": 120.0,
      "m_eff_kg": 509.67665013484003
    },
    {
      "setting": 120.0,
      "m_eff_kg": 578.644221793533
    },
    {
      "setting": 120.0,
      "m_eff_kg": 682.4840916976303
    },
    {
      "setting": 120.0,
      "m_eff_kg": 945.740827006682
    },
    {
      "setting": 160.0,
      "m_eff_kg": 548.5607437979774
    },
    {
      "setting": 160.0,
      "m_eff_kg": 725.6824954243382
    },
    {
      "setting": 200.0,
      "m_eff_kg": 1083.7074919822805
    },
    {
      "setting": 250.0,