{
  "car": "porsche",
  "n_sessions": 65,
  "n_unique_setups": 36,
  "calibration_complete": true,
  "front_ride_height": {
    "name": "front_ride_height",
    "feature_names": [
      "rear_pushrod_sq",
      "rear_pushrod",
      "front_heave",
      "fuel_x_inv_third",
      "inv_rear_spring",
      "rear_spring",
      "rear_spring_perch",
      "front_pushrod_sq",
      "front_heave_perch",
      "front_pushrod",
      "fuel",
      "inv_front_heave"
    ],
    "coefficients": [
      104.74189345476947,
      -0.00033106523289824774,
      0.011377603289350816,
      0.00449676444623142,
      0.07482194800235119,
      42.757634443789414,
      0.0010264724110281786,
      -0.0019934232430300044,
      0.003978244558022821,
      -0.6619853749941641,
      0.8434869322938733,
      -0.012780589648545585,
      -1736.6199675821601
    ],
    "r_squared": 0.9992619626910193,
    "rmse": 0.024496231021812982,
    "loo_rmse": 0.07805405863368518,
    "n_samples": 36,
    "is_calibrated": true
  },
  "rear_ride_height": {
    "name": "rear_ride_height",
    "feature_names": [
      "front_camber",
      "rear_camber",
      "fuel_x_inv_spring",
      "rear_third_perch",
      "front_heave_perch",
      "front_heave",
      "rear_spring_perch"
    ],
    "coefficients": [
      16.301427251300908,
      -24.450660660749673,
      11.325335699679224,
      -2.3220187639146963,
      -0.21225377151738556,
      0.05959187843207836,
      -0.003897541355691203,
      0.08805671813791882
    ],
    "r_squared": 0.6047037745385161,
    "rmse": 0.8577007320499948,
    "loo_rmse": 0.99411203888653,
    "n_samples": 36,
    "is_calibrated": false
  },
  "torsion_bar_turns": null,
  "torsion_bar_defl": null,
  "front_shock_defl_static": null,
  "front_shock_defl_max": null,
  "rear_shock_defl_static": {
    "name": "rear_shock_defl_static",
    "feature_names": [
      "rear_pushrod",
      "inv_rear_spring",
      "inv_rear_third",
      "rear_third_perch",
      "rear_spring_perch",
      "rear_pushrod_sq",
      "fuel",
      "fuel_x_inv_spring",
      "front_pushrod_sq"
    ],
    "coefficients": [
      -64.86709346074349,
      -0.16248148054277164,
      -0.0319558583674961,
      606.7901627177655,
      0.41617634640308215,
      0.4450095572985734,
      0.0029015155290788297,
      -0.09847116282759358,
      19.047632226333285,
      0.00010257417613025732
    ],
    "r_squared": 0.9786371479592504,
    "rmse": 0.3904421191724524,
    "loo_rmse": 0.5360664665710179,
    "n_samples": 36,
    "is_calibrated": true
  },
  "rear_shock_defl_max": null,
  "heave_spring_defl_static": {
    "name": "heave_spring_defl_static",
    "feature_names": [
      "inv_front_heave",
      "fuel",
      "front_heave_perch",
      "front_heave",
      "front_pushrod",
      "rear_third_perch",
      "rear_spring",
      "fuel_x_inv_third"
    ],
    "coefficients": [
      10.572333634024108,
      2485.9817914810455,
      0.01324967193164639,
      -0.06441657774291798,
      -0.006469805742426615,
      0.007550231925904427,
      -0.008969322974735405,
      0.00015498818243031565,
      -0.0028681575952083094
    ],
    "r_squared": 0.9999723130973504,
    "rmse": 0.009180502352680813,
    "loo_rmse": 0.01567838608031273,
    "n_samples": 36,
    "is_calibrated": true
  },
  "heave_spring_defl_max": {
    "name": "heave_spring_defl_max",
    "feature_names": [
      "front_heave",
      "inv_front_heave",
      "rear_third",
      "inv_rear_spring",
      "inv_rear_third",
      "rear_pushrod_sq",
      "rear_spring"
    ],
    "coefficients": [
      69.99500739200285,
      -0.0674667005218136,
      1630.9685628562402,
      -8.957446812878425e-05,
      -9.827754451028573,
      -1.9159335485515079,
      1.0316734901809343e-05,
      -0.00022080155502813767
    ],
    "r_squared": 0.999969087015099,
    "rmse": 0.015134041719564874,
    "loo_rmse": 0.03291708601488259,
    "n_samples": 36,
    "is_calibrated": true
  },
  "heave_slider_defl_static": {
    "name": "heave_slider_defl_static",
    "feature_names": [
      "front_heave",
      "front_heave_perch",
      "inv_front_heave",
      "fuel",
      "front_pushrod",
      "rear_third_perch",
      "rear_spring",
      "fuel_x_inv_third"
    ],
    "coefficients": [
      -47.82766636644367,
      -0.00646980574272793,
      0.935583422258557,
      2485.9817914761898,
      0.013249671931052458,
      0.0075502319242987115,
      -0.008969322972801674,
      0.00015498818255514635,
      -0.0028681575959132208
    ],
    "r_squared": 0.999968324734953,
    "rmse": 0.009180502352681027,
    "loo_rmse": 0.015678386081301027,
    "n_samples": 36,
    "is_calibrated": true
  },
  "rear_spring_defl_static": {
    "name": "rear_spring_defl_static",
    "feature_names": [
      "inv_rear_third",
      "inv_rear_spring",
      "rear_spring_perch",
      "rear_third_perch",
      "front_camber",
      "rear_camber",
      "rear_spring",
      "fuel_x_inv_spring",
      "fuel",
      "front_pushrod_sq"
    ],
    "coefficients": [
      1.1061477204800694,
      573.9423679479851,
      0.4480431608045929,
      -0.6447136484658529,
      0.45299236259891984,
      -5.9714918600801745,
      2.051244288362253,
      0.010160361892133096,
      25.629295237958935,
      -0.14088638296821188,
      4.6936331614233495e-05
    ],
    "r_squared": 0.9819813722241958,
    "rmse": 0.37092004163504416,
    "loo_rmse": 0.5101011633834144,
    "n_samples": 36,
    "is_calibrated": true
  },
  "rear_spring_defl_max": {
    "name": "rear_spring_defl_max",
    "feature_names": [
      "rear_spring",
      "inv_rear_spring",
      "rear_spring_perch",
      "rear_pushrod_sq",
      "fuel",
      "fuel_x_inv_spring",
      "front_heave_perch",
      "front_heave"
    ],
    "coefficients": [
      89.86482614530505,
      -0.09018255237677998,
      0.9530869495455343,
      0.03160957806953961,
      -9.48137682350858e-05,
      -0.14537590856716134,
      26.32179145261301,
      0.0009902824704727305,
      -0.00010542985051334788
    ],
    "r_squared": 0.9999316944454432,
    "rmse": 0.039351782893091936,
    "loo_rmse": 0.07026615511347263,
    "n_samples": 36,
    "is_calibrated": true
  },
  "third_spring_defl_static": {
    "name": "third_spring_defl_static",
    "feature_names": [
      "rear_pushrod",
      "rear_third",
      "inv_rear_spring",
      "front_heave_perch",
      "rear_spring",
      "fuel",
      "fuel_x_inv_spring",
      "rear_pushrod_sq",
      "rear_camber",
      "front_heave"
    ],
    "coefficients": [
      14.37210905905613,
      0.38491876942005204,
      -0.014273539408535721,
      0.5458668512930024,
      -0.2546593700431405,
      0.006770046278705602,
      -0.1553376700124674,
      27.028401469105404,
      -0.003861348136686371,
      -2.8269317478059675,
      0.007925246598118302
    ],
    "r_squared": 0.9897181322704646,
    "rmse": 0.3767620905743371,
    "loo_rmse": 0.5024921820415493,
    "n_samples": 36,
    "is_calibrated": true
  },
  "third_spring_defl_max": {
    "name": "third_spring_defl_max",
    "feature_names": [
      "rear_third",
      "inv_rear_third",
      "rear_spring",
      "front_pushrod_sq",
      "front_heave_perch",
      "inv_front_heave",
      "fuel"
    ],
    "coefficients": [
      89.32611197585032,
      -0.07731612853847775,
      1607.9477375132474,
      0.013612254948813329,
      -0.002036460668348339,
      -0.12518730989897972,
      62.15100063838283,
      0.005034599473724593
    ],
    "r_squared": 0.9981009612618507,
    "rmse": 0.5440770698804338,
    "loo_rmse": 0.976112139497029,
    "n_samples": 36,
    "is_calibrated": true
  },
  "third_slider_defl_static": {
    "name": "third_slider_defl_static",
    "feature_names": [
      "third_spring_defl"
    ],
    "coefficients": [
      29.570307701336056,
      0.7868586295260264
    ],
    "r_squared": 0.8544433292664987,
    "rmse": 1.2067083804306593,