{
  "car": "porsche",
  "n_sessions": 62,
  "n_unique_setups": 36,
  "calibration_complete": true,
  "front_ride_height": {
    "name": "front_ride_height",
    "feature_names": [
      "rear_pushrod_sq",
      "rear_pushrod",
      "front_heave",
      "fuel_x_inv_third",
      "inv_rear_spring",
      "rear_spring",
      "rear_spring_perch",
      "front_pushrod_sq",
      "front_heave_perch",
      "front_pushrod",
      "fuel_x_inv_spring",
      "inv_front_heave"
    ],
    "coefficients": [
      104.00061925519546,
      -0.00033106523289805345,
      0.011377603289360978,
      0.00449676444623807,
      0.07482194800161394,
      176.18699037415732,
      0.0010264724110201336,
      -0.0019934232433393446,
      0.003978244558022791,
      -0.6619853749943141,
      0.843486932293897,
      -2.3005061367338016,
      -1736.619967582149
    ],
    "r_squared": 0.9992619626910193,
    "rmse": 0.024496231021813097,
    "loo_rmse": 0.07805405863377313,
    "n_samples": 36,
    "is_calibrated": true
  },
  "rear_ride_height": {
    "name": "rear_ride_height",
    "feature_names": [
      "front_camber",
      "rear_camber",
      "fuel_x_inv_spring",
      "rear_third_perch",
      "front_heave_perch",
      "front_heave",
      "rear_spring_perch"
    ],
    "coefficients": [
      16.301427251295962,
      -24.45066066075157,
      11.325335699679151,
      -2.3220187639145693,
      -0.21225377151739147,
      0.05959187843207453,
      -0.0038975413556868086,
      0.08805671813792307
    ],
    "r_squared": 0.6047037745385164,
    "rmse": 0.8577007320499944,
    "loo_rmse": 0.9941120388865139,
    "n_samples": 36,
    "is_calibrated": false
  },
  "torsion_bar_turns": null,
  "torsion_bar_defl": null,
  "front_shock_defl_static": null,
  "front_shock_defl_max": null,
  "rear_shock_defl_static": {
    "name": "rear_shock_defl_static",
    "feature_names": [
      "rear_pushrod",
      "inv_rear_spring",
      "inv_rear_third",
      "rear_third_perch",
      "rear_spring_perch",
      "rear_pushrod_sq",
      "fuel",
      "fuel_x_inv_spring",
      "front_pushrod_sq"
    ],
    "coefficients": [
      -64.86709346089488,
      -0.16248148054299322,
      -0.03195585023361368,
      606.7901627177785,
      0.416176346403373,
      0.4450095572991031,
      0.002901515529077411,
      -0.09847116282667752,
      19.047632226194263,
      0.00010257417614126916
    ],
    "r_squared": 0.9786371479592498,
    "rmse": 0.3904421191724566,
    "loo_rmse": 0.5360664665715453,
    "n_samples": 36,
    "is_calibrated": true
  },
  "rear_shock_defl_max": null,
  "heave_spring_defl_static": {
    "name": "heave_spring_defl_static",
    "feature_names": [
      "inv_front_heave",
      "fuel",
      "front_heave_perch",
      "front_heave",
      "front_pushrod",
      "rear_third_perch",
      "rear_spring",
      "fuel_x_inv_third"
    ],
    "coefficients": [
      10.572333633144714,
      2485.981791525659,
      0.01324967193141852,
      -0.06441657773536491,
      -0.00646980574136982,
      0.007550231918842085,
      -0.008969322976514966,
      0.00015498818218667154,
      -0.002868157596228785
    ],
    "r_squared": 0.9999723130973504,
    "rmse": 0.009180502352680758,
    "loo_rmse": 0.01567838604854301,
    "n_samples": 36,
    "is_calibrated": true
  },
  "heave_spring_defl_max": {
    "name": "heave_spring_defl_max",
    "feature_names": [
      "front_heave",
      "inv_front_heave",
      "rear_third",
      "inv_rear_spring",
      "inv_rear_third",
      "rear_pushrod_sq",
      "rear_spring"
    ],
    "coefficients": [
      69.99500739187951,
      -0.06746670052234677,
      1630.968562836639,
      -8.957446768675787e-05,
      -9.827754441591294,
      -1.9159335390967405,
      1.031673496875483e-05,
      -0.0002208015545121308
    ],
    "r_squared": 0.999969087015099,
    "rmse": 0.01513404171956381,
    "loo_rmse": 0.03291708599689587,
    "n_samples": 36,
    "is_calibrated": true
  },
  "heave_slider_defl_static": {
    "name": "heave_slider_defl_static",
    "feature_names": [
      "front_heave",
      "front_heave_perch",
      "inv_front_heave",
      "fuel",
      "front_pushrod",
      "rear_third_perch",
      "rear_spring",
      "fuel_x_inv_third"
    ],
    "coefficients": [
      -47.82766636666031,
      -0.0064698057423851485,
      0.9355834222591405,
      2485.981791486134,
      0.013249671931308871,
      0.007550231922653335,
      -0.008969322972678639,
      0.00015498818239365812,
      -0.0028681575955395644
    ],
    "r_squared": 0.999968324734953,
    "rmse": 0.009180502352681474,
    "loo_rmse": 0.01567838607973732,
    "n_samples": 36,
    "is_calibrated": true
  },
  "rear_spring_defl_static": {
    "name": "rear_spring_defl_static",
    "feature_names": [
      "inv_rear_third",
      "inv_rear_spring",
      "rear_spring_perch",
      "rear_third_perch",
      "front_camber",
      "rear_camber",
      "rear_spring",
      "fuel_x_inv_spring",
      "fuel",
      "front_pushrod_sq"
    ],
    "coefficients": [
      1.1061477199053187,
      573.9423679482737,
      0.4480431607151922,
      -0.6447136484649292,
      0.4529923626010831,
      -5.97149186011487,
      2.051244288347335,
      0.010160361892327226,
      25.629295238088044,
      -0.14088638296890013,
      4.693633176832949e-05
    ],
    "r_squared": 0.9819813722241957,
    "rmse": 0.37092004163504466,
    "loo_rmse": 0.5101011633733691,
    "n_samples": 36,
    "is_calibrated": true
  },
  "rear_spring_defl_max": {
    "name": "rear_spring_defl_max",
    "feature_names": [
      "rear_spring",
      "inv_rear_spring",
      "rear_spring_perch",
      "rear_pushrod_sq",
      "fuel",
      "fuel_x_inv_spring",
      "front_heave_perch",
      "front_heave"
    ],
    "coefficients": [
      89.86482614530435,
      -0.09018255237678026,
      0.9530869495833113,
      0.031609578069542024,
      -9.481376823502333e-05,
      -0.14537590856715812,
      26.321791452612324,
      0.0009902824704771753,
      -0.00010542985051320822
    ],
    "r_squared": 0.9999316944454432,
    "rmse": 0.039351782893094794,
    "loo_rmse": 0.07026615511347858,
    "n_samples": 36,
    "is_calibrated": true
  },
  "third_spring_defl_static": {
    "name": "third_spring_defl_static",
    "feature_names": [
      "rear_pushrod",
      "rear_third",
      "inv_rear_spring",
      "front_heave_perch",
      "rear_spring",
      "fuel",
      "fuel_x_inv_spring",
      "rear_pushrod_sq",
      "rear_camber",
      "front_heave"
    ],
    "coefficients": [
      14.372109059056154,
      0.3849187694200613,
      -0.014273539408535488,
      0.5458668512968046,
      -0.2546593700431444,
      0.0067700462787055144,
      -0.15533767001246665,
      27.028401469105273,
      -0.003861348136686493,
      -2.8269317478059524,
      0.007925246598118354
    ],
    "r_squared": 0.9897181322704646,
    "rmse": 0.37676209057433785,
    "loo_rmse": 0.502492182041548,
    "n_samples": 36,
    "is_calibrated": true
  },
  "third_spring_defl_max": {
    "name": "third_spring_defl_max",
    "feature_names": [
      "rear_third",
      "inv_rear_third",
      "rear_spring",
      "front_pushrod_sq",
      "front_heave_perch",
      "inv_front_heave",
      "fuel"
    ],
    "coefficients": [
      89.3261119757458,
      -0.07731612853884258,
      1607.9477375081046,
      0.013612254948055858,
      -0.00203646066822155,
      -0.12518730989727933,
      62.15100063996282,
      0.005034599474437356
    ],
    "r_squared": 0.9981009612618507,
    "rmse": 0.5440770698804356,
    "loo_rmse": 0.9761121394721647,
    "n_samples": 36,
    "is_calibrated": true
  },
  "third_slider_defl_static": {
    "name": "third_slider_defl_static",
    "feature_names": [
      "third_spring_defl"
    ],
    "coefficients": [
      29.570307701336056,
      0.7868586295260264
    ],
    "r_squared": 0.8544433292664987,
    "rmse": 1.2067083804306593,