{
  "car": "porsche",
  "n_sessions": 60,
  "n_unique_setups": 36,
  "calibration_complete": true,
  "front_ride_height": {
    "name": "front_ride_height",
    "feature_names": [
      "front_pushrod",
      "rear_pushrod",
      "front_heave",
      "rear_third",
      "rear_spring",
      "front_heave_perch",
      "rear_third_perch",
      "rear_spring_perch",
      "front_camber",
      "fuel",
      "inv_front_heave",
      "inv_rear_third",
      "inv_rear_spring",
      "rear_camber",
      "front_pushrod_sq",
      "rear_pushrod_sq"
    ],
    "coefficients": [
      100.83343688867747,
      0.32417195165821583,
      0.01898469685207665,
      0.0011095157849714701,
      -0.0002550983233896041,
      -0.0005750882681464112,
      -0.6729437008079132,
      0.009879008417035493,
      0.002946609250240728,
      1.6835704964165616,
      -0.01266091248430195,
      -1910.683888095424,
      -19.374838823320033,
      -28.38807916549803,
      -0.261022280728025,
      -0.003173728263076105,
      -0.00023668336943508927
    ],
    "r_squared": 0.9999138657095802,
    "rmse": 0.00836851022283416,
    "loo_rmse": 1.078620197071375,
    "n_samples": 36,
    "is_calibrated": true
  },
  "rear_ride_height": {
    "name": "rear_ride_height",
    "feature_names": [
      "front_pushrod",
      "rear_pushrod",
      "front_heave",
      "rear_third",
      "rear_spring",
      "front_heave_perch",
      "rear_third_perch",
      "rear_spring_perch",
      "front_camber",
      "fuel",
      "inv_front_heave",
      "inv_rear_third",
      "inv_rear_spring",
      "rear_camber",
      "front_pushrod_sq",
      "rear_pushrod_sq"
    ],
    "coefficients": [
      248.3200276155636,
      4.476244466861306,
      0.4207911575316095,
      0.019466184728526167,
      0.00974721887125358,
      -0.00549855335024404,
      0.21520708928576007,
      -0.7736065560954237,
      -0.45041384346937186,
      2.4884019100705728,
      0.00021822587275356373,
      1206.8013663750744,
      -317.4691771639371,
      -1481.8069749736549,
      -1.7533325787881526,
      0.062471754460391896,
      -0.0007571335943246199
    ],
    "r_squared": 0.9824909502244504,
    "rmse": 0.180511857708206,
    "loo_rmse": 3.621108505365035,
    "n_samples": 36,
    "is_calibrated": true
  },
  "torsion_bar_turns": null,
  "torsion_bar_defl": null,
  "front_shock_defl_static": null,
  "front_shock_defl_max": null,
  "rear_shock_defl_static": {
    "name": "rear_shock_defl_static",
    "feature_names": [
      "front_pushrod",
      "rear_pushrod",
      "front_heave",
      "rear_third",
      "rear_spring",
      "front_heave_perch",
      "rear_third_perch",
      "rear_spring_perch",
      "front_camber",
      "fuel",
      "inv_front_heave",
      "inv_rear_third",
      "inv_rear_spring",
      "rear_camber",
      "front_pushrod_sq",
      "rear_pushrod_sq"
    ],
    "coefficients": [
      -172.37004966788783,
      -5.087958014543193,
      0.021561141734635622,
      -0.01958725842729752,
      -0.00924321421070839,
      0.00510010874790688,
      -0.21367425210039842,
      0.7200807283476258,
      0.3935109669609342,
      -2.058362935633099,
      -0.005498640900202936,
      -1219.8623688164073,
      262.462111815493,
      1364.4376209174686,
      1.9835776717472928,
      -0.07101725504566475,
      0.0002888988849946821
    ],
    "r_squared": 0.9950989029351023,
    "rmse": 0.1870138180663109,
    "loo_rmse": 3.080810165609118,
    "n_samples": 36,
    "is_calibrated": true
  },
  "rear_shock_defl_max": null,
  "heave_spring_defl_static": {
    "name": "heave_spring_defl_static",
    "feature_names": [
      "front_pushrod",
      "rear_pushrod",
      "front_heave",
      "rear_third",
      "rear_spring",
      "front_heave_perch",
      "rear_third_perch",
      "rear_spring_perch",
      "front_camber",
      "fuel",
      "inv_front_heave",
      "inv_rear_third",
      "inv_rear_spring",
      "rear_camber",
      "front_pushrod_sq",
      "rear_pushrod_sq"
    ],
    "coefficients": [
      7.089584903177009,
      -0.16401646976165943,
      0.005958448346550776,
      -0.006573196325021951,
      -0.0001452764829115428,
      -0.00020086063439310575,
      -0.06570549189942343,
      -0.005477957659747996,
      -0.00023844836899452733,
      0.008211654904863523,
      0.013096892371402873,
      2483.2264672367496,
      -9.719342981627092,
      -11.888331498655065,
      -0.09772594352053858,
      -0.002319084037161788,
      -3.7855337977965184e-05
    ],
    "r_squared": 0.9999955590915064,
    "rmse": 0.003676759063311344,
    "loo_rmse": 0.0761458810679374,
    "n_samples": 36,
    "is_calibrated": true
  },
  "heave_spring_defl_max": {
    "name": "heave_spring_defl_max",
    "feature_names": [
      "front_pushrod",
      "rear_pushrod",
      "front_heave",
      "rear_third",
      "rear_spring",
      "front_heave_perch",
      "rear_third_perch",
      "rear_spring_perch",
      "front_camber",
      "fuel",
      "inv_front_heave",
      "inv_rear_third",
      "inv_rear_spring",
      "rear_camber",
      "front_pushrod_sq",
      "rear_pushrod_sq"
    ],
    "coefficients": [
      84.09935652836451,
      0.861319762407902,
      0.017910946726795735,
      -0.0644087055283089,
      -1.431761839411395e-05,
      0.0003093721144809164,
      -0.004080630297657121,
      -0.00164396815636377,
      -0.006304778881821297,
      -0.13318594299722641,
      0.0006169692794088393,
      1793.5302783722639,
      -3.4228392012107123,
      6.729937276594339,
      -0.14456265111788663,
      0.01181618716075345,
      -0.0003289942695911428
    ],
    "r_squared": 0.9999859063941625,
    "rmse": 0.010218696875683646,
    "loo_rmse": 0.8915258603108465,
    "n_samples": 36,
    "is_calibrated": true
  },
  "heave_slider_defl_static": {
    "name": "heave_slider_defl_static",
    "feature_names": [
      "front_pushrod",
      "rear_pushrod",
      "front_heave",
      "rear_third",
      "rear_spring",
      "front_heave_perch",
      "rear_third_perch",
      "rear_spring_perch",
      "front_camber",
      "fuel",
      "inv_front_heave",
      "inv_rear_third",
      "inv_rear_spring",
      "rear_camber",
      "front_pushrod_sq",
      "rear_pushrod_sq"
    ],
    "coefficients": [
      -51.310415096823434,
      -0.16401646976184017,
      0.005958448346198208,
      -0.00657319632502547,
      -0.00014527648291367442,
      -0.00020086063439136683,
      0.9342945081006563,
      -0.0054779576598323245,
      -0.00023844836892607956,
      0.008211654904765848,
      0.013096892371411756,
      2483.2264672367487,
      -9.719342981628532,
      -11.888331498654402,
      -0.09772594352051268,
      -0.0023190840371637577,
      -3.7855337972164994e-05
    ],
    "r_squared": 0.999994919368361,
    "rmse": 0.003676759063312592,
    "loo_rmse": 0.5418839358986657,
    "n_samples": 36,
    "is_calibrated": true
  },
  "rear_spring_defl_static": {
    "name": "rear_spring_defl_static",
    "feature_names": [
      "front_pushrod",
      "rear_pushrod",
      "front_heave",
      "rear_third",
      "rear_spring",
      "front_heave_perch",
      "rear_third_perch",
      "rear_spring_perch",
      "front_camber",
      "fuel",
      "inv_front_heave",
      "inv_rear_third",
      "inv_rear_spring",
      "rear_camber",
      "front_pushrod_sq",
      "rear_pushrod_sq"
    ],
    "coefficients": [
      -94.57004966789064,
      -5.087958014543293,
      0.021561141734787622,
      -0.019587258427296743,
      -0.00924321421070784,
      0.005100108747906162,
      -0.2136742521004373,
      0.7200807283476672,
      -0.6064890330390966,
      -2.0583629356330757,
      -0.00549864090020708,
      -1219.8623688164412,
      262.462111815488,
      1364.4376209174795,
      1.9835776717474374,
      -0.07101725504566833,
      0.00028889888499125736
    ],
    "r_squared": 0.9954195461921137,
    "rmse": 0.18701381806631545,