{
  "car": "porsche",
  "n_sessions": 60,
  "n_unique_setups": 36,
  "calibration_complete": true,
  "front_ride_height": {
    "name": "front_ride_height",
    "feature_names": [
      "front_pushrod",
      "rear_pushrod",
      "front_heave",
      "rear_third",
      "rear_spring",
      "front_heave_perch",
      "rear_third_perch",
      "rear_spring_perch",
      "front_camber",
      "fuel",
      "inv_front_heave",
      "inv_rear_third",
      "inv_rear_spring"
    ],
    "coefficients": [
      104.34691408932252,
      0.5557032858470011,
      -0.00025492102385418146,
      0.0024180271104027777,
      -9.193036523633844e-05,
      -0.0008487614565636074,
      -0.6685680378836368,
      0.004573338291454431,
      0.005332327253900682,
      1.353136751097678,
      -0.012455706446758617,
      -1845.857302048443,
      -3.2719988737764214,
      -30.329488090529214
    ],
    "r_squared": 0.9998593798595662,
    "rmse": 0.010692613637587485,
    "loo_rmse": 1.1140617196139426,
    "n_samples": 36,
    "is_calibrated": true
  },
  "rear_ride_height": {
    "name": "rear_ride_height",
    "feature_names": [
      "front_pushrod",
      "rear_pushrod",
      "front_heave",
      "rear_third",
      "rear_spring",
      "front_heave_perch",
      "rear_third_perch",
      "rear_spring_perch",
      "front_camber",
      "fuel",
      "inv_front_heave",
      "inv_rear_third",
      "inv_rear_spring"
    ],
    "coefficients": [
      175.60442169553616,
      -0.03079026382725769,
      0.3684433068704945,
      0.0004441146711932427,
      0.00976612974022832,
      -0.006678160020121413,
      0.1770282064493494,
      -0.7647802335233997,
      -0.4295454634086452,
      0.758711299718192,
      -0.004577824635124926,
      139.50950097101912,
      -291.137434907562,
      -1473.6881852989254
    ],
    "r_squared": 0.9807661857673864,
    "rmse": 0.18919391126455049,
    "loo_rmse": 3.0458157267668473,
    "n_samples": 36,
    "is_calibrated": true
  },
  "torsion_bar_turns": null,
  "torsion_bar_defl": null,
  "front_shock_defl_static": null,
  "front_shock_defl_max": null,
  "rear_shock_defl_static": {
    "name": "rear_shock_defl_static",
    "feature_names": [
      "front_pushrod",
      "rear_pushrod",
      "front_heave",
      "rear_third",
      "rear_spring",
      "front_heave_perch",
      "rear_third_perch",
      "rear_spring_perch",
      "front_camber",
      "fuel",
      "inv_front_heave",
      "inv_rear_third",
      "inv_rear_spring"
    ],
    "coefficients": [
      -88.2242993806044,
      0.03023197835093644,
      0.048156164728297146,
      0.0024272472741107523,
      -0.009205854837807587,
      0.005511875676693281,
      -0.16202292958876346,
      0.7021497416120364,
      0.3700319134004412,
      0.17189754071324503,
      0.0005468032815122356,
      17.44575901128917,
      242.563542279198,
      1319.085483246292
    ],
    "r_squared": 0.9943871914939306,
    "rmse": 0.2001322867639772,
    "loo_rmse": 2.611939931748849,
    "n_samples": 36,
    "is_calibrated": true
  },
  "rear_shock_defl_max": null,
  "heave_spring_defl_static": {
    "name": "heave_spring_defl_static",
    "feature_names": [
      "front_pushrod",
      "rear_pushrod",
      "front_heave",
      "rear_third",
      "rear_spring",
      "front_heave_perch",
      "rear_third_perch",
      "rear_spring_perch",
      "front_camber",
      "fuel",
      "inv_front_heave",
      "inv_rear_third",
      "inv_rear_spring"
    ],
    "coefficients": [
      9.541396928791421,
      0.005082542341484756,
      0.0012678299600069067,
      -0.0057498081453278465,
      -7.562251458631804e-05,
      -0.00021112479235361271,
      -0.06405440864774678,
      -0.007211430616007195,
      0.0005729692996376581,
      -0.15237512246390097,
      0.013191745230082071,
      2525.171303032198,
      -3.636108765851277,
      -8.936493597432973
    ],
    "r_squared": 0.9999924573643324,
    "rmse": 0.004791713293171265,
    "loo_rmse": 0.10102385386630644,
    "n_samples": 36,
    "is_calibrated": true
  },
  "heave_spring_defl_max": {
    "name": "heave_spring_defl_max",
    "feature_names": [
      "front_pushrod",
      "rear_pushrod",
      "front_heave",
      "rear_third",
      "rear_spring",
      "front_heave_perch",
      "rear_third_perch",
      "rear_spring_perch",
      "front_camber",
      "fuel",
      "inv_front_heave",
      "inv_rear_third",
      "inv_rear_spring"
    ],
    "coefficients": [
      71.31997818184003,
      0.004266426387331131,
      0.0006523409272841061,
      -0.06796470562776567,
      -6.637929260738538e-05,
      -0.0002781481023711463,
      -0.007777099249747261,
      -0.001958508776733436,
      -0.0041107465247608495,
      -0.07437878591921818,
      8.094775411209946e-05,
      1599.9878553310696,
      -2.1245854299849234,
      -12.198380642555517
    ],
    "r_squared": 0.9999763289341401,
    "rmse": 0.013243212959327911,
    "loo_rmse": 0.7594741949528524,
    "n_samples": 36,
    "is_calibrated": true
  },
  "heave_slider_defl_static": {
    "name": "heave_slider_defl_static",
    "feature_names": [
      "front_pushrod",
      "rear_pushrod",
      "front_heave",
      "rear_third",
      "rear_spring",
      "front_heave_perch",
      "rear_third_perch",
      "rear_spring_perch",
      "front_camber",
      "fuel",
      "inv_front_heave",
      "inv_rear_third",
      "inv_rear_spring"
    ],
    "coefficients": [
      -48.85860307120853,
      0.005082542341486307,
      0.0012678299600072515,
      -0.0057498081453278204,
      -7.562251458651321e-05,
      -0.0002111247923536612,
      0.9359455913522517,
      -0.0072114306160046705,
      0.000572969299640728,
      -0.15237512246370208,
      0.013191745230081967,
      2525.1713030322067,
      -3.6361087658534927,
      -8.936493597432927
    ],
    "r_squared": 0.99999137083021,
    "rmse": 0.004791713293172119,
    "loo_rmse": 0.5165945184250608,
    "n_samples": 36,
    "is_calibrated": true
  },
  "rear_spring_defl_static": {
    "name": "rear_spring_defl_static",
    "feature_names": [
      "front_pushrod",
      "rear_pushrod",
      "front_heave",
      "rear_third",
      "rear_spring",
      "front_heave_perch",
      "rear_third_perch",
      "rear_spring_perch",
      "front_camber",
      "fuel",
      "inv_front_heave",
      "inv_rear_third",
      "inv_rear_spring"
    ],
    "coefficients": [
      -10.424299380604447,
      0.03023197835093388,
      0.04815616472829782,
      0.0024272472741109974,
      -0.00920585483780767,
      0.005511875676693437,
      -0.1620229295887618,
      0.7021497416120346,
      -0.6299680865995596,
      0.17189754071326518,
      0.0005468032815123831,
      17.445759011301128,
      242.56354227919135,
      1319.085483246293
    ],
    "r_squared": 0.9947543968719386,
    "rmse": 0.2001322867639748,
    "loo_rmse": 2.4428992191597616,
    "n_samples": 36,
    "is_calibrated": true
  },
  "rear_spring_defl_max": {
    "name": "rear_spring_defl_max",
    "feature_names": [
      "front_pushrod",
      "rear_pushrod",
      "front_heave",
      "rear_third",
      "rear_spring",
      "front_heave_perch",
      "rear_third_perch",
      "rear_spring_perch",
      "front_camber",
      "fuel",
      "inv_front_heave",
      "inv_rear_third",
      "inv_rear_spring"
    ],
    "coefficients": [
      79.60455976831355,
      -0.007925629934872183,
      -0.008365417024292214,
      -0.0001583316952335515,
      -0.00013024225754816848,
      -0.08894462895277114,
      0.008608698084022346,
      -0.004724709985182261,
      0.028981941264208253,
      -0.5302671703852081,
      0.0011163050461883495,
      10.23388384515585,
      2.6513502425185314,
      1568.0340449701496
    ],
    "r_squared": 0.9999461574341242,
    "rmse": 0.034938099454283576,
    "loo_rmse": 0.902794760414931,
    "n_samples": 36,
    "is_calibrated": true
  },