{
  "car": "porsche",
  "n_sessions": 76,
  "n_unique_setups": 40,
  "calibration_complete": true,
  "front_ride_height": {
    "name": "front_ride_height",
    "feature_names": [
      "rear_pushrod_sq",
      "rear_pushrod",
      "rear_third_perch",
      "fuel_x_inv_spring",
      "rear_spring",
      "front_heave_perch",
      "fuel_x_inv_third",
      "inv_rear_third",
      "rear_spring_perch"
    ],
    "coefficients": [
      31.55531918292658,
      0.006092814149565183,
      -0.34148134345146713,
      -0.07862512650574793,
      1.078940549932554,
      -0.00021966577662419287,
      -0.00944364915044673,
      0.38197360973618655,
      50.89543138523617,
      0.12452809040328311
    ],
    "r_squared": 0.2300026869716857,
    "rmse": 0.7540842231948693,
    "loo_rmse": 0.8570029786148439,
    "n_samples": 40,
    "is_calibrated": false
  },
  "rear_ride_height": {
    "name": "rear_ride_height",
    "feature_names": [
      "inv_rear_third",
      "inv_rear_spring",
      "rear_pushrod",
      "rear_third_perch",
      "rear_spring_perch",
      "rear_pushrod_sq",
      "fuel",
      "fuel_x_inv_spring",
      "front_heave",
      "front_heave_perch"
    ],
    "coefficients": [
      146.25315653785287,
      -669.872013209797,
      0.4582884963440271,
      0.5869806535135034,
      -0.45844522659388076,
      -0.49444672350746544,
      -0.0031683327368909886,
      0.10557598802617463,
      -20.544697779937074,
      -0.003712281906160797,
      0.028709820560010257
    ],
    "r_squared": 0.91447933773706,
    "rmse": 0.3802826651091164,
    "loo_rmse": 0.5210039389166397,
    "n_samples": 40,
    "is_calibrated": true
  },
  "torsion_bar_turns": null,
  "torsion_bar_defl": null,
  "front_shock_defl_static": null,
  "front_shock_defl_max": null,
  "rear_shock_defl_static": {
    "name": "rear_shock_defl_static",
    "feature_names": [
      "rear_pushrod",
      "inv_rear_spring",
      "inv_rear_third",
      "rear_third_perch",
      "rear_spring_perch",
      "rear_pushrod_sq",
      "fuel",
      "fuel_x_inv_spring",
      "front_heave",
      "front_heave_perch"
    ],
    "coefficients": [
      -64.68260214470418,
      -0.124024755331296,
      -0.028342307585085585,
      599.0190835654512,
      0.43469543121077564,
      0.42960579343597793,
      0.002338867530103969,
      -0.10256116078306061,
      19.197748179156164,
      0.003403099718462442,
      -0.029014511467838375
    ],
    "r_squared": 0.9804392256286093,
    "rmse": 0.36646864038487115,
    "loo_rmse": 0.4990499085228291,
    "n_samples": 40,
    "is_calibrated": true
  },
  "rear_shock_defl_max": null,
  "heave_spring_defl_static": {
    "name": "heave_spring_defl_static",
    "feature_names": [
      "inv_front_heave",
      "fuel",
      "front_heave_perch",
      "front_heave",
      "rear_pushrod_sq",
      "rear_camber",
      "rear_spring_perch"
    ],
    "coefficients": [
      8.387930782435737,
      2503.2322825611536,
      0.013469393193645374,
      -0.05808934446133662,
      -0.006045552728096482,
      2.5216314043063903e-05,
      -0.056332911886465276,
      0.0016522053791163671
    ],
    "r_squared": 0.9999467275423539,
    "rmse": 0.014445341243701395,
    "loo_rmse": 0.022247532466024282,
    "n_samples": 40,
    "is_calibrated": true
  },
  "heave_spring_defl_max": {
    "name": "heave_spring_defl_max",
    "feature_names": [
      "front_heave",
      "inv_front_heave",
      "rear_third",
      "front_heave_perch",
      "fuel_x_inv_third",
      "inv_rear_third",
      "rear_spring"
    ],
    "coefficients": [
      70.43397982962435,
      -0.06783899840485075,
      1611.5234037914606,
      -9.475900312577723e-05,
      -0.006420322404133988,
      -0.004585529715459036,
      -1.0028117563007637,
      8.98603503547285e-05
    ],
    "r_squared": 0.9999769916090671,
    "rmse": 0.015214162484094445,
    "loo_rmse": 0.023881245524662385,
    "n_samples": 40,
    "is_calibrated": true
  },
  "heave_slider_defl_static": {
    "name": "heave_slider_defl_static",
    "feature_names": [
      "inv_front_heave",
      "front_heave_perch",
      "fuel",
      "front_heave",
      "rear_pushrod_sq",
      "rear_camber",
      "rear_spring_perch"
    ],
    "coefficients": [
      -50.01206921972384,
      2503.2322826417644,
      0.9419106555647261,
      0.013469393194810664,
      -0.006045552727528047,
      2.5216314043063903e-05,
      -0.05633291188713496,
      0.0016522053794574276
    ],
    "r_squared": 0.9999152443487531,
    "rmse": 0.014445341243702246,
    "loo_rmse": 0.02224753243964377,
    "n_samples": 40,
    "is_calibrated": true
  },
  "rear_spring_defl_static": {
    "name": "rear_spring_defl_static",
    "feature_names": [
      "inv_rear_third",
      "inv_rear_spring",
      "rear_spring_perch",
      "rear_third_perch",
      "front_camber",
      "fuel_x_inv_spring",
      "fuel",
      "rear_spring",
      "front_heave",
      "front_heave_perch",
      "rear_camber",
      "inv_front_heave"
    ],
    "coefficients": [
      -0.366323990582517,
      585.3188964062299,
      0.4521484368061205,
      -0.6397719315100119,
      0.4710453115630173,
      -5.96626214220572,
      26.341828381852075,
      -0.14736897043322017,
      0.011331440837693663,
      0.005005320316342932,
      -0.03076876656697891,
      2.2939244594261674,
      9.731774933663402
    ],
    "r_squared": 0.9839026248464006,
    "rmse": 0.34040098426826293,
    "loo_rmse": 0.4924911433114171,
    "n_samples": 40,
    "is_calibrated": true
  },
  "rear_spring_defl_max": {
    "name": "rear_spring_defl_max",
    "feature_names": [
      "rear_spring",
      "inv_rear_spring",
      "rear_spring_perch",
      "rear_pushrod_sq",
      "fuel",
      "fuel_x_inv_spring",
      "front_heave_perch",
      "front_heave",
      "rear_camber"
    ],
    "coefficients": [
      90.19799653634702,
      -0.09032573248390023,
      0.9533825520609669,
      0.028567821926517654,
      -8.7422268809631e-05,
      -0.14501647985712388,
      26.231583488976177,
      -0.00039867084224354775,
      -0.00016513481025695956,
      -0.049189091503688935
    ],
    "r_squared": 0.9999300653593737,
    "rmse": 0.03790145722318349,
    "loo_rmse": 0.06893171573128308,
    "n_samples": 40,
    "is_calibrated": true
  },
  "third_spring_defl_static": {
    "name": "third_spring_defl_static",
    "feature_names": [
      "rear_pushrod",
      "rear_third",
      "inv_rear_spring",
      "fuel_x_inv_third",
      "front_pushrod",
      "rear_camber",
      "front_camber",
      "rear_spring"
    ],
    "coefficients": [
      -3.7701033886167394,
      0.17086969061632673,
      -0.014508788989539972,
      1473.6136046972251,
      0.6749462549966543,
      -0.13016069308309836,
      -3.6519081388895454,
      2.6545819739939405,
      0.004746294807843193
    ],
    "r_squared": 0.9832450248220994,
    "rmse": 0.4631961824426643,
    "loo_rmse": 0.5751527278508926,
    "n_samples": 40,
    "is_calibrated": true
  },
  "third_spring_defl_max": {
    "name": "third_spring_defl_max",
    "feature_names": [
      "rear_third",
      "inv_rear_third",
      "rear_third_perch",
      "front_heave_perch",
      "fuel",
      "rear_spring",
      "front_pushrod_sq",
      "inv_front_heave"
    ],
    "coefficients": [
      37.826701931302935,
      -0.0830777481319904,
      1506.3307813742642,
      0.44292452583746106,
      -0.13390551179474686,
      0.003555449915170362,
      0.004536665420324493,
      -0.0006537698894632724,
      31.02450058405085
    ],
    "r_squared": 0.9990038042212392,
    "rmse": 0.38121557439256454,
    "loo_rmse": 0.6952823493145455,
    "n_samples": 40,
    "is_calibrated": true
  },
  "third_slider_defl_static": {
    "name": "third_slider_defl_static",
    "feature_names": [
      "third_spring_defl"
    ],
    "coefficients": [
      29.301436136020993,
      0.801286684943756
    ],