{
  "car": "porsche",
  "track": "algarve",
  "n_sessions": 117,
  "n_unique_setups": 40,
  "calibration_complete": true,
  "front_ride_height": {
    "name": "front_ride_height",
    "feature_names": [
      "rear_pushrod_sq",
      "rear_pushrod",
      "rear_third_perch",
      "fuel_x_inv_spring",
      "front_pushrod_sq",
      "front_heave_perch",
      "inv_front_heave",
      "fuel",
      "rear_camber",
      "rear_third",
      "inv_rear_spring"
    ],
    "coefficients": [
      91.76582903954875,
      -0.000248693154379101,
      0.009202868710389075,
      0.012587103640731971,
      0.4096289738196037,
      -0.007684203161185371,
      -0.67401273658262,
      -1982.0201018480477,
      -0.015119843014161654,
      0.2775452451862774,
      -9.388607778688735e-05,
      0.5168741781009585
    ],
    "r_squared": 0.9990116521975867,
    "rmse": 0.027001814692100043,
    "loo_rmse": 0.06232562238051642,
    "n_samples": 40,
    "is_calibrated": true,
    "q_squared": 0.9947342874938025,
    "pool_fallback_used": true
  },
  "rear_ride_height": {
    "name": "rear_ride_height",
    "feature_names": [
      "inv_rear_third",
      "inv_rear_spring",
      "rear_pushrod",
      "rear_third_perch",
      "rear_spring_perch",
      "rear_pushrod_sq",
      "fuel_x_inv_spring",
      "fuel_x_inv_third",
      "front_heave",
      "fuel",
      "front_heave_perch",
      "inv_front_heave"
    ],
    "coefficients": [
      146.56730268454615,
      -926.336067282948,
      0.450116876462907,
      0.6293087468156604,
      -0.4853562272741031,
      -0.4983152073481906,
      -0.003771777531808599,
      -21.11998150397606,
      4.041086736746486,
      0.005570709431428681,
      0.08668401133186716,
      0.02506689471847587,
      479.2066305527011
    ],
    "r_squared": 0.9216040616812676,
    "rmse": 0.36546226910449997,
    "loo_rmse": 0.5182745329534217,
    "n_samples": 40,
    "is_calibrated": true,
    "q_squared": 0.8423375729892257,
    "pool_fallback_used": true
  },
  "torsion_bar_turns": null,
  "torsion_bar_defl": null,
  "front_shock_defl_static": null,
  "front_shock_defl_max": null,
  "rear_shock_defl_static": {
    "name": "rear_shock_defl_static",
    "feature_names": [
      "rear_pushrod",
      "inv_rear_spring",
      "inv_rear_third",
      "rear_third_perch",
      "rear_spring_perch",
      "rear_pushrod_sq",
      "fuel",
      "fuel_x_inv_spring",
      "fuel_x_inv_third",
      "front_heave",
      "front_heave_perch"
    ],
    "coefficients": [
      -67.11507701846888,
      -0.15063432031614427,
      -0.041013322670517265,
      807.0310715867226,
      0.4318110654625815,
      0.44113801008447984,
      0.002723947589148843,
      -0.08511054905260197,
      19.246723723844443,
      -3.436985604835299,
      0.003459014345128363,
      -0.013128538709213428
    ],
    "r_squared": 0.9810546751501841,
    "rmse": 0.35876214172005116,
    "loo_rmse": 0.5097251900675663,
    "n_samples": 40,
    "is_calibrated": true,
    "q_squared": 0.9617562004350428,
    "pool_fallback_used": true
  },
  "rear_shock_defl_max": null,
  "heave_spring_defl_static": {
    "name": "heave_spring_defl_static",
    "feature_names": [
      "inv_front_heave",
      "fuel",
      "front_heave_perch",
      "front_heave",
      "rear_spring_perch",
      "rear_pushrod_sq"
    ],
    "coefficients": [
      8.105756615592355,
      2525.0890228809008,
      0.013333844394967886,
      -0.05284964872538721,
      -0.005520534892861399,
      0.0003661432400987786,
      2.303614258165605e-05
    ],
    "r_squared": 0.999910113696485,
    "rmse": 0.01910216970215792,
    "loo_rmse": 0.030752464311759112,
    "n_samples": 40,
    "is_calibrated": true,
    "q_squared": 0.9997670364534381,
    "pool_fallback_used": true
  },
  "heave_spring_defl_max": {
    "name": "heave_spring_defl_max",
    "feature_names": [
      "front_heave",
      "inv_front_heave",
      "front_heave_perch",
      "rear_third",
      "inv_rear_third",
      "rear_spring",
      "rear_pushrod"
    ],
    "coefficients": [
      70.46475438271429,
      -0.06779115688475056,
      1611.4182886862275,
      -0.007290602997878119,
      -0.00011000907841847375,
      -3.2343734170364375,
      0.00013922284462486881,
      0.0009145354826776429
    ],
    "r_squared": 0.9999803187618386,
    "rmse": 0.014071199957506915,
    "loo_rmse": 0.021229044194290305,
    "n_samples": 40,
    "is_calibrated": true,
    "q_squared": 0.9999552027834823,
    "pool_fallback_used": true
  },
  "heave_slider_defl_static": {
    "name": "heave_slider_defl_static",
    "feature_names": [
      "front_pushrod",
      "front_heave",
      "front_heave_perch",
      "front_camber",
      "fuel",
      "inv_front_heave",
      "front_pushrod_sq"
    ],
    "coefficients": [
      -51.34225968167461,
      -0.03221700153714747,
      -0.0054021570336418275,
      0.9469797276208879,
      -0.17897528521222125,
      0.013388228635195055,
      2532.4749956790374,
      -0.00047003297731576516
    ],
    "r_squared": 0.9998412016932687,
    "rmse": 0.01976066911222587,
    "loo_rmse": 0.5166049463502512,
    "n_samples": 40,
    "is_calibrated": false,
    "q_squared": 0.8914675278887773,
    "pool_fallback_used": false
  },
  "rear_spring_defl_static": {
    "name": "rear_spring_defl_static",
    "feature_names": [
      "inv_rear_third",
      "inv_rear_spring",
      "rear_spring_perch",
      "rear_third_perch",
      "front_camber",
      "rear_spring",
      "rear_camber",
      "fuel_x_inv_third",
      "fuel_x_inv_spring",
      "fuel",
      "front_heave",
      "front_heave_perch",
      "front_pushrod_sq"
    ],
    "coefficients": [
      4.51130807707092,
      741.7169748714432,
      0.45116057760641726,
      -0.6299909071374231,
      0.4568710127507546,
      -5.3412756558222165,
      0.009031114038384434,
      2.2722109177514858,
      -2.8366022988168424,
      24.71297321318643,
      -0.12538523159329956,
      0.005176442558072133,
      -0.06047318077262904,
      -0.000622748105162956
    ],
    "r_squared": 0.9842044116414866,
    "rmse": 0.3354021477726351,
    "loo_rmse": 0.4747373159664177,
    "n_samples": 40,
    "is_calibrated": true,
    "q_squared": 0.9683545796527614,
    "pool_fallback_used": true
  },
  "rear_spring_defl_max": {
    "name": "rear_spring_defl_max",
    "feature_names": [
      "rear_spring",
      "inv_rear_spring",
      "rear_spring_perch",
      "rear_pushrod_sq",
      "fuel",
      "fuel_x_inv_spring",
      "front_heave_perch",
      "front_heave",
      "rear_camber"
    ],
    "coefficients": [
      90.12939266748883,
      -0.09027357161424536,
      0.9534529241071101,
      0.027986228108365103,
      -8.92218480219337e-05,
      -0.14517945356649462,
      26.257769854115153,
      0.0012326995584903482,
      -0.00013594322011469074,
      -0.05916563783191243
    ],
    "r_squared": 0.9999304425399699,
    "rmse": 0.03779911150717777,
    "loo_rmse": 0.06854841631531257,
    "n_samples": 40,
    "is_calibrated": true,
    "q_squared": 0.9997712424782099,
    "pool_fallback_used": true
  },
  "third_spring_defl_static": {
    "name": "third_spring_defl_static",
    "feature_names": [
      "rear_pushrod",
      "rear_third",
      "inv_rear_spring",
      "front_heave_perch",
      "front_heave",
      "rear_camber",
      "rear_pushrod_sq",
      "fuel_x_inv_spring",
      "rear_spring",
      "fuel",
      "front_camber"
    ],
    "coefficients": [
      4.667978961898873,
      0.48316742846625577,
      -0.013623952883329071,
      0.548294161204756,
      -0.1967659468287856,
      0.008804968556254051,
      -3.52964097602698,
      -0.005608795573570227,
      30.295959326345635,
      0.013000939062814605,
      -0.17558442073863148,
      -0.8735537805550999
    ],
    "r_squared": 0.9885210545250295,
    "rmse": 0.38368892184015396,
    "loo_rmse": 0.4869725323447062,
    "n_samples": 40,