{
  "car": "porsche",
  "n_sessions": 60,
  "n_unique_setups": 36,
  "calibration_complete": true,
  "front_ride_height": {
    "name": "front_ride_height",
    "feature_names": [
      "front_heave_x_rear_pushrod",
      "rear_pushrod_x_front_pushrod",
      "front_heave_perch",
      "rear_third_perch_x_front_pushrod",
      "fuel",
      "inv_front_heave",
      "front_pushrod_sq",
      "front_camber",
      "front_pushrod_x_front_heave_perch",
      "rear_spring_perch_x_front_heave_perch",
      "rear_spring_perch_sq",
      "rear_pushrod",
      "rear_pushrod_x_rear_third_perch"
    ],
    "coefficients": [
      136.32489299406694,
      2.9492864305965226e-05,
      -0.00026410706745662744,
      -1.9699499393149784,
      0.0014276953373373214,
      -0.013009706127823826,
      -1949.861451540595,
      -0.00652530835728293,
      0.7815266022488533,
      -0.0013960239454145174,
      0.012498517893619906,
      -0.0037019414569086054,
      -0.4639015079717766,
      0.003719832417274712
    ],
    "r_squared": 0.9999731869636219,
    "rmse": 0.0046690992909237125,
    "loo_rmse": 1.4449133858088856,
    "n_samples": 36,
    "is_calibrated": true
  },
  "rear_ride_height": {
    "name": "rear_ride_height",
    "feature_names": [
      "front_camber",
      "rear_camber",
      "rear_spring_x_rear_pushrod",
      "rear_third_x_rear_pushrod",
      "rear_third_perch_x_rear_spring_perch",
      "inv_rear_third",
      "rear_spring_sq",
      "fuel",
      "rear_third_x_front_heave_perch",
      "rear_pushrod_sq",
      "rear_pushrod_x_front_pushrod",
      "rear_pushrod_x_rear_third_perch",
      "rear_spring_perch_x_front_heave_perch",
      "front_pushrod_sq",
      "rear_spring_x_front_pushrod",
      "rear_third_x_rear_spring",
      "rear_third_x_rear_third_perch",
      "rear_third_sq",
      "inv_rear_spring",
      "rear_spring",
      "rear_pushrod_x_front_heave_perch",
      "front_pushrod",
      "rear_pushrod",
      "rear_pushrod_x_rear_spring_perch"
    ],
    "coefficients": [
      230.91446372582098,
      5.242486575725952,
      1.2777777778417851,
      0.001060416683661394,
      0.0006948804424960601,
      -0.01897272500252183,
      -291.70892498898195,
      3.4722222212294e-05,
      -0.007949117245501274,
      -0.00202322514479545,
      0.012570475189999764,
      -0.015175849682586574,
      0.07403904331973013,
      0.02337907873582025,
      0.04713755156605327,
      0.0023342815980500063,
      -0.0001558031531178528,
      0.001224162974852972,
      -1.044131731741577e-05,
      -1128.3999998426825,
      0.08546839118797549,
      -0.09825224070604843,
      3.5672879260141697,
      -5.992909646164485,
      0.017646958205554116
    ],
    "r_squared": 1.0,
    "rmse": 1.362360511671891e-10,
    "loo_rmse": 12.435271350086438,
    "n_samples": 36,
    "is_calibrated": true
  },
  "torsion_bar_turns": null,
  "torsion_bar_defl": null,
  "front_shock_defl_static": null,
  "front_shock_defl_max": null,
  "rear_shock_defl_static": {
    "name": "rear_shock_defl_static",
    "feature_names": [
      "rear_pushrod_x_rear_third_perch",
      "inv_rear_spring",
      "inv_rear_third",
      "rear_third_perch_x_rear_spring_perch",
      "rear_third_x_rear_pushrod",
      "rear_third_perch_sq",
      "rear_third_perch",
      "rear_third",
      "rear_third_x_front_heave_perch",
      "fuel",
      "rear_third_sq",
      "front_pushrod_x_front_heave_perch",
      "rear_spring_x_rear_pushrod",
      "front_camber",
      "rear_spring_perch_sq",
      "rear_spring_perch",
      "front_heave_perch",
      "rear_pushrod_sq",
      "rear_spring_sq",
      "rear_third_perch_x_front_heave_perch"
    ],
    "coefficients": [
      -30978.410778589365,
      0.009034217081831386,
      -148.4548118983749,
      123.16960273591314,
      -0.3543214344425601,
      -0.0003839050089433731,
      -0.9939473117503246,
      334.92098676248827,
      0.17506716214523418,
      -0.0032973772450033147,
      0.004560787926593706,
      2.1235687461752776e-05,
      -3.0494694386678558e-05,
      -0.0046356328612990275,
      32.45983316658762,
      -0.530957372232913,
      147.3579059947429,
      111.90400786823592,
      -0.0046280159104058515,
      0.00013563448233353272,
      -0.9267443702330124
    ],
    "r_squared": 0.9999970560435073,
    "rmse": 0.004583452540033797,
    "loo_rmse": 392.2898101403016,
    "n_samples": 36,
    "is_calibrated": true
  },
  "rear_shock_defl_max": null,
  "heave_spring_defl_static": {
    "name": "heave_spring_defl_static",
    "feature_names": [
      "inv_front_heave",
      "fuel",
      "rear_third_perch_x_front_heave_perch",
      "front_heave_x_front_heave_perch",
      "rear_third_perch_x_rear_spring_perch",
      "front_heave_x_rear_third_perch",
      "front_camber",
      "rear_pushrod_sq",
      "front_heave_sq",
      "rear_spring_perch_x_front_pushrod",
      "front_heave_x_front_pushrod"
    ],
    "coefficients": [
      6.264810456227138,
      2521.3857010817364,
      0.013398867978401095,
      -0.00025011372295103237,
      -0.00015433155792677177,
      0.00014595595351300208,
      -4.5905491830246826e-05,
      -0.2159214912746012,
      2.4320375678636295e-06,
      -3.2160666307996777e-06,
      0.0004808410198292593,
      -0.00025906646519094074
    ],
    "r_squared": 0.9999931025290815,
    "rmse": 0.0045822016611408965,
    "loo_rmse": 0.10458272516246579,
    "n_samples": 36,
    "is_calibrated": true
  },
  "heave_spring_defl_max": {
    "name": "heave_spring_defl_max",
    "feature_names": [
      "front_heave",
      "inv_front_heave",
      "front_heave_sq",
      "front_heave_x_rear_spring_perch",
      "rear_spring_perch",
      "rear_camber",
      "front_heave_x_front_heave_perch",
      "rear_spring_perch_x_front_heave_perch"
    ],
    "coefficients": [
      79.87000541253262,
      -0.1268813104374119,
      740.0871584481594,
      0.00010355201011225779,
      -0.00022053159784993773,
      0.06311445085717218,
      0.031781282278082995,
      0.0002629018480986895,
      -0.00047104418421801264
    ],
    "r_squared": 0.9999981346432791,
    "rmse": 0.003717623494218076,
    "loo_rmse": 0.023662959263127316,
    "n_samples": 36,
    "is_calibrated": true
  },
  "heave_slider_defl_static": {
    "name": "heave_slider_defl_static",
    "feature_names": [
      "front_heave_x_front_pushrod",
      "front_heave_perch_sq",
      "inv_front_heave",
      "fuel",
      "front_heave_x_rear_third_perch",
      "front_heave_perch",
      "front_camber",
      "rear_third_x_front_heave",
      "inv_rear_third"
    ],
    "coefficients": [
      -58.69933557646234,
      2.3269093931749555e-05,
      -0.0023136970142683035,
      2532.4047327770763,
      0.013385450887594104,
      -3.865511742073329e-05,
      1.2164775611674865,
      -0.21472862287598193,
      -2.8132940748886487e-07,
      -1.0772995552300784
    ],
    "r_squared": 0.999990744774964,
    "rmse": 0.004962491876885554,
    "loo_rmse": 0.6206193236463541,
    "n_samples": 36,
    "is_calibrated": true
  },
  "rear_spring_defl_static": {
    "name": "rear_spring_defl_static",
    "feature_names": [
      "inv_rear_third",
      "inv_rear_spring",
      "rear_third_perch_sq",
      "rear_third_perch_x_rear_spring_perch",
      "rear_third_x_front_heave_perch",
      "rear_third_x_rear_spring",
      "rear_spring_sq",
      "rear_spring_perch_sq",
      "rear_third_x_rear_pushrod",
      "fuel",
      "rear_spring_x_rear_third_perch",
      "rear_third_sq",
      "rear_third",
      "rear_spring",
      "rear_third_x_front_pushrod",
      "front_pushrod_sq",
      "rear_spring_perch",
      "rear_third_x_rear_spring_perch",
      "rear_camber",
      "rear_third_perch_x_front_pushrod",
      "rear_spring_x_rear_pushrod"
    ],