{
  "car": "porsche",
  "n_sessions": 60,
  "n_unique_setups": 36,
  "calibration_complete": true,
  "front_ride_height": {
    "name": "front_ride_height",
    "feature_names": [
      "front_heave_x_rear_pushrod",
      "rear_spring_x_rear_pushrod",
      "rear_spring_sq",
      "rear_spring_perch_x_front_heave_perch",
      "rear_pushrod_x_front_pushrod",
      "rear_pushrod_x_rear_spring_perch",
      "front_heave_x_rear_spring_perch",
      "fuel",
      "rear_spring_x_rear_third_perch",
      "rear_third_x_rear_spring_perch",
      "rear_camber"
    ],
    "coefficients": [
      54.04322286728391,
      0.0004329523655156508,
      0.0007252741792928791,
      3.814865615198887e-06,
      -0.004839025135051106,
      0.01586648592538515,
      0.004303368511506224,
      0.00028787778160923016,
      -0.010125474833586438,
      -0.00012074531044780558,
      5.1875255220142555e-06,
      -0.7661786042451812
    ],
    "r_squared": 0.9748266535852045,
    "rmse": 0.14306407359807,
    "loo_rmse": 0.28116826979925374,
    "n_samples": 36,
    "is_calibrated": true
  },
  "rear_ride_height": {
    "name": "rear_ride_height",
    "feature_names": [
      "front_camber",
      "rear_camber",
      "rear_spring_x_rear_pushrod",
      "inv_rear_third",
      "inv_rear_spring",
      "front_pushrod",
      "rear_third_perch_x_front_pushrod",
      "rear_third_x_rear_pushrod",
      "front_heave_perch",
      "inv_front_heave",
      "front_heave_x_rear_pushrod",
      "rear_third_sq",
      "fuel"
    ],
    "coefficients": [
      19.022795269548237,
      0.6750603167280943,
      -0.6744009773456248,
      0.0002337367155856131,
      -293.91889323457065,
      -1015.2532002988194,
      -2.9099664111511543,
      0.02303909520234828,
      0.00013005340644744334,
      0.2746024320372511,
      1703.1318309752944,
      0.001564001973596732,
      1.1755934023818128e-05,
      -0.002184851778291702
    ],
    "r_squared": 0.9519760278537692,
    "rmse": 0.29895339259090625,
    "loo_rmse": 0.5181369498889287,
    "n_samples": 36,
    "is_calibrated": true
  },
  "torsion_bar_turns": null,
  "torsion_bar_defl": null,
  "front_shock_defl_static": null,
  "front_shock_defl_max": null,
  "rear_shock_defl_static": {
    "name": "rear_shock_defl_static",
    "feature_names": [
      "rear_pushrod_x_rear_third_perch",
      "inv_rear_spring",
      "inv_rear_third",
      "rear_third_perch_x_rear_spring_perch",
      "rear_pushrod_sq",
      "fuel",
      "rear_spring_x_front_heave",
      "rear_spring_x_front_pushrod",
      "rear_third_perch_x_front_heave_perch"
    ],
    "coefficients": [
      -31.778609593357107,
      -0.0014436112411809173,
      1316.004386533405,
      632.457211467381,
      0.004310719896536557,
      0.0028131650934269696,
      0.00900504330291446,
      1.7154073972511566e-05,
      -0.00012063612774492223,
      0.00015997804079214561
    ],
    "r_squared": 0.9796433763147008,
    "rmse": 0.38113595383006504,
    "loo_rmse": 0.5339248534310748,
    "n_samples": 36,
    "is_calibrated": true
  },
  "rear_shock_defl_max": null,
  "heave_spring_defl_static": {
    "name": "heave_spring_defl_static",
    "feature_names": [
      "inv_front_heave",
      "fuel",
      "rear_third_perch_x_front_heave_perch",
      "front_heave_x_front_heave_perch"
    ],
    "coefficients": [
      6.797399044429197,
      2545.126663553936,
      0.013495086934874766,
      -0.0002614284242906771,
      -9.502203816478427e-05
    ],
    "r_squared": 0.9999187683193644,
    "rmse": 0.015725047961103127,
    "loo_rmse": 0.02584888668281271,
    "n_samples": 36,
    "is_calibrated": true
  },
  "heave_spring_defl_max": {
    "name": "heave_spring_defl_max",
    "feature_names": [
      "front_heave_x_rear_spring_perch",
      "inv_front_heave",
      "rear_spring_perch"
    ],
    "coefficients": [
      58.67101646338725,
      -0.0006832090476411634,
      1620.4318230117703,
      0.1140872614416058
    ],
    "r_squared": 0.9999742279497288,
    "rmse": 0.013818437572401282,
    "loo_rmse": 0.02833780529075178,
    "n_samples": 36,
    "is_calibrated": true
  },
  "heave_slider_defl_static": {
    "name": "heave_slider_defl_static",
    "feature_names": [
      "front_heave_x_front_pushrod",
      "front_heave_perch_sq",
      "inv_front_heave",
      "fuel",
      "front_heave_x_rear_third_perch"
    ],
    "coefficients": [
      -20.445566822984226,
      4.5902733289803236e-05,
      0.007776799866600592,
      2418.673201360723,
      0.012822317000625688,
      -4.936576209988463e-05
    ],
    "r_squared": 0.9998585469922328,
    "rmse": 0.01940047711613993,
    "loo_rmse": 0.031246279553802263,
    "n_samples": 36,
    "is_calibrated": true
  },
  "rear_spring_defl_static": {
    "name": "rear_spring_defl_static",
    "feature_names": [
      "inv_rear_third",
      "inv_rear_spring",
      "rear_spring_perch",
      "rear_third_perch_sq",
      "rear_third_x_front_heave",
      "rear_spring_x_front_pushrod",
      "front_camber",
      "fuel",
      "rear_spring_x_rear_pushrod",
      "rear_camber",
      "rear_pushrod_x_front_pushrod"
    ],
    "coefficients": [
      4.18327135212284,
      478.5032632159393,
      1401.1595385446128,
      -0.49113110134608784,
      0.0024249512193661132,
      -3.156212426768826e-05,
      -0.00031851284706866,
      -4.454012057867797,
      0.004836278854440191,
      -0.0004913302068254896,
      2.2188706211842124,
      -0.0010907162842412345
    ],
    "r_squared": 0.9902292707167373,
    "rmse": 0.2731385082607854,
    "loo_rmse": 0.3962018781868805,
    "n_samples": 36,
    "is_calibrated": true
  },
  "rear_spring_defl_max": {
    "name": "rear_spring_defl_max",
    "feature_names": [
      "rear_spring",
      "rear_spring_sq",
      "inv_rear_spring"
    ],
    "coefficients": [
      98.97548347550914,
      -0.17477427673281318,
      0.00015791230449269691,
      749.7896313797412
    ],
    "r_squared": 0.9999964719609569,
    "rmse": 0.008943409034065805,
    "loo_rmse": 0.012777772216595666,
    "n_samples": 36,
    "is_calibrated": true
  },
  "third_spring_defl_static": {
    "name": "third_spring_defl_static",
    "feature_names": [
      "rear_pushrod",
      "rear_third_x_rear_spring",
      "inv_rear_spring",
      "rear_third_x_rear_third_perch",
      "rear_pushrod_x_front_heave_perch",
      "front_heave_perch",
      "rear_pushrod_x_front_pushrod",
      "fuel",
      "rear_pushrod_sq",
      "rear_spring_perch",
      "rear_third_perch_x_front_pushrod",
      "front_heave_x_rear_pushrod",
      "rear_camber"
    ],
    "coefficients": [
      -50.80252938070588,
      1.0744611685360252,
      8.905937067903585e-05,
      1787.4832935369723,
      -0.00026070487312495336,
      -0.021241323997267535,
      0.14480635837612083,
      -0.009789522170387876,
      -0.00044447324602456923,
      -0.003150485293788579,
      0.544903901352758,
      0.0032749203307528593,
      0.00040438396203205896,
      -1.62630705933224
    ],
    "r_squared": 0.9960824330199307,
    "rmse": 0.23256234985669288,
    "loo_rmse": 0.42977306168929563,
    "n_samples": 36,
    "is_calibrated": true
  },
  "third_spring_defl_max": {
    "name": "third_spring_defl_max",
    "feature_names": [
      "rear_third_x_front_pushrod",
      "inv_rear_third",
      "inv_rear_spring",
      "rear_third_sq",
      "rear_third",
      "rear_third_x_rear_spring",
      "rear_third_perch_x_front_pushrod",
      "rear_camber",
      "rear_third_x_rear_spring_perch",
      "front_heave_x_rear_pushrod",
      "rear_third_perch_x_rear_spring_perch",
      "rear_third_perch_sq",
      "inv_front_heave",
      "front_pushrod"
    ],