{
  "car": "porsche",
  "n_sessions": 44,
  "n_unique_setups": 29,
  "calibration_complete": true,
  "front_ride_height": {
    "name": "front_ride_height",
    "feature_names": [
      "front_pushrod",
      "inv_front_heave",
      "front_heave_perch",
      "front_camber"
    ],
    "coefficients": [
      105.552996812429,
      0.5622473934873924,
      -1970.22814947811,
      -0.6777586043260548,
      1.1014892975773296
    ],
    "r_squared": 0.9997203997967093,
    "rmse": 0.014614603263169856,
    "loo_rmse": 1.2467400407979914,
    "n_samples": 29,
    "is_calibrated": true
  },
  "rear_ride_height": {
    "name": "rear_ride_height",
    "feature_names": [
      "rear_pushrod",
      "inv_rear_third",
      "inv_rear_spring",
      "rear_third_perch",
      "rear_spring_perch"
    ],
    "coefficients": [
      192.08462610643792,
      0.4678271936381057,
      -647.166595024713,
      -1383.795485740657,
      -0.4968798667503507,
      -0.8198743969379917
    ],
    "r_squared": 0.940789636908299,
    "rmse": 0.3659426009424748,
    "loo_rmse": 0.8475595200012086,
    "n_samples": 29,
    "is_calibrated": true
  },
  "torsion_bar_turns": null,
  "torsion_bar_defl": null,
  "front_shock_defl_static": null,
  "front_shock_defl_max": null,
  "rear_shock_defl_static": {
    "name": "rear_shock_defl_static",
    "feature_names": [
      "rear_pushrod",
      "inv_rear_third",
      "inv_rear_spring",
      "rear_third_perch",
      "rear_spring_perch"
    ],
    "coefficients": [
      -103.96016680626528,
      -0.048583733797411544,
      584.9251754448024,
      1274.6223160858917,
      0.45815247721186125,
      0.7147231392179776
    ],
    "r_squared": 0.9724300973458426,
    "rmse": 0.3529689952176783,
    "loo_rmse": 0.7820479457956486,
    "n_samples": 29,
    "is_calibrated": true
  },
  "rear_shock_defl_max": null,
  "heave_spring_defl_static": {
    "name": "heave_spring_defl_static",
    "feature_names": [
      "inv_heave_nmm",
      "front_heave_perch",
      "inv_od4"
    ],
    "coefficients": [
      3.2428667279282504,
      2771.120969398487,
      -0.051747484615134454,
      3.242866727920756
    ],
    "r_squared": 0.9992721892114782,
    "rmse": 0.047668390738648814,
    "loo_rmse": 0.07118733382436347,
    "n_samples": 29,
    "is_calibrated": true
  },
  "heave_spring_defl_max": {
    "name": "heave_spring_defl_max",
    "feature_names": [
      "front_heave"
    ],
    "coefficients": [
      85.49291068082445,
      -0.10333853841349169
    ],
    "r_squared": 0.9924187554060591,
    "rmse": 0.24923713541402176,
    "loo_rmse": 0.4003697959218504,
    "n_samples": 29,
    "is_calibrated": true
  },
  "heave_slider_defl_static": {
    "name": "heave_slider_defl_static",
    "feature_names": [
      "front_heave",
      "front_heave_perch",
      "torsion_od"
    ],
    "coefficients": [
      -19.981220914521987,
      -0.06025625243942703,
      0.8534287086798487,
      0.0
    ],
    "r_squared": 0.953347644381634,
    "rmse": 0.37281312584883064,
    "loo_rmse": 0.6558148684783478,
    "n_samples": 29,
    "is_calibrated": true
  },
  "rear_spring_defl_static": {
    "name": "rear_spring_defl_static",
    "feature_names": [
      "inv_rear_spring",
      "inv_rear_third",
      "rear_spring_perch",
      "rear_third_perch",
      "rear_pushrod"
    ],
    "coefficients": [
      -26.160166806262446,
      1274.6223160857664,
      584.9251754448015,
      -0.28527686078189163,
      0.4581524772117973,
      -0.04858373379784098
    ],
    "r_squared": 0.9739322490588325,
    "rmse": 0.3529689952176792,
    "loo_rmse": 0.7820479457901205,
    "n_samples": 29,
    "is_calibrated": true
  },
  "rear_spring_defl_max": {
    "name": "rear_spring_defl_max",
    "feature_names": [
      "rear_spring",
      "rear_spring_perch"
    ],
    "coefficients": [
      112.12284415741952,
      -0.1471217695901314,
      -0.08691994133711851
    ],
    "r_squared": 0.9831541568477596,
    "rmse": 0.5500466734871111,
    "loo_rmse": 1.090079643628443,
    "n_samples": 29,
    "is_calibrated": true
  },
  "third_spring_defl_static": {
    "name": "third_spring_defl_static",
    "feature_names": [
      "inv_rear_third",
      "inv_rear_spring",
      "rear_third_perch",
      "rear_spring_perch",
      "rear_pushrod"
    ],
    "coefficients": [
      -39.12413281985494,
      709.6039691193295,
      1555.0055188991719,
      -0.4583902076259392,
      0.9498886294844624,
      -0.08409754618439536
    ],
    "r_squared": 0.974722765324286,
    "rmse": 0.5012727276631261,
    "loo_rmse": 1.0838446185284158,
    "n_samples": 29,
    "is_calibrated": true
  },
  "third_spring_defl_max": {
    "name": "third_spring_defl_max",
    "feature_names": [
      "rear_third",
      "rear_third_perch"
    ],
    "coefficients": [
      -51.74748721439785,
      -0.12113438452252578,
      1.2660171724076836
    ],
    "r_squared": 0.9664892318492623,
    "rmse": 2.16246635564342,
    "loo_rmse": 4.785195245833289,
    "n_samples": 29,
    "is_calibrated": true
  },
  "third_slider_defl_static": {
    "name": "third_slider_defl_static",
    "feature_names": [
      "third_spring_defl"
    ],
    "coefficients": [
      30.715932709421818,
      0.6911063903083192
    ],
    "r_squared": 0.7529277397098814,
    "rmse": 1.2482154406848585,
    "loo_rmse": 1.8013642238946086,
    "n_samples": 29,
    "is_calibrated": true
  },
  "front_heave_lookup": null,
  "rear_heave_lookup": null,
  "front_torsion_lookup": null,
  "rear_torsion_lookup": null,
  "m_eff_front_kg": null,
  "m_eff_rear_kg": 842.7193937809993,
  "m_eff_is_rate_dependent": true,
  "m_eff_rate_table": [
    {
      "setting": 150.0,
      "m_eff_kg": 1222.1052876439492
    },
    {
      "setting": 150.0,
      "m_eff_kg": 1578.0045384057264
    },
    {
      "setting": 150.0,
      "m_eff_kg": 2058.117352800134
    },
    {
      "setting": 170.0,
      "m_eff_kg": 792.6408167518397
    },
    {
      "setting": 180.0,
      "m_eff_kg": 690.2694850129556
    },
    {
      "setting": 180.0,
      "m_eff_kg": 962.638701999593
    },
    {
      "setting": 180.0,
      "m_eff_kg": 1011.6466837896783
    },
    {
      "setting": 180.0,
      "m_eff_kg": 1124.3073355829583
    },
    {
      "setting": 180.0,
      "m_eff_kg": 1171.3387035863952
    },
    {
      "setting": 180.0,
      "m_eff_kg": 1205.8005952096648
    },
    {
      "setting": 180.0,
      "m_eff_kg": 1396.5870505349717
    },
    {
      "setting": 180.0,
      "m_eff_kg": 1677.0770165745812
    },
    {
      "setting": 250.0,
      "m_eff_kg": 1496.2300836038341
    }
  ],
  "m_eff_rear_rate_table": [
    {
      "setting": 80.0,
      "m_eff_kg": 833.4087837028965
    },
    {
      "setting": 100.0,
      "m_eff_kg": 841.6980188075074
    },
    {
      "setting": 110.0,
      "m_eff_kg": 464.4065888777793
    },
    {
      "setting": 110.0,
      "m_eff_kg": 487.7563371473708
    },
    {
      "setting": 120.0,
      "m_eff_kg": 369.491898809249
    },
    {
      "setting": 120.0,
      "m_eff_kg": 509.67665013484003
    },
    {
      "setting": 120.0,
      "m_eff_kg": 578.644221793533
    },
    {
      "setting": 120.0,
      "m_eff_kg": 682.4840916976303
    },
    {
      "setting": 120.0,
      "m_eff_kg": 945.740827006682
    },
    {
      "setting": 160.0,
      "m_eff_kg": 725.6824954243382
    },
    {
      "setting": 200.0,
      "m_eff_kg": 1083.7074919822805
    },
    {
      "setting": 250.0,
      "m_eff_kg": 642.7856261261253
    },
    {
      "setting": 580.0,
      "m_eff_kg": 2789.869087642758
    }
  ],
  "measured_lltd_target": 0.5034214147724707,
  "front_ls_zeta": 0.606,
  "rear_ls_zeta": 0.632,
  "front_hs_zeta": 0.255,
  "rear_hs_zeta": 0.262,
  "zeta_n_sessions": 79,
  "aero_front_compression_mm": 16.08823529411765,
  "aero_rear_compression_mm": 21.841176470588238,
  "aero_n_sessions": 17,