{
  "car": "porsche",
  "n_sessions": 60,
  "n_unique_setups": 36,
  "calibration_complete": true,
  "front_ride_height": {
    "name": "front_ride_height",
    "feature_names": [
      "front_heave_x_rear_pushrod",
      "rear_spring_x_rear_pushrod",
      "rear_spring_sq",
      "rear_spring_perch_x_front_heave_perch",
      "rear_pushrod_x_front_pushrod",
      "rear_pushrod_x_rear_spring_perch",
      "front_heave_x_rear_spring_perch",
      "fuel",
      "rear_spring_x_rear_third_perch",
      "rear_third_x_rear_spring_perch",
      "rear_camber"
    ],
    "coefficients": [
      54.04322286728391,
      0.0004329523655156508,
      0.0007252741792928791,
      3.814865615198887e-06,
      -0.004839025135051106,
      0.01586648592538515,
      0.004303368511506224,
      0.00028787778160923016,
      -0.010125474833586438,
      -0.00012074531044780558,
      5.1875255220142555e-06,
      -0.7661786042451812
    ],
    "r_squared": 0.9748266535852045,
    "rmse": 0.14306407359807,
    "loo_rmse": 0.28116826979925374,
    "n_samples": 36,
    "is_calibrated": true
  },
  "rear_ride_height": {
    "name": "rear_ride_height",
    "feature_names": [
      "front_camber",
      "rear_camber",
      "rear_spring_x_rear_pushrod",
      "inv_rear_third",
      "inv_rear_spring",
      "front_pushrod",
      "rear_third_perch_x_front_pushrod",
      "rear_third_x_rear_pushrod",
      "front_heave_perch",
      "inv_front_heave",
      "front_heave_x_rear_pushrod",
      "rear_third_sq",
      "fuel"
    ],
    "coefficients": [
      19.022795269548237,
      0.6750603167280943,
      -0.6744009773456248,
      0.0002337367155856131,
      -293.91889323457065,
      -1015.2532002988194,
      -2.9099664111511543,
      0.02303909520234828,
      0.00013005340644744334,
      0.2746024320372511,
      1703.1318309752944,
      0.001564001973596732,
      1.1755934023818128e-05,
      -0.002184851778291702
    ],
    "r_squared": 0.9519760278537692,
    "rmse": 0.29895339259090625,
    "loo_rmse": 0.5181369498889287,
    "n_samples": 36,
    "is_calibrated": true
  },
  "torsion_bar_turns": null,
  "torsion_bar_defl": null,
  "front_shock_defl_static": null,
  "front_shock_defl_max": null,
  "rear_shock_defl_static": {
    "name": "rear_shock_defl_static",
    "feature_names": [
      "rear_pushrod_x_rear_third_perch",
      "inv_rear_spring",
      "inv_rear_third",
      "rear_third_perch_x_rear_spring_perch",
      "rear_pushrod_sq",
      "fuel",
      "rear_spring_x_front_heave",
      "rear_spring_x_front_pushrod"
    ],
    "coefficients": [
      -31.759164985867052,
      -0.001386528132728921,
      1304.0283450415293,
      631.4128042313929,
      0.004412327186180048,
      0.002694989606101759,
      0.008660073495434135,
      1.892533207522189e-05,
      -9.758815750771111e-05
    ],
    "r_squared": 0.9795990972391152,
    "rmse": 0.381550246020989,
    "loo_rmse": 0.5175479906449945,
    "n_samples": 36,
    "is_calibrated": true
  },
  "rear_shock_defl_max": null,
  "heave_spring_defl_static": {
    "name": "heave_spring_defl_static",
    "feature_names": [
      "inv_front_heave",
      "fuel",
      "rear_third_perch_x_front_heave_perch",
      "front_heave_x_front_heave_perch",
      "rear_third_perch_x_rear_spring_perch",
      "rear_spring_x_rear_third_perch",
      "rear_spring_x_front_heave",
      "rear_pushrod_sq",
      "rear_pushrod_x_rear_spring_perch"
    ],
    "coefficients": [
      6.823787815791121,
      2558.146581465266,
      0.013395257134429392,
      -0.0004083717322664562,
      -3.1432011317199985e-05,
      2.5596742178016063e-05,
      2.8125196212712886e-05,
      -1.8420852736827697e-05,
      0.00010256501716183333,
      -4.569690174569047e-05
    ],
    "r_squared": 0.9999878718160987,
    "rmse": 0.006076131246483064,
    "loo_rmse": 0.009293458476166876,
    "n_samples": 36,
    "is_calibrated": true
  },
  "heave_spring_defl_max": {
    "name": "heave_spring_defl_max",
    "feature_names": [
      "front_heave_x_rear_spring_perch",
      "inv_front_heave",
      "rear_spring_perch",
      "front_heave_sq",
      "rear_spring_perch_x_front_pushrod",
      "front_heave_x_front_pushrod",
      "rear_camber",
      "front_heave_x_rear_pushrod",
      "front_pushrod_sq",
      "rear_pushrod_sq",
      "rear_spring_x_rear_pushrod"
    ],
    "coefficients": [
      60.170612048015364,
      -0.0005381771051571704,
      1595.8674503985621,
      0.08497020739595428,
      1.5383184644483468e-05,
      -0.00018715334815857368,
      0.0005654203271723699,
      0.043067137309662454,
      1.737898231754913e-05,
      0.0011374127173740705,
      -3.365868720398205e-05,
      -4.478951147063633e-06
    ],
    "r_squared": 0.99999616813831,
    "rmse": 0.005328308581321816,
    "loo_rmse": 0.011033762503490379,
    "n_samples": 36,
    "is_calibrated": true
  },
  "heave_slider_defl_static": {
    "name": "heave_slider_defl_static",
    "feature_names": [
      "front_heave_x_front_pushrod",
      "front_heave_perch_sq",
      "inv_front_heave",
      "fuel",
      "front_heave_x_rear_third_perch",
      "front_heave_perch",
      "inv_rear_spring",
      "rear_camber"
    ],
    "coefficients": [
      -67.31140696743147,
      3.370938935359606e-05,
      -0.004876349776810233,
      2521.5021129699653,
      0.013633903881293026,
      -3.748946731159605e-05,
      1.523659136221537,
      -4.568755953945092,
      -0.06625944232312724
    ],
    "r_squared": 0.9999859679030394,
    "rmse": 0.006110371366788327,
    "loo_rmse": 0.009771112940777987,
    "n_samples": 36,
    "is_calibrated": true
  },
  "rear_spring_defl_static": {
    "name": "rear_spring_defl_static",
    "feature_names": [
      "inv_rear_third",
      "inv_rear_spring",
      "rear_spring_perch",
      "rear_third_perch_sq",
      "rear_third_x_front_heave",
      "rear_spring_x_front_pushrod",
      "front_camber",
      "fuel",
      "rear_spring_x_rear_pushrod",
      "rear_camber",
      "rear_pushrod_x_front_pushrod"
    ],
    "coefficients": [
      4.18327135212284,
      478.5032632159393,
      1401.1595385446128,
      -0.49113110134608784,
      0.0024249512193661132,
      -3.156212426768826e-05,
      -0.00031851284706866,
      -4.454012057867797,
      0.004836278854440191,
      -0.0004913302068254896,
      2.2188706211842124,
      -0.0010907162842412345
    ],
    "r_squared": 0.9902292707167373,
    "rmse": 0.2731385082607854,
    "loo_rmse": 0.3962018781868805,
    "n_samples": 36,
    "is_calibrated": true
  },
  "rear_spring_defl_max": {
    "name": "rear_spring_defl_max",
    "feature_names": [
      "rear_spring",
      "rear_spring_sq",
      "inv_rear_spring",
      "front_heave_x_rear_pushrod",
      "rear_camber",
      "fuel",
      "rear_spring_x_front_heave_perch",
      "rear_spring_x_rear_pushrod",
      "rear_pushrod_x_front_pushrod",
      "rear_spring_x_rear_spring_perch"
    ],
    "coefficients": [
      99.29787426298722,
      -0.17647856186519031,
      0.0001603231869463401,
      739.3516686385609,
      3.7692654130364837e-06,
      0.05221132088588964,
      -0.00017100323250995438,
      -2.4546882091299897e-07,
      9.845080707332137e-06,
      4.4544414807870296e-05,
      3.2053757204948564e-06
    ],
    "r_squared": 0.9999974154918043,
    "rmse": 0.007654650381999348,
    "loo_rmse": 0.010570934643191306,
    "n_samples": 36,
    "is_calibrated": true
  },
  "third_spring_defl_static": {
    "name": "third_spring_defl_static",
    "feature_names": [
      "rear_pushrod",
      "rear_third_x_rear_spring",
      "inv_rear_spring",
      "rear_third_x_rear_third_perch",
      "rear_pushrod_x_front_heave_perch",
      "front_heave_perch",
      "rear_pushrod_x_front_pushrod",
      "fuel",
      "rear_pushrod_sq",
      "rear_spring_perch",
      "rear_third_perch_x_front_pushrod",
      "front_heave_x_rear_pushrod"
    ],