{
  "car": "porsche",
  "n_sessions": 21,
  "n_unique_setups": 14,
  "calibration_complete": true,
  "front_ride_height": null,
  "rear_ride_height": {
    "name": "rear_ride_height",
    "feature_names": [
      "rear_pushrod",
      "rear_third",
      "rear_spring",
      "rear_third_perch",
      "fuel",
      "rear_spring_perch"
    ],
    "coefficients": [
      -0.04742053849595283,
      0.28679309368809336,
      0.015656948768752538,
      -0.03384254803912473,
      -0.2420643456929936,
      -2.750391232765147,
      2.3738782746800355
    ],
    "r_squared": 0.9972105263186275,
    "rmse": 0.07730656532439431,
    "loo_rmse": 2.635438198009692,
    "n_samples": 14,
    "is_calibrated": true
  },
  "torsion_bar_turns": null,
  "torsion_bar_defl": null,
  "front_shock_defl_static": null,
  "front_shock_defl_max": null,
  "rear_shock_defl_static": {
    "name": "rear_shock_defl_static",
    "feature_names": [
      "rear_pushrod",
      "rear_third_perch",
      "rear_third",
      "rear_spring"
    ],
    "coefficients": [
      -39.18027080105314,
      0.2509673455427288,
      0.6497218293955153,
      -0.002497470800169821,
      -0.06673069147059307
    ],
    "r_squared": 0.9544027916250482,
    "rmse": 0.357719138393048,
    "loo_rmse": 3.40938168086422,
    "n_samples": 14,
    "is_calibrated": true
  },
  "rear_shock_defl_max": null,
  "heave_spring_defl_static": {
    "name": "heave_spring_defl_static",
    "feature_names": [
      "inv_heave_nmm",
      "front_heave_perch",
      "inv_od4"
    ],
    "coefficients": [
      3.754927654805625,
      2714.015310970779,
      -0.0639620894116888,
      3.754927654779138
    ],
    "r_squared": 0.999414682750091,
    "rmse": 0.04435148453343127,
    "loo_rmse": 0.09934754059308266,
    "n_samples": 14,
    "is_calibrated": true
  },
  "heave_spring_defl_max": {
    "name": "heave_spring_defl_max",
    "feature_names": [
      "front_heave"
    ],
    "coefficients": [
      87.07264150943395,
      -0.1118867924528302
    ],
    "r_squared": 0.9934472973509363,
    "rmse": 0.21132045388888818,
    "loo_rmse": 0.46971035280498835,
    "n_samples": 14,
    "is_calibrated": true
  },
  "heave_slider_defl_static": {
    "name": "heave_slider_defl_static",
    "feature_names": [
      "front_heave",
      "front_heave_perch",
      "torsion_od"
    ],
    "coefficients": [
      -23.063799621928144,
      -0.07517769376181477,
      0.9534971644612477,
      0.0
    ],
    "r_squared": 0.945349372446623,
    "rmse": 0.34034838626702213,
    "loo_rmse": 1.1353467631670329,
    "n_samples": 14,
    "is_calibrated": true
  },
  "rear_spring_defl_static": {
    "name": "rear_spring_defl_static_load",
    "feature_names": [
      "rear_spring_perch"
    ],
    "coefficients": [
      3878.5161290320575,
      -17.54032258064312
    ],
    "r_squared": 0.004960278373890126,
    "rmse": 197.6002851613644,
    "loo_rmse": 409.38855192391685,
    "n_samples": 14,
    "is_calibrated": true
  },
  "rear_spring_defl_max": {
    "name": "rear_spring_defl_max",
    "feature_names": [
      "rear_spring",
      "rear_spring_perch"
    ],
    "coefficients": [
      173.6437499999999,
      -0.1404166666666664,
      -0.7229166666666661
    ],
    "r_squared": 1.0,
    "rmse": 1.565959920012971e-14,
    "loo_rmse": 2.556741644953715,
    "n_samples": 14,
    "is_calibrated": true
  },
  "third_spring_defl_static": {
    "name": "third_spring_defl_static_load",
    "feature_names": [
      "rear_third_perch"
    ],
    "coefficients": [
      8719.692789968645,
      -59.89028213166138
    ],
    "r_squared": 0.1595736980313901,
    "rmse": 303.7060582108943,
    "loo_rmse": 448.031093991066,
    "n_samples": 14,
    "is_calibrated": true
  },
  "third_spring_defl_max": {
    "name": "third_spring_defl_max",
    "feature_names": [
      "rear_third",
      "rear_third_perch"
    ],
    "coefficients": [
      -170.17407846710302,
      -0.14240424435860755,
      2.2759284076138857
    ],
    "r_squared": 0.9734070364877554,
    "rmse": 2.2010939633211803,
    "loo_rmse": 9.055902107120856,
    "n_samples": 14,
    "is_calibrated": true
  },
  "third_slider_defl_static": {
    "name": "third_slider_defl_static",
    "feature_names": [
      "third_spring_defl"
    ],
    "coefficients": [
      33.870624150583005,
      0.4611890409393477
    ],
    "r_squared": 0.6796314969182364,
    "rmse": 1.119542936639877,
    "loo_rmse": 2.177827256177843,
    "n_samples": 14,
    "is_calibrated": true
  },
  "front_heave_lookup": null,
  "rear_heave_lookup": null,
  "front_torsion_lookup": null,
  "rear_torsion_lookup": null,
  "m_eff_front_kg": null,
  "m_eff_rear_kg": 885.6284805982982,
  "m_eff_is_rate_dependent": true,
  "m_eff_rate_table": [
    {
      "setting": 150.0,
      "m_eff_kg": 1222.1052876439492
    },
    {
      "setting": 150.0,
      "m_eff_kg": 1578.0045384057264
    },
    {
      "setting": 150.0,
      "m_eff_kg": 2058.117352800134
    },
    {
      "setting": 180.0,
      "m_eff_kg": 690.2694850129556
    },
    {
      "setting": 180.0,
      "m_eff_kg": 962.638701999593
    },
    {
      "setting": 180.0,
      "m_eff_kg": 1011.6466837896783
    },
    {
      "setting": 180.0,
      "m_eff_kg": 1171.3387035863952
    },
    {
      "setting": 180.0,
      "m_eff_kg": 1205.8005952096648
    },
    {
      "setting": 180.0,
      "m_eff_kg": 1396.5870505349717
    },
    {
      "setting": 180.0,
      "m_eff_kg": 1677.0770165745812
    },
    {
      "setting": 250.0,
      "m_eff_kg": 1496.2300836038341
    }
  ],
  "measured_lltd_target": 0.503431571501649,
  "front_ls_zeta": 0.605,
  "rear_ls_zeta": 0.636,
  "front_hs_zeta": 0.244,
  "rear_hs_zeta": 0.255,
  "zeta_n_sessions": 60,
  "aero_front_compression_mm": 15.971428571428572,
  "aero_rear_compression_mm": 21.542857142857144,
  "aero_n_sessions": 14,
  "status": {
    "aero_compression": "calibrated from IBT AeroCalculator (14 sessions, front=16.0mm rear=21.5mm)",
    "arb_stiffness": "roll gradient data collected (3 ARB configs, 1 spring groups) but model stiffness does NOT match measured deltas (max error 170787.5%, need \u226420%). ARB stiffness values in cars.py need updating.",
    "arb_calibrated": false,
    "m_eff": "rate-dependent (11 points, range 690-2058 kg)",
    "m_eff_rear": "constant (11 points, mean 886 kg)",
    "lltd_target": "calibrated from IBT lltd_measured (11 sessions, mean 0.5034)",
    "deflection_model": "calibrated (14 unique setups, best R\u00b2=1.00)"
  }
}