{
  "car": "porsche",
  "n_sessions": 60,
  "n_unique_setups": 36,
  "calibration_complete": true,
  "front_ride_height": {
    "name": "front_ride_height",
    "feature_names": [
      "front_pushrod",
      "rear_pushrod",
      "front_heave",
      "rear_third",
      "rear_spring",
      "front_heave_perch",
      "rear_third_perch",
      "rear_spring_perch",
      "front_camber",
      "fuel",
      "inv_front_heave",
      "inv_rear_third",
      "inv_rear_spring",
      "rear_camber",
      "front_pushrod_sq",
      "rear_pushrod_sq",
      "fuel_x_inv_spring",
      "fuel_x_inv_third"
    ],
    "coefficients": [
      103.27650542235763,
      0.4878983159286542,
      0.019891675432370675,
      0.0018811870145367111,
      -0.0002560295040282279,
      -0.0005452548313132984,
      -0.6724166025909574,
      0.009605543801557506,
      0.0018783269719344466,
      1.646239491248316,
      -0.01088814212478068,
      -1868.9196931134093,
      -30.86149861105039,
      0.5655043009246054,
      -0.26779102688191025,
      -0.000918009658288172,
      -0.00026225587088468856,
      -0.4787961148874729,
      0.20583283655245965
    ],
    "r_squared": 0.9999258261256545,
    "rmse": 0.007765789117252987,
    "loo_rmse": 2.1077152428692574,
    "n_samples": 36,
    "is_calibrated": true
  },
  "rear_ride_height": {
    "name": "rear_ride_height",
    "feature_names": [
      "front_pushrod",
      "rear_pushrod",
      "front_heave",
      "rear_third",
      "rear_spring",
      "front_heave_perch",
      "rear_third_perch",
      "rear_spring_perch",
      "front_camber",
      "fuel",
      "inv_front_heave",
      "inv_rear_third",
      "inv_rear_spring",
      "rear_camber",
      "front_pushrod_sq",
      "rear_pushrod_sq",
      "fuel_x_inv_spring",
      "fuel_x_inv_third"
    ],
    "coefficients": [
      254.51426039310383,
      5.383677385337736,
      0.42581797300517876,
      0.023743076108207636,
      0.009742057918946358,
      -0.005333205253936193,
      0.2181284652977136,
      -0.7751221995591728,
      -0.4563346645302524,
      2.2814994779463724,
      0.13670167618182288,
      1438.2741991708638,
      -381.1325539289188,
      0.9751252913368573,
      -1.7908475086780928,
      0.07497379300454392,
      -0.0008988659887805046,
      -25.452124221141304,
      1.140802780460087
    ],
    "r_squared": 0.9826514629390224,
    "rmse": 0.1796825391559108,
    "loo_rmse": 15.36429598308849,
    "n_samples": 36,
    "is_calibrated": true
  },
  "torsion_bar_turns": null,
  "torsion_bar_defl": null,
  "front_shock_defl_static": null,
  "front_shock_defl_max": null,
  "rear_shock_defl_static": {
    "name": "rear_shock_defl_static",
    "feature_names": [
      "front_pushrod",
      "rear_pushrod",
      "front_heave",
      "rear_third",
      "rear_spring",
      "front_heave_perch",
      "rear_third_perch",
      "rear_spring_perch",
      "front_camber",
      "fuel",
      "inv_front_heave",
      "inv_rear_third",
      "inv_rear_spring",
      "rear_camber",
      "front_pushrod_sq",
      "rear_pushrod_sq",
      "fuel_x_inv_spring",
      "fuel_x_inv_third"
    ],
    "coefficients": [
      -179.77384011907742,
      -6.030312337279403,
      0.016340875647061347,
      -0.02402874054399333,
      -0.009237854645701146,
      0.00492839743995328,
      -0.21670805356071035,
      0.7216546994266116,
      0.3996596433063205,
      -1.8434981259846264,
      -0.13048999244417192,
      -1460.2431398240572,
      328.5754928411477,
      -0.594979186242268,
      2.0225363161044982,
      -0.08400041867706343,
      0.0004360856707797082,
      23.417608515478094,
      -1.1847051276924598
    ],
    "r_squared": 0.9951440473093875,
    "rmse": 0.1861505263225896,
    "loo_rmse": 14.552281012254433,
    "n_samples": 36,
    "is_calibrated": true
  },
  "rear_shock_defl_max": null,
  "heave_spring_defl_static": {
    "name": "heave_spring_defl_static",
    "feature_names": [
      "front_pushrod",
      "rear_pushrod",
      "front_heave",
      "rear_third",
      "rear_spring",
      "front_heave_perch",
      "rear_third_perch",
      "rear_spring_perch",
      "front_camber",
      "fuel",
      "inv_front_heave",
      "inv_rear_third",
      "inv_rear_spring",
      "rear_camber",
      "front_pushrod_sq",
      "rear_pushrod_sq",
      "fuel_x_inv_spring",
      "fuel_x_inv_third"
    ],
    "coefficients": [
      7.2678949131732,
      -0.1486392416773948,
      0.0060436320418795104,
      -0.006500720737100986,
      -0.0001453639396616482,
      -0.00019805866927578375,
      -0.0656559866807672,
      -0.00550364153621373,
      -0.00033878175372349607,
      0.004705515965047367,
      0.014145179451435097,
      2487.1489726623026,
      -10.798173433362773,
      0.03686393382824191,
      -0.09836166614162184,
      -0.0021072262851490517,
      -4.0257114827383005e-05,
      -0.20369050570904393,
      0.019331880297897622
    ],
    "r_squared": 0.9999955872705901,
    "rmse": 0.003665075352451102,
    "loo_rmse": 0.1395956500122505,
    "n_samples": 36,
    "is_calibrated": true
  },
  "heave_spring_defl_max": {
    "name": "heave_spring_defl_max",
    "feature_names": [
      "front_pushrod",
      "rear_pushrod",
      "front_heave",
      "rear_third",
      "rear_spring",
      "front_heave_perch",
      "rear_third_perch",
      "rear_spring_perch",
      "front_camber",
      "fuel",
      "inv_front_heave",
      "inv_rear_third",
      "inv_rear_spring",
      "rear_camber",
      "front_pushrod_sq",
      "rear_pushrod_sq",
      "fuel_x_inv_spring",
      "fuel_x_inv_third"
    ],
    "coefficients": [
      84.05944176605598,
      0.8566229512628883,
      0.017884928272344114,
      -0.06443084242754256,
      -1.4290905649911803e-05,
      0.0003085162839605544,
      -0.004095751141619349,
      -0.0016361232885418148,
      -0.006274133114395361,
      -0.1321150300639015,
      4.5951146317853817e-05,
      1792.3321907141014,
      -3.093321887839641,
      0.4688480063581778,
      -0.14436847638915642,
      0.01175147745849864,
      -0.0003282606723613081,
      0.10736449780970252,
      -0.005904717695037767
    ],
    "r_squared": 0.999985907474269,
    "rmse": 0.010218305297684187,
    "loo_rmse": 2.777636827498296,
    "n_samples": 36,
    "is_calibrated": true
  },
  "heave_slider_defl_static": {
    "name": "heave_slider_defl_static",
    "feature_names": [
      "front_pushrod",
      "rear_pushrod",
      "front_heave",
      "rear_third",
      "rear_spring",
      "front_heave_perch",
      "rear_third_perch",
      "rear_spring_perch",
      "front_camber",
      "fuel",
      "inv_front_heave",
      "inv_rear_third",
      "inv_rear_spring",
      "rear_camber",
      "front_pushrod_sq",
      "rear_pushrod_sq",
      "fuel_x_inv_spring",
      "fuel_x_inv_third"
    ],
    "coefficients": [
      -51.13030320895683,
      -0.14863924167737425,
      0.00604363204179834,
      -0.006500720737101943,
      -0.00014536393966217023,
      -0.00019805866927388312,
      0.93434401331925,
      -0.005503641536234387,
      -0.0003387817537017907,
      0.004705515964758392,
      0.014114112591600477,
      2487.1489726623013,
      -10.798173433365445,
      -0.28747408281562853,
      -0.09836166614159023,
      -0.0021072262851486692,
      -4.025711482608074e-05,
      -0.1980984709385444,
      0.019331880297925604
    ],
    "r_squared": 0.999994951606707,
    "rmse": 0.003665075352450864,
    "loo_rmse": 0.5522824912473424,
    "n_samples": 36,
    "is_calibrated": true
  },
  "rear_spring_defl_static": {
    "name": "rear_spring_defl_static",