{
  "car": "porsche",
  "track": "algarve",
  "n_sessions": 152,
  "n_unique_setups": 40,
  "calibration_complete": true,
  "front_ride_height": {
    "name": "front_ride_height",
    "feature_names": [
      "rear_pushrod_sq",
      "rear_pushrod",
      "rear_third_perch",
      "fuel_x_inv_spring",
      "front_pushrod_sq",
      "front_heave_perch",
      "inv_front_heave",
      "fuel",
      "rear_camber",
      "rear_third",
      "inv_rear_spring"
    ],
    "coefficients": [
      91.76582903954512,
      -0.0002486931543830423,
      0.009202868710630628,
      0.012587103640641677,
      0.4096289738199948,
      -0.007684203161184858,
      -0.6740127365824989,
      -1982.0201018478515,
      -0.01511984301416227,
      0.27754524518534895,
      -9.388607778416979e-05,
      0.5168741781021229
    ],
    "r_squared": 0.9990116521975867,
    "rmse": 0.027001814692100855,
    "loo_rmse": 0.06232562238032524,
    "n_samples": 40,
    "is_calibrated": true,
    "q_squared": 0.9947342874938349
  },
  "rear_ride_height": {
    "name": "rear_ride_height",
    "feature_names": [
      "inv_rear_third",
      "inv_rear_spring",
      "rear_pushrod",
      "rear_third_perch",
      "rear_spring_perch",
      "rear_pushrod_sq",
      "fuel",
      "fuel_x_inv_third",
      "front_heave",
      "fuel_x_inv_spring",
      "front_heave_perch",
      "inv_front_heave"
    ],
    "coefficients": [
      146.567302684896,
      -926.3360672738982,
      0.4501168752015635,
      0.6293087467999499,
      -0.4853562272751617,
      -0.49831520734790047,
      -0.0037717775319379143,
      0.08668401132871395,
      4.041086736747496,
      0.005570709431310661,
      -21.119981503425393,
      0.025066894718463573,
      479.20663055271325
    ],
    "r_squared": 0.9216040616812639,
    "rmse": 0.3654622691045088,
    "loo_rmse": 0.5182745329437621,
    "n_samples": 40,
    "is_calibrated": true,
    "q_squared": 0.8423375729951027
  },
  "torsion_bar_turns": null,
  "torsion_bar_defl": null,
  "front_shock_defl_static": null,
  "front_shock_defl_max": null,
  "rear_shock_defl_static": {
    "name": "rear_shock_defl_static",
    "feature_names": [
      "rear_pushrod",
      "inv_rear_spring",
      "inv_rear_third",
      "rear_third_perch",
      "rear_spring_perch",
      "rear_pushrod_sq",
      "fuel_x_inv_spring",
      "fuel",
      "fuel_x_inv_third",
      "front_heave",
      "front_heave_perch"
    ],
    "coefficients": [
      -67.11507701851478,
      -0.1506343203155546,
      -0.04101332207546647,
      807.0310715862792,
      0.43181106546268405,
      0.4411380100843751,
      0.0027239475891445465,
      19.246723723838087,
      -0.0851105490525542,
      -3.4369856048352316,
      0.003459014345331686,
      -0.01312853870931399
    ],
    "r_squared": 0.9810546751501842,
    "rmse": 0.35876214172004983,
    "loo_rmse": 0.5097251900674353,
    "n_samples": 40,
    "is_calibrated": true,
    "q_squared": 0.9617562004350625
  },
  "rear_shock_defl_max": null,
  "heave_spring_defl_static": {
    "name": "heave_spring_defl_static",
    "feature_names": [
      "inv_front_heave",
      "fuel",
      "front_heave_perch",
      "front_heave",
      "rear_spring_perch",
      "rear_pushrod_sq"
    ],
    "coefficients": [
      8.105756608227772,
      2525.08902306432,
      0.013333844395418737,
      -0.052849648703045204,
      -0.005520534889569717,
      0.00036614328416817443,
      2.3036142465571174e-05
    ],
    "r_squared": 0.999910113696485,
    "rmse": 0.019102169702158226,
    "loo_rmse": 0.030752464314864045,
    "n_samples": 40,
    "is_calibrated": true,
    "q_squared": 0.999767036453391
  },
  "heave_spring_defl_max": {
    "name": "heave_spring_defl_max",
    "feature_names": [
      "front_heave",
      "inv_front_heave",
      "front_heave_perch",
      "rear_third",
      "inv_rear_third",
      "rear_spring",
      "rear_pushrod"
    ],
    "coefficients": [
      70.4647543825648,
      -0.0677911568852003,
      1611.4182887056268,
      -0.007290602995536443,
      -0.00011000907876641819,
      -3.2343734180963946,
      0.00013922284474066765,
      0.0009145354843991438
    ],
    "r_squared": 0.9999803187618386,
    "rmse": 0.014071199957503255,
    "loo_rmse": 0.02122904418769,
    "n_samples": 40,
    "is_calibrated": true,
    "q_squared": 0.9999552027835101
  },
  "heave_slider_defl_static": {
    "name": "heave_slider_defl_static",
    "feature_names": [
      "front_pushrod",
      "front_heave",
      "front_heave_perch",
      "front_camber",
      "fuel",
      "inv_front_heave",
      "front_pushrod_sq"
    ],
    "coefficients": [
      -51.342259681677675,
      -0.03221700153736837,
      -0.00540215703364358,
      0.9469797276208874,
      -0.17897528521221964,
      0.013388228635194389,
      2532.474995678951,
      -0.0004700329773188461
    ],
    "r_squared": 0.9998412016932686,
    "rmse": 0.019760669112226726,
    "loo_rmse": 0.5166049463495336,
    "n_samples": 40,
    "is_calibrated": false,
    "q_squared": 0.8914675278890788
  },
  "rear_spring_defl_static": {
    "name": "rear_spring_defl_static",
    "feature_names": [
      "inv_rear_third",
      "inv_rear_spring",
      "rear_spring_perch",
      "rear_third_perch",
      "front_camber",
      "rear_spring",
      "rear_camber",
      "fuel_x_inv_third",
      "fuel_x_inv_spring",
      "fuel",
      "front_heave",
      "front_heave_perch",
      "front_pushrod_sq"
    ],
    "coefficients": [
      4.511308077571993,
      741.716974873494,
      0.4511605782321839,
      -0.6299909071381791,
      0.4568710127491684,
      -5.341275655825359,
      0.00903111403830792,
      2.2722109177815497,
      -2.8366022988540442,
      24.712973213136557,
      -0.1253852315929045,
      0.0051764425581524165,
      -0.06047318077498787,
      -0.0006227481052292205
    ],
    "r_squared": 0.9842044116414868,
    "rmse": 0.335402147772634,
    "loo_rmse": 0.4747373160038063,
    "n_samples": 40,
    "is_calibrated": true,
    "q_squared": 0.9683545796477768
  },
  "rear_spring_defl_max": {
    "name": "rear_spring_defl_max",
    "feature_names": [
      "rear_spring",
      "inv_rear_spring",
      "rear_spring_perch",
      "rear_pushrod_sq",
      "fuel",
      "fuel_x_inv_spring",
      "front_heave_perch",
      "front_heave",
      "rear_camber"
    ],
    "coefficients": [
      90.12939266748867,
      -0.09027357161424523,
      0.953452924128731,
      0.027986228108362023,
      -8.9221848021806e-05,
      -0.14517945356649295,
      26.257769854114787,
      0.001232699558494801,
      -0.0001359432201148772,
      -0.05916563783188607
    ],
    "r_squared": 0.9999304425399699,
    "rmse": 0.03779911150717924,
    "loo_rmse": 0.06854841631531289,
    "n_samples": 40,
    "is_calibrated": true,
    "q_squared": 0.9997712424782099
  },
  "third_spring_defl_static": {
    "name": "third_spring_defl_static",
    "feature_names": [
      "rear_pushrod",
      "rear_third",
      "inv_rear_spring",
      "front_heave_perch",
      "front_heave",
      "rear_camber",
      "rear_pushrod_sq",
      "fuel_x_inv_spring",
      "rear_spring",
      "fuel",
      "front_camber"
    ],
    "coefficients": [
      4.667978961899112,
      0.48316742846625077,
      -0.013623952883329266,
      0.5482941612027029,
      -0.19676594682878462,
      0.008804968556254067,
      -3.529640976026959,
      -0.005608795573570136,
      30.29595932634569,
      0.013000939062814382,
      -0.1755844207386319,
      -0.8735537805550673
    ],
    "r_squared": 0.9885210545250295,
    "rmse": 0.3836889218401542,
    "loo_rmse": 0.48697253234470855,
    "n_samples": 40,
    "is_calibrated": true,
    "q_squared": 0.9815093403879369
  },
  "third_spring_defl_max": {
    "name": "third_spring_defl_max",