{
  "car": "porsche",
  "track": "",
  "n_sessions": 161,
  "n_unique_setups": 43,
  "calibration_complete": true,
  "front_ride_height": {
    "name": "front_ride_height",
    "feature_names": [
      "rear_pushrod_sq",
      "rear_pushrod",
      "rear_third_perch",
      "fuel_x_inv_spring",
      "front_pushrod_sq",
      "rear_spring",
      "fuel_x_inv_third",
      "inv_rear_third",
      "front_heave_perch",
      "inv_front_heave",
      "inv_rear_spring",
      "front_pushrod",
      "fuel",
      "rear_spring_perch"
    ],
    "coefficients": [
      97.45522336004495,
      -0.0003980326501917056,
      0.017407892758785865,
      0.00928042910725325,
      0.8347685337734789,
      -0.003477315040404886,
      0.0010598455412886214,
      0.2136559733580508,
      -10.963942862318063,
      -0.6713147580164384,
      -1973.2935432358554,
      0.5558122295315098,
      0.30600564649162293,
      -0.01838536131829195,
      -0.007625737502283338
    ],
    "r_squared": 0.9988897250971281,
    "rmse": 0.027656947604976206,
    "loo_rmse": 0.07868512048709382,
    "n_samples": 43,
    "is_calibrated": true,
    "q_squared": 0.9910131548734216
  },
  "rear_ride_height": {
    "name": "rear_ride_height",
    "feature_names": [
      "inv_rear_third",
      "inv_rear_spring",
      "rear_pushrod",
      "rear_third_perch",
      "rear_spring_perch",
      "rear_pushrod_sq",
      "fuel",
      "fuel_x_inv_third",
      "inv_front_heave",
      "fuel_x_inv_spring",
      "front_heave_perch",
      "front_heave"
    ],
    "coefficients": [
      147.4133735691472,
      -917.1406659291299,
      0.4528877364573814,
      0.5949974354940437,
      -0.49246482722401197,
      -0.49733465879219807,
      -0.0032419904175640113,
      0.08759589370164633,
      4.100254260863352,
      483.14952658787917,
      -21.23188972356171,
      0.02905908712794769,
      0.005793717028495848
    ],
    "r_squared": 0.9209848764126102,
    "rmse": 0.35534540298475925,
    "loo_rmse": 0.48929971023237806,
    "n_samples": 43,
    "is_calibrated": true,
    "q_squared": 0.8501838135591169
  },
  "torsion_bar_turns": null,
  "torsion_bar_defl": null,
  "front_shock_defl_static": null,
  "front_shock_defl_max": null,
  "rear_shock_defl_static": {
    "name": "rear_shock_defl_static",
    "feature_names": [
      "rear_pushrod",
      "inv_rear_spring",
      "inv_rear_third",
      "rear_third_perch",
      "rear_spring_perch",
      "rear_pushrod_sq",
      "fuel",
      "fuel_x_inv_third",
      "inv_front_heave",
      "fuel_x_inv_spring",
      "front_heave_perch"
    ],
    "coefficients": [
      -65.58147502458678,
      -0.11903815652362487,
      -0.028868834140614197,
      800.3722696456083,
      0.44897241728028403,
      0.42520967145337796,
      0.0022638763939881526,
      -0.0867980793868327,
      -3.5013665909049876,
      -169.62802321595743,
      19.456934023782843,
      -0.027197074398605855
    ],
    "r_squared": 0.9816729682168654,
    "rmse": 0.3479198344924289,
    "loo_rmse": 0.47751040511172255,
    "n_samples": 43,
    "is_calibrated": true,
    "q_squared": 0.9654777227729353
  },
  "rear_shock_defl_max": null,
  "heave_spring_defl_static": {
    "name": "heave_spring_defl_static",
    "feature_names": [
      "inv_front_heave",
      "fuel",
      "front_heave_perch",
      "rear_third_perch",
      "inv_rear_spring",
      "rear_spring_perch",
      "fuel_x_inv_spring",
      "inv_rear_third",
      "rear_pushrod",
      "rear_spring",
      "rear_pushrod_sq"
    ],
    "coefficients": [
      7.913075725505323,
      2797.646861786836,
      0.017112975344844017,
      -0.04982034836996263,
      -0.022592251189962553,
      0.03127963207412632,
      0.004438261653888276,
      -0.7354551222338281,
      -7.675003058997293,
      0.002977986781033337,
      -0.0009053003095687018,
      1.945937356140348e-05
    ],
    "r_squared": 0.99985440394819,
    "rmse": 0.029269789133816934,
    "loo_rmse": 0.04588375193152667,
    "n_samples": 43,
    "is_calibrated": true,
    "q_squared": 0.9996422099515034
  },
  "heave_spring_defl_max": {
    "name": "heave_spring_defl_max",
    "feature_names": [
      "front_heave",
      "inv_front_heave",
      "rear_third_perch",
      "inv_rear_spring",
      "rear_spring_perch",
      "fuel",
      "fuel_x_inv_spring",
      "fuel_x_inv_third",
      "rear_third",
      "rear_pushrod",
      "rear_spring"
    ],
    "coefficients": [
      68.64789147827463,
      -0.06409293463389995,
      1790.8451712587537,
      -0.009337514722134007,
      0.37300172147253846,
      0.009608536864524227,
      0.0033471257040349157,
      -0.4857578973259375,
      -0.0872529865789151,
      -9.452592556611142e-05,
      0.0012258195226150658,
      -0.0005979335686535081
    ],
    "r_squared": 0.9999336395091111,
    "rmse": 0.03319557077844628,
    "loo_rmse": 0.06094177905296882,
    "n_samples": 43,
    "is_calibrated": true,
    "q_squared": 0.9997763445087421
  },
  "heave_slider_defl_static": {
    "name": "heave_slider_defl_static",
    "feature_names": [
      "front_pushrod_sq",
      "front_pushrod",
      "fuel_x_inv_spring",
      "fuel_x_inv_third",
      "rear_camber",
      "rear_spring_perch",
      "front_heave_perch",
      "inv_front_heave",
      "fuel",
      "rear_third_perch",
      "rear_pushrod",
      "inv_rear_spring",
      "rear_third"
    ],
    "coefficients": [
      -46.63587781272695,
      0.004200082749981036,
      0.2972246808481346,
      -0.23191552131068455,
      -0.11756302932548388,
      -0.03757483656769453,
      0.003069605569244926,
      0.957954992417307,
      2817.773985073133,
      0.015132072445263111,
      -0.017310898062478826,
      0.0033080633794331286,
      -0.2630882029654029,
      -5.474627983925815e-05
    ],
    "r_squared": 0.9997002840990988,
    "rmse": 0.02660419883266112,
    "loo_rmse": 0.06154127672083729,
    "n_samples": 43,
    "is_calibrated": true,
    "q_squared": 0.9983962287719387
  },
  "rear_spring_defl_static": {
    "name": "rear_spring_defl_static",
    "feature_names": [
      "inv_rear_third",
      "inv_rear_spring",
      "rear_spring_perch",
      "rear_third_perch",
      "front_camber",
      "front_heave",
      "rear_spring",
      "front_heave_perch",
      "rear_camber",
      "fuel_x_inv_third",
      "front_pushrod_sq",
      "fuel_x_inv_spring",
      "fuel"
    ],
    "coefficients": [
      5.118388291493736,
      736.5874809237074,
      0.4566822760240975,
      -0.6405675737153587,
      0.45288704357568577,
      -5.5296607246116425,
      0.004783200842794599,
      0.009217902967350255,
      -0.05535264341824231,
      2.224242232137957,
      -2.7840401058752953,
      -0.0005810462683939477,
      24.83761297892295,
      -0.12608753075452483
    ],
    "r_squared": 0.985063934232555,
    "rmse": 0.3262798267047911,
    "loo_rmse": 0.4489408089612965,
    "n_samples": 43,
    "is_calibrated": true,
    "q_squared": 0.9717229603429199
  },
  "rear_spring_defl_max": {
    "name": "rear_spring_defl_max",
    "feature_names": [
      "rear_spring",
      "inv_rear_spring",
      "rear_spring_perch",
      "fuel_x_inv_spring",
      "rear_pushrod_sq",
      "front_heave",
      "fuel",
      "front_heave_perch",
      "inv_front_heave",
      "rear_camber"
    ],
    "coefficients": [
      90.92498515706998,
      -0.08980887835150074,
      0.9618179517246562,
      0.025370529840453786,
      26.486577406444148,
      -8.634209850222341e-05,
      -0.0015420440731766204,
      -0.14634356457821343,
      -0.00011791973781645308,
      -69.38837727191826,
      -0.1078636890229569
    ],
    "r_squared": 0.99993505431329,
    "rmse": 0.03530103915168927,
    "loo_rmse": 0.06621467081030386,
    "n_samples": 43,
    "is_calibrated": true,
    "q_squared": 0.9997715012744777
  },
  "third_spring_defl_static": {
    "name": "third_spring_defl_static",