{
  "car": "porsche",
  "track": "algarve",
  "n_sessions": 152,
  "n_unique_setups": 40,
  "calibration_complete": true,
  "front_ride_height": {
    "name": "front_ride_height",
    "feature_names": [
      "rear_pushrod_sq",
      "rear_pushrod",
      "rear_third_perch",
      "fuel_x_inv_spring",
      "front_pushrod_sq",
      "front_heave_perch",
      "inv_front_heave",
      "fuel",
      "rear_camber",
      "rear_third",
      "inv_rear_spring",
      "fuel_x_inv_front_corner_spring",
      "fuel_x_inv_rear_corner_spring"
    ],
    "coefficients": [
      91.7658290449078,
      -0.000248693154381599,
      0.009202868710543337,
      0.01258710364067105,
      0.40962899046177925,
      -0.007684203161184823,
      -0.6740127365825137,
      -1982.020101847848,
      -0.005039945967382467,
      0.2775452451863426,
      -9.388607778503151e-05,
      0.5168732128984611,
      -0.00503995037399804,
      -0.005039946765236778
    ],
    "r_squared": 0.9990116521975866,
    "rmse": 0.027001814692101528,
    "loo_rmse": 0.06232562238036238,
    "n_samples": 40,
    "is_calibrated": true,
    "q_squared": 0.9947342874938285
  },
  "rear_ride_height": {
    "name": "rear_ride_height",
    "feature_names": [
      "inv_rear_third",
      "inv_rear_spring",
      "rear_pushrod",
      "rear_third_perch",
      "rear_spring_perch",
      "rear_pushrod_sq",
      "fuel",
      "fuel_x_inv_third",
      "front_heave",
      "fuel_x_inv_spring",
      "fuel_x_inv_front_corner_spring",
      "fuel_x_inv_rear_corner_spring",
      "front_heave_perch"
    ],
    "coefficients": [
      149.191012937026,
      -895.9611581474855,
      0.4733450274333265,
      0.6209662685965824,
      -0.4557471334630918,
      -0.511816648301334,
      -0.0036557244646928666,
      0.028732435800705503,
      3.6964733987562335,
      -0.003947138945022743,
      -20.618488474406465,
      0.028732435575747672,
      0.02873243579749385,
      0.015513646071212861
    ],
    "r_squared": 0.9198814596559597,
    "rmse": 0.3694556217507922,
    "loo_rmse": 0.5037320117758386,
    "n_samples": 40,
    "is_calibrated": true,
    "q_squared": 0.8510612956772698
  },
  "torsion_bar_turns": null,
  "torsion_bar_defl": null,
  "front_shock_defl_static": {
    "name": "front_shock_defl_static",
    "feature_names": [
      "front_heave_perch",
      "rear_third_perch",
      "fuel",
      "fuel_x_inv_front_corner_spring",
      "fuel_x_inv_rear_corner_spring",
      "fuel_x_inv_third",
      "rear_pushrod_sq"
    ],
    "coefficients": [
      33.65637052666576,
      -0.13747368289209672,
      -0.20044349678763346,
      0.0017703735875701614,
      0.0017703735781414535,
      0.0017703735784374806,
      -2.4961201834251736,
      -0.0006898673004632205
    ],
    "r_squared": 0.07365722944464359,
    "rmse": 2.3608086086854216,
    "loo_rmse": 2.6360448887708468,
    "n_samples": 42,
    "is_calibrated": false,
    "q_squared": -0.1549302571056328
  },
  "front_shock_defl_max": null,
  "rear_shock_defl_static": {
    "name": "rear_shock_defl_static",
    "feature_names": [
      "rear_pushrod",
      "inv_rear_spring",
      "inv_rear_third",
      "rear_third_perch",
      "rear_spring_perch",
      "rear_pushrod_sq",
      "fuel_x_inv_spring",
      "fuel",
      "fuel_x_inv_front_corner_spring",
      "fuel_x_inv_rear_corner_spring",
      "fuel_x_inv_third",
      "front_heave",
      "front_heave_perch"
    ],
    "coefficients": [
      -67.11507698830319,
      -0.15063432031654603,
      -0.04101875642844528,
      807.0310715864239,
      0.4318110654623869,
      0.44113801008460923,
      0.0027239475891620915,
      19.246723817531894,
      -0.0283701831881316,
      -0.028370183197226548,
      -0.028370183187676853,
      -3.436985604836379,
      0.0034590143453979375,
      -0.01312853870949141
    ],
    "r_squared": 0.9810546751501843,
    "rmse": 0.35876214172004917,
    "loo_rmse": 0.5097251900670039,
    "n_samples": 40,
    "is_calibrated": true,
    "q_squared": 0.9617562004351272
  },
  "rear_shock_defl_max": null,
  "heave_spring_defl_static": {
    "name": "heave_spring_defl_static",
    "feature_names": [
      "inv_front_heave",
      "fuel",
      "front_heave_perch",
      "front_heave",
      "fuel_x_inv_front_corner_spring",
      "fuel_x_inv_rear_corner_spring",
      "rear_spring_perch",
      "rear_pushrod_sq"
    ],
    "coefficients": [
      8.105756621925847,
      2525.0890226492565,
      0.004444621524527292,
      -0.05284964870691056,
      -0.0055205348962772405,
      0.004444611944364851,
      0.004444610923911796,
      0.0003661431782688851,
      2.3036142465571174e-05
    ],
    "r_squared": 0.999910113696485,
    "rmse": 0.01910216970215843,
    "loo_rmse": 0.03075246426311394,
    "n_samples": 40,
    "is_calibrated": true,
    "q_squared": 0.9997670364541751
  },
  "heave_spring_defl_max": {
    "name": "heave_spring_defl_max",
    "feature_names": [
      "front_heave",
      "inv_front_heave",
      "front_heave_perch",
      "rear_third",
      "inv_rear_third",
      "rear_spring",
      "rear_pushrod"
    ],
    "coefficients": [
      70.4647543825648,
      -0.0677911568852003,
      1611.4182887056268,
      -0.007290602995536443,
      -0.00011000907876641819,
      -3.2343734180963946,
      0.00013922284474066765,
      0.0009145354843991438
    ],
    "r_squared": 0.9999803187618386,
    "rmse": 0.014071199957503255,
    "loo_rmse": 0.02122904418769,
    "n_samples": 40,
    "is_calibrated": true,
    "q_squared": 0.9999552027835101
  },
  "heave_slider_defl_static": {
    "name": "heave_slider_defl_static",
    "feature_names": [
      "front_pushrod",
      "front_heave",
      "front_heave_perch",
      "front_camber",
      "fuel",
      "inv_front_heave",
      "front_pushrod_sq",
      "fuel_x_inv_front_corner_spring"
    ],
    "coefficients": [
      -51.34225968166522,
      -0.03221700153665563,
      -0.0054021570336440575,
      0.9469797276208914,
      -0.17897528521223613,
      0.0066941111438991625,
      2532.4749956789788,
      -0.00047003297730899285,
      0.006694117491295993
    ],
    "r_squared": 0.9998412016932687,
    "rmse": 0.019760669112225595,
    "loo_rmse": 0.5166049463487591,
    "n_samples": 40,
    "is_calibrated": false,
    "q_squared": 0.8914675278894042
  },
  "rear_spring_defl_static": {
    "name": "rear_spring_defl_static",
    "feature_names": [
      "inv_rear_third",
      "inv_rear_spring",
      "rear_spring_perch",
      "rear_third_perch",
      "front_camber",
      "rear_spring",
      "rear_camber",
      "fuel_x_inv_third",
      "fuel_x_inv_spring",
      "fuel",
      "fuel_x_inv_front_corner_spring",
      "fuel_x_inv_rear_corner_spring",
      "front_heave"
    ],
    "coefficients": [
      -2.3656588446861653,
      763.8006782184667,
      0.44089633945149437,
      -0.6278935602570073,
      0.4634888470628198,
      -5.406140146289067,
      0.011834607967443844,
      1.830725108453592,
      -3.15645097516572,
      26.334014161582648,
      -0.04345618219784342,
      -0.04345618218857794,
      -0.043456179996468336,
      0.003154487855624666
    ],
    "r_squared": 0.9837655105952756,
    "rmse": 0.3400300135157289,
    "loo_rmse": 0.4811665004143356,
    "n_samples": 40,
    "is_calibrated": true,
    "q_squared": 0.9674916523510609
  },
  "rear_spring_defl_max": {
    "name": "rear_spring_defl_max",
    "feature_names": [
      "rear_spring",
      "inv_rear_spring",
      "rear_spring_perch",
      "rear_pushrod_sq",
      "fuel",
      "fuel_x_inv_spring",
      "fuel_x_inv_front_corner_spring",
      "fuel_x_inv_rear_corner_spring",
      "front_heave_perch",
      "front_heave",
      "rear_camber"
    ],