{
  "car": "porsche",
  "n_sessions": 60,
  "n_unique_setups": 36,
  "calibration_complete": true,
  "front_ride_height": {
    "name": "front_ride_height",
    "feature_names": [
      "front_heave_x_rear_pushrod",
      "rear_pushrod_x_front_pushrod",
      "front_heave_perch",
      "rear_third_perch_x_front_pushrod",
      "fuel",
      "inv_front_heave",
      "front_pushrod_sq",
      "front_camber",
      "front_pushrod_x_front_heave_perch"
    ],
    "coefficients": [
      90.97605022531847,
      0.0001350857336075307,
      0.0006311333370242866,
      -0.5767858164695935,
      4.726420088490723e-05,
      -0.012799680762676452,
      -1837.119563504807,
      -0.00541089906809684,
      1.0144856575203647,
      0.002205293120447584
    ],
    "r_squared": 0.9998770474554701,
    "rmse": 0.009998362335886966,
    "loo_rmse": 0.9718524309505117,
    "n_samples": 36,
    "is_calibrated": true
  },
  "rear_ride_height": {
    "name": "rear_ride_height",
    "feature_names": [
      "front_camber",
      "rear_camber",
      "rear_spring_x_rear_pushrod",
      "rear_third_x_rear_pushrod",
      "rear_third_perch_x_rear_spring_perch",
      "inv_rear_third",
      "rear_spring_sq",
      "fuel",
      "rear_arb_blade",
      "rear_third_x_rear_spring_perch",
      "rear_pushrod_x_front_heave_perch",
      "rear_third_x_rear_spring",
      "inv_rear_spring",
      "rear_pushrod_sq",
      "rear_pushrod",
      "rear_spring_x_front_pushrod",
      "front_pushrod_x_front_heave_perch",
      "rear_third_sq",
      "rear_spring_perch_x_front_heave_perch",
      "rear_spring_x_front_heave_perch",
      "rear_spring",
      "rear_third_x_front_heave_perch"
    ],
    "coefficients": [
      126.67278592534126,
      -0.3216472580476476,
      1.0925118285426165,
      0.0028420354446177343,
      0.000695811732061645,
      -0.002504911938906661,
      -272.32393153925665,
      2.0782458984381252e-05,
      -0.011274586712859594,
      0.007540712281598585,
      0.0005332793816425056,
      -0.010343687835599375,
      -6.46682563522171e-05,
      -1033.5635575365216,
      0.012300645989498576,
      -0.13375878778166486,
      0.0006705435207842097,
      -0.0009455748629322439,
      -1.1585378613552079e-05,
      -0.006327867671624609,
      0.004825177249147727,
      -0.3010454750543905,
      -0.0006555037954465485
    ],
    "r_squared": 0.9999778414978538,
    "rmse": 0.006421620656860873,
    "loo_rmse": 1.3707817178881638,
    "n_samples": 36,
    "is_calibrated": true
  },
  "torsion_bar_turns": null,
  "torsion_bar_defl": null,
  "front_shock_defl_static": null,
  "front_shock_defl_max": null,
  "rear_shock_defl_static": {
    "name": "rear_shock_defl_static",
    "feature_names": [
      "rear_pushrod_x_rear_third_perch",
      "inv_rear_spring",
      "inv_rear_third",
      "rear_third_perch_x_rear_spring_perch",
      "rear_third_x_rear_pushrod",
      "rear_third_perch_sq",
      "rear_third_perch",
      "rear_third",
      "rear_third_x_front_heave_perch",
      "fuel",
      "rear_third_sq",
      "front_pushrod_x_front_heave_perch",
      "rear_spring_x_rear_pushrod",
      "front_camber",
      "rear_spring_perch_sq",
      "rear_spring_perch",
      "front_heave_perch",
      "rear_arb_blade",
      "rear_camber",
      "rear_pushrod_sq",
      "front_pushrod",
      "rear_pushrod_x_rear_spring_perch",
      "rear_spring_sq"
    ],
    "coefficients": [
      -22981.981162386153,
      -0.014126666392757004,
      269.0541385232481,
      112.59805340873439,
      -1.584294389040078,
      -0.00044936809321743275,
      -0.24259796946068046,
      216.7325882765441,
      -0.33571914491129085,
      0.005533734836999196,
      0.003532624135106391,
      2.0866750868240953e-05,
      0.07441697782721296,
      -0.0026469300146695117,
      19.328104347508017,
      -0.037275763710334114,
      198.3085918889708,
      1.7339161516896975,
      -0.004194048138129088,
      -0.2556535428629581,
      -0.006232145690289631,
      -4.323881658787788,
      0.02547538671702265,
      6.815586159848607e-05
    ],
    "r_squared": 0.9999863326573017,
    "rmse": 0.009875727252301642,
    "loo_rmse": 245.20060192591666,
    "n_samples": 36,
    "is_calibrated": true
  },
  "rear_shock_defl_max": null,
  "heave_spring_defl_static": {
    "name": "heave_spring_defl_static",
    "feature_names": [
      "inv_front_heave",
      "fuel",
      "rear_third_perch_x_front_heave_perch",
      "front_heave_x_front_heave_perch",
      "rear_third_perch_x_rear_spring_perch"
    ],
    "coefficients": [
      6.061068813072455,
      2548.5276148499997,
      0.013522639088202571,
      -0.00032522293476733316,
      -9.201723953359906e-05,
      9.482767993300026e-05
    ],
    "r_squared": 0.9999711018714657,
    "rmse": 0.00937916375797908,
    "loo_rmse": 0.013382894480080326,
    "n_samples": 36,
    "is_calibrated": true
  },
  "heave_spring_defl_max": {
    "name": "heave_spring_defl_max",
    "feature_names": [
      "front_heave",
      "inv_front_heave",
      "front_heave_sq"
    ],
    "coefficients": [
      78.1055177145745,
      -0.10745801243744169,
      1081.0141035172371,
      6.259655996495481e-05
    ],
    "r_squared": 0.9999907926672528,
    "rmse": 0.00825945469360804,
    "loo_rmse": 0.057094071547257326,
    "n_samples": 36,
    "is_calibrated": true
  },
  "heave_slider_defl_static": {
    "name": "heave_slider_defl_static",
    "feature_names": [
      "front_heave_x_front_pushrod",
      "front_heave_perch_sq",
      "inv_front_heave",
      "fuel",
      "front_heave_x_rear_third_perch",
      "front_heave_perch"
    ],
    "coefficients": [
      -61.905170108375984,
      2.6170607401549903e-05,
      -0.0034072618746677605,
      2516.4203596164857,
      0.013486641522325381,
      -4.047721165087068e-05,
      1.347719796330002
    ],
    "r_squared": 0.9999752721676373,
    "rmse": 0.008111465798931591,
    "loo_rmse": 0.012751505182580438,
    "n_samples": 36,
    "is_calibrated": true
  },
  "rear_spring_defl_static": {
    "name": "rear_spring_defl_static",
    "feature_names": [
      "inv_rear_third",
      "inv_rear_spring",
      "rear_third_perch_sq",
      "rear_third_perch_x_rear_spring_perch",
      "rear_third_x_front_heave_perch",
      "rear_third_x_rear_spring",
      "rear_spring_sq",
      "rear_spring_perch_sq",
      "rear_third_x_rear_pushrod",
      "rear_arb_blade",
      "fuel",
      "rear_third_sq",
      "front_heave_x_rear_pushrod",
      "rear_spring_x_rear_third_perch",
      "front_heave",
      "front_heave_x_rear_third_perch",
      "front_pushrod_x_front_heave_perch",
      "rear_spring_x_front_pushrod",
      "rear_spring_x_front_heave",
      "front_pushrod",
      "rear_third_x_front_heave",
      "front_pushrod_sq"
    ],
    "coefficients": [
      136.71266631361803,
      72.62592165233629,
      -251.21047558238138,
      -0.1349800497588995,
      0.34188194939984023,
      -0.0012073523648474926,
      0.00015990076173270307,
      0.00014883209339979137,
      -0.21211416334678687,
      -6.656195358701702e-05,
      0.007006517460067633,
      0.003686859221905882,
      2.390798540559849e-05,
      0.00010190709848976369,
      -0.0026571691013113317,
      -0.9750615404585323,
      0.006888184400281653,
      0.015332549834387355,
      -0.0017170438243819738,
      0.0007123858867207623,
      5.105538984667942,
      9.16749988374684e-05,
      0.07614899588420067
    ],
    "r_squared": 0.9999961824349768,
    "rmse": 0.005398991757302799,
    "loo_rmse": 0.27711592046182104,
    "n_samples": 36,
    "is_calibrated": true
  },
  "rear_spring_defl_max": {
    "name": "rear_spring_defl_max",
    "feature_names": [
      "rear_spring",
      "inv_rear_spring",
      "rear_spring_sq"
    ],
    "coefficients": [
      98.97548347552446,
      -0.17477427673283344,
      749.7896313798389,
      0.0001579123044923129
    ],
    "r_squared": 0.9999964719609569,