{
  "car": "porsche",
  "track": "",
  "n_sessions": 123,
  "n_unique_setups": 42,
  "calibration_complete": true,
  "front_ride_height": {
    "name": "front_ride_height",
    "feature_names": [
      "rear_pushrod_sq",
      "rear_pushrod",
      "rear_third_perch",
      "fuel_x_inv_spring",
      "front_pushrod_sq",
      "fuel_x_inv_third",
      "rear_spring",
      "inv_rear_third",
      "front_heave_perch",
      "inv_front_heave",
      "inv_rear_spring",
      "front_pushrod",
      "front_heave",
      "fuel"
    ],
    "coefficients": [
      99.10798610747074,
      -0.00048782703103768255,
      0.02186331125977333,
      0.006330814023751581,
      0.8878619897369328,
      -0.0005602091912636614,
      0.26821092174236405,
      0.0011999019929100384,
      -14.782493268215523,
      -0.665149718936397,
      -1839.233407031521,
      0.5659097036925147,
      0.514376903411254,
      0.002589152834074689,
      -0.018955417748372793
    ],
    "r_squared": 0.9991950407492957,
    "rmse": 0.02381327126768047,
    "loo_rmse": 0.05938774554859207,
    "n_samples": 42,
    "is_calibrated": true,
    "q_squared": 0.9949935549309551,
    "pool_fallback_used": true
  },
  "rear_ride_height": {
    "name": "rear_ride_height",
    "feature_names": [
      "inv_rear_third",
      "inv_rear_spring",
      "rear_pushrod",
      "rear_third_perch",
      "rear_spring_perch",
      "rear_pushrod_sq",
      "fuel",
      "fuel_x_inv_third",
      "inv_front_heave",
      "fuel_x_inv_spring",
      "front_heave_perch",
      "front_heave"
    ],
    "coefficients": [
      146.09354025242615,
      -920.4500121377084,
      0.44462738128276147,
      0.6003194388110761,
      -0.4972874944786645,
      -0.49007926450994044,
      -0.003333558839854486,
      0.08781252491787167,
      4.111663884591812,
      586.2395607316423,
      -21.28570929815984,
      0.031829091207280655,
      0.00801637483506296
    ],
    "r_squared": 0.9207645293182743,
    "rmse": 0.35905465219289034,
    "loo_rmse": 0.49786282839273344,
    "n_samples": 42,
    "is_calibrated": true,
    "q_squared": 0.8476586043931423,
    "pool_fallback_used": true
  },
  "torsion_bar_turns": null,
  "torsion_bar_defl": null,
  "front_shock_defl_static": null,
  "front_shock_defl_max": null,
  "rear_shock_defl_static": {
    "name": "rear_shock_defl_static",
    "feature_names": [
      "rear_pushrod",
      "inv_rear_spring",
      "inv_rear_third",
      "rear_third_perch",
      "rear_spring_perch",
      "rear_pushrod_sq",
      "fuel",
      "fuel_x_inv_third",
      "front_heave",
      "fuel_x_inv_spring",
      "front_heave_perch"
    ],
    "coefficients": [
      -67.19366957241039,
      -0.11425035336045548,
      -0.04039383458519564,
      792.0618693961104,
      0.43756922969473455,
      0.434780523728082,
      0.0021771908267555914,
      -0.08623470830077903,
      -3.434577619460719,
      0.003069999430163476,
      19.30797211546836,
      -0.018088169754386648
    ],
    "r_squared": 0.9812845560222568,
    "rmse": 0.3537342431940153,
    "loo_rmse": 0.48892961913943767,
    "n_samples": 42,
    "is_calibrated": true,
    "q_squared": 0.9642448485734147,
    "pool_fallback_used": true
  },
  "rear_shock_defl_max": null,
  "heave_spring_defl_static": {
    "name": "heave_spring_defl_static",
    "feature_names": [
      "inv_front_heave",
      "fuel",
      "front_heave_perch",
      "front_heave",
      "rear_pushrod_sq",
      "front_pushrod",
      "rear_camber"
    ],
    "coefficients": [
      7.590301118068052,
      2543.882064085351,
      0.013378703734199035,
      -0.050011448761966816,
      -0.0052550408616156615,
      3.621507499412719e-05,
      -0.004521552798309576,
      -0.026110792176383395
    ],
    "r_squared": 0.9999313585206163,
    "rmse": 0.018287861553388355,
    "loo_rmse": 0.027015838367957335,
    "n_samples": 42,
    "is_calibrated": true,
    "q_squared": 0.9998502048738447,
    "pool_fallback_used": true
  },
  "heave_spring_defl_max": {
    "name": "heave_spring_defl_max",
    "feature_names": [
      "front_heave",
      "inv_front_heave",
      "front_heave_perch",
      "rear_third",
      "inv_rear_third",
      "rear_spring",
      "rear_pushrod"
    ],
    "coefficients": [
      70.41906215528539,
      -0.06766420038176639,
      1618.5488762257867,
      -0.007601599867730485,
      -0.00011967725009618211,
      -3.5221456491647936,
      0.00015584922070799634,
      0.0009709080000658716
    ],
    "r_squared": 0.9999825952802517,
    "rmse": 0.014771555342532921,
    "loo_rmse": 0.021012985601224953,
    "n_samples": 42,
    "is_calibrated": true,
    "q_squared": 0.9999647799386078,
    "pool_fallback_used": true
  },
  "heave_slider_defl_static": {
    "name": "heave_slider_defl_static",
    "feature_names": [
      "front_pushrod",
      "front_heave",
      "front_heave_perch",
      "front_camber",
      "fuel",
      "inv_front_heave",
      "front_pushrod_sq"
    ],
    "coefficients": [
      -51.341876904512134,
      -0.030471208287072983,
      -0.005354632473364014,
      0.9469864753598026,
      -0.1820362371322522,
      0.013381078139343255,
      2534.806108336051,
      -0.0004454573541023918
    ],
    "r_squared": 0.9998448553367257,
    "rmse": 0.01930778242897884,
    "loo_rmse": 0.5036149046527935,
    "n_samples": 42,
    "is_calibrated": false,
    "q_squared": 0.8944473361879254,
    "pool_fallback_used": false
  },
  "rear_spring_defl_static": {
    "name": "rear_spring_defl_static",
    "feature_names": [
      "inv_rear_third",
      "inv_rear_spring",
      "rear_spring_perch",
      "rear_third_perch",
      "front_camber",
      "rear_spring",
      "rear_camber",
      "fuel_x_inv_third",
      "fuel_x_inv_spring",
      "fuel",
      "front_heave",
      "front_heave_perch",
      "front_pushrod_sq"
    ],
    "coefficients": [
      4.146399844347371,
      745.4019736265947,
      0.4536529759831447,
      -0.6301346589135862,
      0.45422351261436494,
      -5.3298692790246855,
      0.0095142259076846,
      2.2544353695116683,
      -2.9290414319482507,
      24.975111367564462,
      -0.12584458210258176,
      0.005149079635385318,
      -0.0524316991348376,
      -0.0005537996287838155
    ],
    "r_squared": 0.9846031103795008,
    "rmse": 0.32884809067934656,
    "loo_rmse": 0.4648018136954189,
    "n_samples": 42,
    "is_calibrated": true,
    "q_squared": 0.9692405918292832,
    "pool_fallback_used": true
  },
  "rear_spring_defl_max": {
    "name": "rear_spring_defl_max",
    "feature_names": [
      "rear_spring",
      "inv_rear_spring",
      "rear_spring_perch",
      "rear_pushrod_sq",
      "fuel_x_inv_spring",
      "fuel",
      "front_heave_perch",
      "front_heave",
      "rear_camber"
    ],
    "coefficients": [
      90.20674003748465,
      -0.09031467269212763,
      0.9534609460722885,
      0.02793293676565509,
      -8.674557759981408e-05,
      26.233312474843512,
      -0.14510922692141281,
      0.0005492824200699739,
      -0.00017545797982987166,
      -0.05078587516602264
    ],
    "r_squared": 0.9999299425537361,
    "rmse": 0.03707332975934078,
    "loo_rmse": 0.06695253665497025,
    "n_samples": 42,
    "is_calibrated": true,
    "q_squared": 0.9997715110584178,
    "pool_fallback_used": true
  },
  "third_spring_defl_static": {
    "name": "third_spring_defl_static",
    "feature_names": [
      "rear_pushrod",
      "rear_third",
      "inv_rear_spring",
      "front_heave_perch",
      "front_heave",
      "rear_camber",
      "rear_pushrod_sq",
      "rear_spring",
      "fuel",
      "fuel_x_inv_spring",
      "front_camber"
    ],