{
  "car": "porsche",
  "n_sessions": 60,
  "n_unique_setups": 36,
  "calibration_complete": true,
  "front_ride_height": {
    "name": "front_ride_height",
    "feature_names": [
      "front_pushrod",
      "inv_front_heave",
      "front_heave_perch",
      "front_camber",
      "fuel"
    ],
    "coefficients": [
      105.68258113788383,
      0.5537144609433705,
      -1958.0353946007763,
      -0.6695817706408124,
      1.204189586083142,
      -0.012437589064978827
    ],
    "r_squared": 0.9994047442831293,
    "rmse": 0.021999453801808674,
    "loo_rmse": 1.1210789498722808,
    "n_samples": 36,
    "is_calibrated": true
  },
  "rear_ride_height": {
    "name": "rear_ride_height",
    "feature_names": [
      "rear_pushrod",
      "inv_rear_third",
      "inv_rear_spring",
      "rear_third_perch",
      "rear_spring_perch",
      "fuel"
    ],
    "coefficients": [
      162.61630313666623,
      0.3993431630425096,
      -610.2933611485356,
      -1253.7279796509918,
      -0.4925393675186498,
      -0.5161393745786818,
      -0.00922191849146195
    ],
    "r_squared": 0.9052267601400448,
    "rmse": 0.4199690740570968,
    "loo_rmse": 0.5860278507386114,
    "n_samples": 36,
    "is_calibrated": true
  },
  "torsion_bar_turns": null,
  "torsion_bar_defl": null,
  "front_shock_defl_static": null,
  "front_shock_defl_max": null,
  "rear_shock_defl_static": {
    "name": "rear_shock_defl_static",
    "feature_names": [
      "rear_pushrod",
      "inv_rear_third",
      "inv_rear_spring",
      "rear_third_perch",
      "rear_spring_perch"
    ],
    "coefficients": [
      -74.16628663496529,
      0.02130918782678326,
      546.6849273857739,
      1143.9093898720478,
      0.4546364717791545,
      0.41179238722962197
    ],
    "r_squared": 0.9772521027366929,
    "rmse": 0.402900377305261,
    "loo_rmse": 0.5414089238397343,
    "n_samples": 36,
    "is_calibrated": true
  },
  "rear_shock_defl_max": null,
  "heave_spring_defl_static": {
    "name": "heave_spring_defl_static",
    "feature_names": [
      "inv_heave_nmm",
      "front_heave_perch",
      "inv_od4"
    ],
    "coefficients": [
      3.866889292593199,
      2775.160667536326,
      -0.0741575363940683,
      3.866889292605137
    ],
    "r_squared": 0.9924489085542079,
    "rmse": 0.15161219111562785,
    "loo_rmse": 0.16777082114668554,
    "n_samples": 36,
    "is_calibrated": true
  },
  "heave_spring_defl_max": {
    "name": "heave_spring_defl_max",
    "feature_names": [
      "front_heave"
    ],
    "coefficients": [
      85.73719484108705,
      -0.10468678028558269
    ],
    "r_squared": 0.9911276391688969,
    "rmse": 0.25639175428409144,
    "loo_rmse": 0.3968236477570639,
    "n_samples": 36,
    "is_calibrated": true
  },
  "heave_slider_defl_static": {
    "name": "heave_slider_defl_static",
    "feature_names": [
      "front_heave",
      "front_heave_perch",
      "torsion_od"
    ],
    "coefficients": [
      -17.64567827690474,
      -0.0620889752807591,
      0.8185710289668809,
      0.0
    ],
    "r_squared": 0.930525236401879,
    "rmse": 0.4299518839643645,
    "loo_rmse": 0.7112721357425345,
    "n_samples": 36,
    "is_calibrated": true
  },
  "rear_spring_defl_static": {
    "name": "rear_spring_defl_static",
    "feature_names": [
      "inv_rear_spring",
      "inv_rear_third",
      "rear_spring_perch",
      "rear_third_perch",
      "rear_pushrod"
    ],
    "coefficients": [
      3.6337133650758924,
      1143.9093898721778,
      546.6849273856508,
      -0.5882076127705886,
      0.45463647177928124,
      0.021309187826517473
    ],
    "r_squared": 0.9787403327741905,
    "rmse": 0.4029003773052638,
    "loo_rmse": 0.5414089238552822,
    "n_samples": 36,
    "is_calibrated": true
  },
  "rear_spring_defl_max": {
    "name": "rear_spring_defl_max",
    "feature_names": [
      "rear_spring",
      "rear_spring_perch"
    ],
    "coefficients": [
      111.69718294791056,
      -0.15290637944808863,
      -0.07195555028762336
    ],
    "r_squared": 0.9854352902654958,
    "rmse": 0.5746287085519023,
    "loo_rmse": 0.7581590148857613,
    "n_samples": 36,
    "is_calibrated": true
  },
  "third_spring_defl_static": {
    "name": "third_spring_defl_static",
    "feature_names": [
      "inv_rear_third",
      "inv_rear_spring",
      "rear_third_perch",
      "rear_spring_perch",
      "rear_pushrod"
    ],
    "coefficients": [
      3.3983918569909783,
      655.3578719811733,
      1368.8791905461228,
      -0.4631636496670808,
      0.5170560484215798,
      0.016012652702059427
    ],
    "r_squared": 0.9762659497557691,
    "rmse": 0.5724230593395999,
    "loo_rmse": 0.7604832181041927,
    "n_samples": 36,
    "is_calibrated": true
  },
  "third_spring_defl_max": {
    "name": "third_spring_defl_max",
    "feature_names": [
      "rear_third",
      "rear_third_perch"
    ],
    "coefficients": [
      -66.03529529093626,
      -0.12588160435887352,
      1.3915053539778952
    ],
    "r_squared": 0.9662985639091771,
    "rmse": 2.292016368015744,
    "loo_rmse": 4.9070279662534535,
    "n_samples": 36,
    "is_calibrated": true
  },
  "third_slider_defl_static": {
    "name": "third_slider_defl_static",
    "feature_names": [
      "third_spring_defl"
    ],
    "coefficients": [
      29.570307701336056,
      0.7868586295260264
    ],
    "r_squared": 0.8544433292664987,
    "rmse": 1.2067083804306593,
    "loo_rmse": 1.5125100380115606,
    "n_samples": 36,
    "is_calibrated": true
  },
  "front_heave_lookup": null,
  "rear_heave_lookup": null,
  "front_torsion_lookup": null,
  "rear_torsion_lookup": null,
  "m_eff_front_kg": null,
  "m_eff_rear_kg": 833.4195864948863,
  "m_eff_is_rate_dependent": true,
  "m_eff_rate_table": [
    {
      "setting": 150.0,
      "m_eff_kg": 878.1845622099523
    },
    {
      "setting": 150.0,
      "m_eff_kg": 1222.1052876439492
    },
    {
      "setting": 150.0,
      "m_eff_kg": 1578.0045384057264
    },
    {
      "setting": 150.0,
      "m_eff_kg": 2058.117352800134
    },
    {
      "setting": 170.0,
      "m_eff_kg": 792.6408167518397
    },
    {
      "setting": 180.0,
      "m_eff_kg": 690.2694850129556
    },
    {
      "setting": 180.0,
      "m_eff_kg": 770.066692674716
    },
    {
      "setting": 180.0,
      "m_eff_kg": 962.638701999593
    },
    {
      "setting": 180.0,
      "m_eff_kg": 1011.6466837896783
    },
    {
      "setting": 180.0,
      "m_eff_kg": 1124.3073355829583
    },
    {
      "setting": 180.0,
      "m_eff_kg": 1171.3387035863952
    },
    {
      "setting": 180.0,
      "m_eff_kg": 1205.8005952096648
    },
    {
      "setting": 180.0,
      "m_eff_kg": 1396.5870505349717
    },
    {
      "setting": 180.0,
      "m_eff_kg": 1677.0770165745812
    },
    {
      "setting": 200.0,
      "m_eff_kg": 1561.601220074756
    },
    {
      "setting": 250.0,
      "m_eff_kg": 1496.2300836038341
    }
  ],
  "m_eff_rear_rate_table": [
    {
      "setting": 80.0,
      "m_eff_kg": 329.02958620417274
    },
    {
      "setting": 80.0,
      "m_eff_kg": 833.4087837028965
    },
    {
      "setting": 100.0,
      "m_eff_kg": 841.6980188075074
    },
    {
      "setting": 110.0,
      "m_eff_kg": 464.4065888777793
    },
    {
      "setting": 110.0,
      "m_eff_kg": 487.7563371473708
    },
    {
      "setting": 120.0,
      "m_eff_kg": 369.491898809249
    },
    {
      "setting": 120.0,
      "m_eff_kg": 509.67665013484003
    },
    {
      "setting": 120.0,
      "m_eff_kg": 578.644221793533
    },
    {
      "setting": 120.0,
      "m_eff_kg": 682.4840916976303
    },
    {
      "setting": 120.0,
      "m_eff_kg": 945.740827006682
    },
    {
      "setting": 160.0,
      "m_eff_kg": 548.5607437979774
    },
    {
      "setting": 160.0,
      "m_eff_kg": 725.6824954243382
    },
    {
      "setting": 200.0,
      "m_eff_kg": 1083.7074919822805
    },
    {
      "setting": 250.0,