{
  "lap_number": 4,
  "lap_time_s": 109.12193298339844,
  "rear_rh_std_mm": 7.443507671356201,
  "body_slip_p95_deg": 3.466506242752075,
  "understeer_low_speed_deg": -0.036857787519693375,
  "understeer_high_speed_deg": 0.1783926784992218
}
