{
  "lap_number": 7,
  "lap_time_s": 109.56856536865234,
  "dynamic_front_rh_mm": 19.855838775634766,
  "dynamic_rear_rh_mm": 29.69226837158203,
  "front_rh_std_mm": 5.983765125274658,
  "rear_rh_std_mm": 7.508162021636963,
  "front_shock_vel_p95_mps": 0.13642436265945435,
  "rear_shock_vel_p95_mps": 0.16461318731307983,
  "front_shock_vel_p99_mps": 0.2719549834728241,
  "rear_shock_vel_p99_mps": 0.31208762526512146,
  "peak_lat_g": 3.722074270248413,
  "body_roll_p95_deg": 0.0,
  "body_roll_max_deg": 3.050957134180998,
  "roll_gradient_deg_per_g": 0.8196927069854991,
  "lltd_measured": 0.4839160131169791,
  "understeer_mean_deg": -0.04035285487771034,
  "understeer_high_speed_deg": 0.12819822132587433,
  "understeer_low_speed_deg": 0.10700569301843643,
  "body_slip_p95_deg": 3.28818416595459,
  "front_bottoming_events": 0,
  "rear_bottoming_events": 10,
  "front_rh_settle_time_ms": 0.0,
  "rear_rh_settle_time_ms": 0.0,
  "front_dominant_freq_hz": 2.81,
  "rear_dominant_freq_hz": 4.92
}