{
  "lap_number": 13,
  "lap_time_s": 109.37226867675781,
  "dynamic_front_rh_mm": 21.959684371948242,
  "dynamic_rear_rh_mm": 22.06655502319336,
  "front_rh_std_mm": 5.255040168762207,
  "rear_rh_std_mm": 8.120196342468262,
  "front_shock_vel_p95_mps": 0.1317903697490692,
  "rear_shock_vel_p95_mps": 0.1693023294210434,
  "front_shock_vel_p99_mps": 0.2639108896255493,
  "rear_shock_vel_p99_mps": 0.33378979563713074,
  "peak_lat_g": 3.848367214202881,
  "body_roll_p95_deg": 0.0,
  "body_roll_max_deg": 3.135949989387232,
  "roll_gradient_deg_per_g": 0.8148780547276299,
  "lltd_measured": 0.485884856610933,
  "understeer_mean_deg": -0.1062752828001976,
  "understeer_high_speed_deg": 0.1452244520187378,
  "understeer_low_speed_deg": -0.18473286926746368,
  "body_slip_p95_deg": 3.0368127822875977,
  "front_bottoming_events": 1,
  "rear_bottoming_events": 8,
  "front_rh_settle_time_ms": 0.0,
  "rear_rh_settle_time_ms": 0.0,
  "front_dominant_freq_hz": 2.87,
  "rear_dominant_freq_hz": 5.02
}