{
  "lap_number": 13,
  "lap_time_s": 109.65486907958984,
  "dynamic_front_rh_mm": 19.775724411010742,
  "dynamic_rear_rh_mm": 30.344892501831055,
  "front_rh_std_mm": 5.365776538848877,
  "rear_rh_std_mm": 6.903326988220215,
  "front_shock_vel_p95_mps": 0.12387669831514359,
  "rear_shock_vel_p95_mps": 0.16121414303779602,
  "front_shock_vel_p99_mps": 0.23913615942001343,
  "rear_shock_vel_p99_mps": 0.32014521956443787,
  "peak_lat_g": 3.826434373855591,
  "body_roll_p95_deg": 0.0,
  "body_roll_max_deg": 3.1328565520645264,
  "roll_gradient_deg_per_g": 0.8187404371730537,
  "lltd_measured": 0.48898809608608396,
  "understeer_mean_deg": 0.0840943455696106,
  "understeer_high_speed_deg": 0.12681151926517487,
  "understeer_low_speed_deg": 0.1687575876712799,
  "body_slip_p95_deg": 3.852060317993164,
  "front_bottoming_events": 0,
  "rear_bottoming_events": 9,
  "front_rh_settle_time_ms": 0.0,
  "rear_rh_settle_time_ms": 0.0,
  "front_dominant_freq_hz": 2.83,
  "rear_dominant_freq_hz": 4.96
}