{
  "lap_number": 34,
  "lap_time_s": 109.27870178222656,
  "dynamic_front_rh_mm": 23.002538681030273,
  "dynamic_rear_rh_mm": 27.70842170715332,
  "front_rh_std_mm": 4.933223724365234,
  "rear_rh_std_mm": 7.730500221252441,
  "front_shock_vel_p95_mps": 0.13537822663784027,
  "rear_shock_vel_p95_mps": 0.17719978094100952,
  "front_shock_vel_p99_mps": 0.2728566527366638,
  "rear_shock_vel_p99_mps": 0.355404257774353,
  "peak_lat_g": 4.040866851806641,
  "body_roll_p95_deg": 0.0,
  "body_roll_max_deg": 3.247263079138778,
  "roll_gradient_deg_per_g": 0.8036055624270202,
  "lltd_measured": 0.48456034683120264,
  "understeer_mean_deg": 0.0017741521587595344,
  "understeer_high_speed_deg": 0.13624724745750427,
  "understeer_low_speed_deg": 0.047918111085891724,
  "body_slip_p95_deg": 3.495231866836548,
  "front_bottoming_events": 1,
  "rear_bottoming_events": 6,
  "front_rh_settle_time_ms": 0.0,
  "rear_rh_settle_time_ms": 0.0,
  "front_dominant_freq_hz": 2.81,
  "rear_dominant_freq_hz": 4.92
}