{
  "car": "acura",
  "n_sessions": 15,
  "n_unique_setups": 8,
  "calibration_complete": true,
  "front_ride_height": {
    "name": "front_ride_height",
    "feature_names": [],
    "coefficients": [
      30.1125
    ],
    "r_squared": 1.0,
    "rmse": 0.07806247497997959,
    "loo_rmse": 0.07806247497997959,
    "n_samples": 8,
    "is_calibrated": true
  },
  "rear_ride_height": {
    "name": "rear_ride_height",
    "feature_names": [
      "inv_front_heave",
      "inv_rear_third",
      "inv_od4",
      "front_heave_perch",
      "torsion_od",
      "front_camber"
    ],
    "coefficients": [
      -151.59397116231858,
      -771.0999344979327,
      463.8426567994417,
      2149035.265624708,
      0.19126811678423675,
      9.473920166443918,
      0.050771520786996864
    ],
    "r_squared": 1.0,
    "rmse": 1.0001571232941805e-10,
    "loo_rmse": 39.70829634375535,
    "n_samples": 8,
    "is_calibrated": true
  },
  "torsion_bar_turns": {
    "name": "torsion_bar_turns",
    "feature_names": [
      "1/front_heave",
      "front_heave_perch",
      "torsion_od"
    ],
    "coefficients": [
      -0.04582968736425974,
      3.1647790127606203,
      -0.0007131464612540224,
      0.011154649299354788
    ],
    "r_squared": 0.4062579084991961,
    "rmse": 0.009719564449597817,
    "loo_rmse": 0.026651364345007297,
    "n_samples": 8,
    "is_calibrated": false
  },
  "torsion_bar_defl": {
    "name": "torsion_bar_defl_load",
    "feature_names": [
      "front_heave",
      "front_heave_perch"
    ],
    "coefficients": [
      -49661.132454349616,
      -30.885030948750682,
      15058.594933521183
    ],
    "r_squared": 0.06826816887081,
    "rmse": 336234.26237542136,
    "loo_rmse": 713132.1434077485,
    "n_samples": 8,
    "is_calibrated": false
  },
  "front_shock_defl_static": null,
  "front_shock_defl_max": null,
  "rear_shock_defl_static": null,
  "rear_shock_defl_max": null,
  "heave_spring_defl_static": {
    "name": "heave_spring_defl_static",
    "feature_names": [
      "front_heave",
      "front_camber",
      "front_heave_perch",
      "front_pushrod",
      "rear_pushrod"
    ],
    "coefficients": [
      80.067986405411,
      -0.0018262832696998021,
      1.519122916556177,
      -0.9502580623568128,
      0.6757850620508331,
      -0.015510068725123309
    ],
    "r_squared": 0.9999970971389163,
    "rmse": 0.00913350810983738,
    "loo_rmse": 0.12340990005768632,
    "n_samples": 8,
    "is_calibrated": true
  },
  "heave_spring_defl_max": {
    "name": "heave_spring_defl_max",
    "feature_names": [
      "front_heave",
      "inv_front_heave",
      "front_heave_perch",
      "rear_third_perch",
      "front_pushrod",
      "inv_od4"
    ],
    "coefficients": [
      53.93037639755368,
      -0.0778347474686078,
      1015.4630872940027,
      0.15814685035318393,
      0.05784328041231238,
      -0.185625347021894,
      253728.42034192433
    ],
    "r_squared": 1.0,
    "rmse": 3.3379829495847464e-12,
    "loo_rmse": 186.8512413943902,
    "n_samples": 8,
    "is_calibrated": true
  },
  "heave_slider_defl_static": null,
  "rear_spring_defl_static": null,
  "rear_spring_defl_max": null,
  "third_spring_defl_static": {
    "name": "third_spring_defl_static",
    "feature_names": [
      "front_heave",
      "rear_third_perch",
      "rear_pushrod",
      "inv_front_heave",
      "front_pushrod",
      "inv_rear_third"
    ],
    "coefficients": [
      98.07406303078076,
      0.04721018176906294,
      -1.0852023532260424,
      2.4933719384948567,
      2977.069312447451,
      -0.8730507893784666,
      -912.0568918457719
    ],
    "r_squared": 1.0,
    "rmse": 5.245445570657111e-13,
    "loo_rmse": 20.863243338676263,
    "n_samples": 8,
    "is_calibrated": true
  },
  "third_spring_defl_max": {
    "name": "third_spring_defl_max",
    "feature_names": [
      "rear_third",
      "inv_rear_third",
      "inv_front_heave",
      "rear_third_perch"
    ],
    "coefficients": [
      92.94021727998391,
      -0.12038944833557991,
      886.5706795790346,
      55.87758029863111,
      0.008467879564288712
    ],
    "r_squared": 0.9999996461011202,
    "rmse": 0.0053496651916161275,
    "loo_rmse": 0.03303513356712457,
    "n_samples": 8,
    "is_calibrated": true
  },
  "third_slider_defl_static": null,
  "torsion_bar_defl_direct": {
    "name": "torsion_bar_defl_direct",
    "feature_names": [
      "front_camber",
      "inv_front_heave",
      "front_heave",
      "front_heave_perch",
      "front_pushrod",
      "rear_pushrod"
    ],
    "coefficients": [
      -61.84113510219204,
      2.166663191261023,
      3227.550988418911,
      0.034616151608802256,
      0.8141032589822904,
      -0.4807677215399326,
      0.04769445911578681
    ],
    "r_squared": 1.0,
    "rmse": 6.923983605135049e-12,
    "loo_rmse": 12.548651474500362,
    "n_samples": 8,
    "is_calibrated": true
  },
  "third_slider_defl_direct": null,
  "front_heave_lookup": null,
  "rear_heave_lookup": null,
  "front_torsion_lookup": null,
  "rear_torsion_lookup": null,
  "m_eff_front_kg": 829.4203117967074,
  "m_eff_rear_kg": 255.87653173568356,
  "m_eff_is_rate_dependent": false,
  "m_eff_rate_table": [],
  "m_eff_rear_rate_table": [],
  "measured_lltd_target": null,
  "front_ls_zeta": null,
  "rear_ls_zeta": null,
  "front_hs_zeta": null,
  "rear_hs_zeta": null,
  "zeta_n_sessions": 0,
  "aero_front_compression_mm": 7.125000000000001,
  "aero_rear_compression_mm": null,
  "aero_n_sessions": 4,
  "status": {
    "aero_compression": "calibrated from IBT AeroCalculator (4 sessions, front=7.1mm rear=n/a)",
    "arb_stiffness": "insufficient data (need sessions with varied ARB settings and driving telemetry)",
    "m_eff": "constant (5 points, mean 829 kg)",
    "m_eff_rear": "constant (5 points, mean 256 kg)",
    "lltd_target": "DISABLED \u2014 IBT 'lltd_measured' is a geometric proxy (t_f^3/(t_f^3+t_r^3)), not true LLTD. ARB solver uses OptimumG physics.",
    "deflection_model": "calibrated (8 unique setups, best R\u00b2=1.00)"
  }
}