{
  "car": "acura",
  "n_sessions": 15,
  "n_unique_setups": 8,
  "calibration_complete": true,
  "front_ride_height": {
    "name": "front_ride_height",
    "feature_names": [],
    "coefficients": [
      30.1125
    ],
    "r_squared": 1.0,
    "rmse": 0.07806247497997959,
    "loo_rmse": 0.07806247497997959,
    "n_samples": 8,
    "is_calibrated": true
  },
  "rear_ride_height": {
    "name": "rear_ride_height",
    "feature_names": [
      "rear_third_perch",
      "inv_rear_third"
    ],
    "coefficients": [
      44.253804005069526,
      -0.02862261366355239,
      59.09479132894336
    ],
    "r_squared": 0.20244712989008795,
    "rmse": 1.3646559829153444,
    "loo_rmse": 3.230482120804928,
    "n_samples": 8,
    "is_calibrated": false
  },
  "torsion_bar_turns": {
    "name": "torsion_bar_turns",
    "feature_names": [
      "1/front_heave",
      "front_heave_perch",
      "torsion_od"
    ],
    "coefficients": [
      -0.04582968736425974,
      3.1647790127606203,
      -0.0007131464612540224,
      0.011154649299354788
    ],
    "r_squared": 0.4062579084991961,
    "rmse": 0.009719564449597817,
    "loo_rmse": 0.026651364345007297,
    "n_samples": 8,
    "is_calibrated": false
  },
  "torsion_bar_defl": {
    "name": "torsion_bar_defl_load",
    "feature_names": [
      "front_heave",
      "front_heave_perch"
    ],
    "coefficients": [
      -49661.132454349616,
      -30.885030948750682,
      15058.594933521183
    ],
    "r_squared": 0.06826816887081,
    "rmse": 336234.26237542136,
    "loo_rmse": 713132.1434077485,
    "n_samples": 8,
    "is_calibrated": false
  },
  "front_shock_defl_static": null,
  "front_shock_defl_max": null,
  "rear_shock_defl_static": null,
  "rear_shock_defl_max": null,
  "heave_spring_defl_static": {
    "name": "heave_spring_defl_static",
    "feature_names": [
      "inv_heave_nmm",
      "front_heave_perch",
      "inv_od4"
    ],
    "coefficients": [
      -13.57499299559072,
      347.9880452194534,
      0.10368997874931077,
      800764.7379048086
    ],
    "r_squared": 0.5795672914646505,
    "rmse": 3.475943751204068,
    "loo_rmse": 9.80717882854302,
    "n_samples": 8,
    "is_calibrated": false
  },
  "heave_spring_defl_max": {
    "name": "heave_spring_defl_max",
    "feature_names": [
      "front_heave"
    ],
    "coefficients": [
      86.88466312056735,
      -0.10054964539007097
    ],
    "r_squared": 0.9767837316187747,
    "rmse": 1.840717318934921,
    "loo_rmse": 2.445194143361245,
    "n_samples": 8,
    "is_calibrated": true
  },
  "heave_slider_defl_static": null,
  "rear_spring_defl_static": null,
  "rear_spring_defl_max": null,
  "third_spring_defl_static": {
    "name": "third_spring_defl_static",
    "feature_names": [
      "inv_rear_third",
      "inv_rear_spring"
    ],
    "coefficients": [
      1.5822510037773587,
      1370.3987321596067,
      1.5822510037774513
    ],
    "r_squared": 0.4762127137084182,
    "rmse": 5.38168102254668,
    "loo_rmse": 7.097825322527823,
    "n_samples": 8,
    "is_calibrated": false
  },
  "third_spring_defl_max": {
    "name": "third_spring_defl_max",
    "feature_names": [
      "rear_third",
      "rear_third_perch"
    ],
    "coefficients": [
      108.67456681187304,
      -0.20830036416319506,
      0.08581642809770924
    ],
    "r_squared": 0.9913894500512573,
    "rmse": 0.8344541017814849,
    "loo_rmse": 2.0210035896705683,
    "n_samples": 8,
    "is_calibrated": true
  },
  "third_slider_defl_static": null,
  "front_heave_lookup": null,
  "rear_heave_lookup": null,
  "front_torsion_lookup": null,
  "rear_torsion_lookup": null,
  "m_eff_front_kg": 829.4203117967074,
  "m_eff_rear_kg": 255.87653173568356,
  "m_eff_is_rate_dependent": false,
  "m_eff_rate_table": [],
  "m_eff_rear_rate_table": [],
  "measured_lltd_target": null,
  "front_ls_zeta": null,
  "rear_ls_zeta": null,
  "front_hs_zeta": null,
  "rear_hs_zeta": null,
  "zeta_n_sessions": 0,
  "aero_front_compression_mm": 7.125000000000001,
  "aero_rear_compression_mm": null,
  "aero_n_sessions": 4,
  "status": {
    "aero_compression": "calibrated from IBT AeroCalculator (4 sessions, front=7.1mm rear=n/a)",
    "arb_stiffness": "insufficient data (need sessions with varied ARB settings and driving telemetry)",
    "m_eff": "constant (5 points, mean 829 kg)",
    "m_eff_rear": "constant (5 points, mean 256 kg)",
    "lltd_target": "DISABLED \u2014 IBT 'lltd_measured' is a geometric proxy (t_f^3/(t_f^3+t_r^3)), not true LLTD. ARB solver uses OptimumG physics.",
    "deflection_model": "calibrated (8 unique setups, best R\u00b2=1.00)"
  }
}