{
  "car": "acura",
  "track": "hockenheim",
  "n_sessions": 18,
  "n_unique_setups": 7,
  "calibration_complete": true,
  "front_ride_height": {
    "name": "front_ride_height",
    "feature_names": [],
    "coefficients": [
      30.128571428571426
    ],
    "r_squared": 1.0,
    "rmse": 0.06998542122237596,
    "loo_rmse": 0.06998542122237596,
    "n_samples": 7,
    "is_calibrated": false,
    "q_squared": 0.0,
    "pool_fallback_used": false
  },
  "rear_ride_height": {
    "name": "rear_ride_height",
    "feature_names": [
      "inv_rear_third",
      "rear_pushrod"
    ],
    "coefficients": [
      40.77179131747762,
      195.93833042270748,
      -0.015449096686415835
    ],
    "r_squared": 0.28948862767682426,
    "rmse": 1.2717530763166884,
    "loo_rmse": 8.928704379782559,
    "n_samples": 7,
    "is_calibrated": false,
    "q_squared": -34.02211164762292,
    "pool_fallback_used": false
  },
  "torsion_bar_turns": {
    "name": "torsion_bar_turns",
    "feature_names": [
      "1/front_heave",
      "front_heave_perch",
      "torsion_od"
    ],
    "coefficients": [
      -0.2887603368335972,
      6.44312142919167,
      -0.002146519711007351,
      0.03039703417984481
    ],
    "r_squared": 0.5618891949069387,
    "rmse": 0.00852587998379602,
    "loo_rmse": 0.042641077045922925,
    "n_samples": 7,
    "is_calibrated": false,
    "q_squared": -9.958771356725762,
    "pool_fallback_used": false
  },
  "torsion_bar_defl": {
    "name": "torsion_bar_defl_load",
    "feature_names": [
      "front_heave",
      "front_heave_perch"
    ],
    "coefficients": [
      -66147.30501722216,
      540.8655408378258,
      13836.54786063005
    ],
    "r_squared": 0.15020808855321344,
    "rmse": 314088.79926345765,
    "loo_rmse": 776010.7770272238,
    "n_samples": 7,
    "is_calibrated": false,
    "q_squared": -4.187321909277702,
    "pool_fallback_used": false
  },
  "front_shock_defl_static": null,
  "front_shock_defl_max": null,
  "rear_shock_defl_static": null,
  "rear_shock_defl_max": null,
  "heave_spring_defl_static": {
    "name": "heave_spring_defl_static",
    "feature_names": [
      "front_heave",
      "front_camber"
    ],
    "coefficients": [
      6.180562240639919,
      -0.03157123756901842,
      -5.643385619555122
    ],
    "r_squared": 0.9376504206430069,
    "rmse": 1.4254237344737006,
    "loo_rmse": 2.577452477892167,
    "n_samples": 7,
    "is_calibrated": true,
    "q_squared": 0.7961424082453462,
    "pool_fallback_used": false
  },
  "heave_spring_defl_max": {
    "name": "heave_spring_defl_max",
    "feature_names": [
      "front_heave",
      "inv_front_heave"
    ],
    "coefficients": [
      70.22919080132363,
      -0.06499534339317403,
      1457.7338351827264
    ],
    "r_squared": 0.9998547618575268,
    "rmse": 0.14493508157648588,
    "loo_rmse": 0.26482796292053645,
    "n_samples": 7,
    "is_calibrated": true,
    "q_squared": 0.9995150897915497,
    "pool_fallback_used": false
  },
  "heave_slider_defl_static": null,
  "rear_spring_defl_static": null,
  "rear_spring_defl_max": null,
  "third_spring_defl_static": {
    "name": "third_spring_defl_static",
    "feature_names": [
      "front_heave",
      "rear_third"
    ],
    "coefficients": [
      35.662754052883884,
      -0.04229189287620365,
      -0.0851438232567781
    ],
    "r_squared": 0.8873616245352158,
    "rmse": 2.6671842822682392,
    "loo_rmse": 3.7146694385508656,
    "n_samples": 7,
    "is_calibrated": true,
    "q_squared": 0.7815154772553264,
    "pool_fallback_used": true
  },
  "third_spring_defl_max": {
    "name": "third_spring_defl_max",
    "feature_names": [
      "rear_third",
      "rear_pushrod_sq"
    ],
    "coefficients": [
      115.9060330869055,
      -0.20111897211977925,
      -0.0037173990712427414
    ],
    "r_squared": 0.9986264193439099,
    "rmse": 0.3341897060028482,
    "loo_rmse": 0.5829867719910605,
    "n_samples": 7,
    "is_calibrated": true,
    "q_squared": 0.9958199119396419,
    "pool_fallback_used": false
  },
  "third_slider_defl_static": null,
  "torsion_bar_defl_direct": {
    "name": "torsion_bar_defl_direct",
    "feature_names": [
      "torsion_turns",
      "front_pushrod"
    ],
    "coefficients": [
      -50.44532988127603,
      708.6748601100052,
      0.33042499688070437
    ],
    "r_squared": 0.9994771810648444,
    "rmse": 0.17097549685893326,
    "loo_rmse": 0.5832554168134009,
    "n_samples": 7,
    "is_calibrated": true,
    "q_squared": 0.9939158330726536,
    "pool_fallback_used": false
  },
  "third_slider_defl_direct": null,
  "front_heave_lookup": null,
  "rear_heave_lookup": null,
  "front_torsion_lookup": null,
  "rear_torsion_lookup": null,
  "m_eff_front_kg": 829.4203117967074,
  "m_eff_rear_kg": 255.87653173568356,
  "m_eff_is_rate_dependent": false,
  "m_eff_rate_table": [],
  "m_eff_rear_rate_table": [],
  "measured_lltd_target": null,
  "front_ls_zeta": null,
  "rear_ls_zeta": null,
  "front_hs_zeta": null,
  "rear_hs_zeta": null,
  "zeta_n_sessions": 0,
  "aero_front_compression_mm": 7.125000000000001,
  "aero_rear_compression_mm": null,
  "aero_n_sessions": 4,
  "status": {
    "ride_height_model": "front: constant (no variance, Q\u00b2=0.00, marked uncalibrated); rear: regression (R\u00b2=0.29, Q\u00b2=-34.02)",
    "aero_compression": "calibrated from IBT AeroCalculator (4 sessions, front=7.1mm rear=n/a)",
    "arb_stiffness": "insufficient data (need sessions with varied ARB settings and driving telemetry)",
    "m_eff": "constant (5 points, mean 829 kg)",
    "m_eff_rear": "constant (5 points, mean 256 kg)",
    "lltd_target": "DISABLED \u2014 IBT 'lltd_measured' is a geometric proxy (t_f^3/(t_f^3+t_r^3)), not true LLTD. ARB solver uses OptimumG physics.",
    "deflection_model": "calibrated (7 unique setups, best R\u00b2=1.00)",
    "audit_note": "Q\u00b2<0.85 \u2192 is_calibrated=False per Unit 14 audit. front_ride_height collapses to a mean-only fit (no variance to generalise); rear_ride_height regression has Q\u00b2<<0 (data too small / cross-axis collinear). Pipeline must collect more varied garage sweeps before fitting a usable RH model."
  }
}