{
  "car": "acura",
  "n_sessions": 15,
  "n_unique_setups": 8,
  "calibration_complete": true,
  "front_ride_height": {
    "name": "front_ride_height",
    "feature_names": [],
    "coefficients": [
      30.1125
    ],
    "r_squared": 1.0,
    "rmse": 0.07806247497997959,
    "loo_rmse": 0.07806247497997959,
    "n_samples": 8,
    "is_calibrated": true
  },
  "rear_ride_height": {
    "name": "rear_ride_height",
    "feature_names": [
      "inv_front_heave",
      "front_heave_x_rear_third_perch",
      "rear_arb_blade",
      "front_heave_perch",
      "rear_camber",
      "rear_third_x_front_heave_perch"
    ],
    "coefficients": [
      90.0460249380307,
      -2246.790128771601,
      -0.001505402160513631,
      0.00306904083964296,
      0.015982638855703574,
      18.363660353687898,
      0.0019639412762753666
    ],
    "r_squared": 0.9998899315139635,
    "rmse": 0.016031528775983604,
    "loo_rmse": 0.7912310162648841,
    "n_samples": 8,
    "is_calibrated": true
  },
  "torsion_bar_turns": {
    "name": "torsion_bar_turns",
    "feature_names": [
      "1/front_heave",
      "front_heave_perch",
      "torsion_od"
    ],
    "coefficients": [
      -0.04582968736425974,
      3.1647790127606203,
      -0.0007131464612540224,
      0.011154649299354788
    ],
    "r_squared": 0.4062579084991961,
    "rmse": 0.009719564449597817,
    "loo_rmse": 0.026651364345007297,
    "n_samples": 8,
    "is_calibrated": false
  },
  "torsion_bar_defl": {
    "name": "torsion_bar_defl_load",
    "feature_names": [
      "front_heave",
      "front_heave_perch"
    ],
    "coefficients": [
      -49661.132454349616,
      -30.885030948750682,
      15058.594933521183
    ],
    "r_squared": 0.06826816887081,
    "rmse": 336234.26237542136,
    "loo_rmse": 713132.1434077485,
    "n_samples": 8,
    "is_calibrated": false
  },
  "front_shock_defl_static": null,
  "front_shock_defl_max": null,
  "rear_shock_defl_static": null,
  "rear_shock_defl_max": null,
  "heave_spring_defl_static": {
    "name": "heave_spring_defl_static",
    "feature_names": [
      "rear_third_perch_x_front_pushrod",
      "front_heave_perch",
      "rear_third_perch",
      "inv_front_heave",
      "front_heave_perch_sq",
      "inv_rear_third"
    ],
    "coefficients": [
      4541.811471104421,
      -0.05359605042780946,
      -221.6623423666985,
      -9.748783451441694,
      20554.611275216925,
      2.7552923010176187,
      74.75988145285864
    ],
    "r_squared": 1.0,
    "rmse": 1.3998300279595763e-11,
    "loo_rmse": 43.301946745143546,
    "n_samples": 8,
    "is_calibrated": true
  },
  "heave_spring_defl_max": {
    "name": "heave_spring_defl_max",
    "feature_names": [
      "front_heave",
      "inv_front_heave",
      "front_heave_sq",
      "wing",
      "front_camber"
    ],
    "coefficients": [
      86.27043785164227,
      -0.13665363485463697,
      654.5475419480407,
      0.00010192971464712432,
      -0.148513902411386,
      0.11260597124478645
    ],
    "r_squared": 0.9999997324482597,
    "rmse": 0.006248773468721757,
    "loo_rmse": 6.0414324964895,
    "n_samples": 8,
    "is_calibrated": true
  },
  "heave_slider_defl_static": null,
  "rear_spring_defl_static": null,
  "rear_spring_defl_max": null,
  "third_spring_defl_static": {
    "name": "third_spring_defl_static",
    "feature_names": [
      "front_heave_x_rear_third_perch",
      "inv_front_heave",
      "front_heave_perch_sq",
      "rear_arb_blade",
      "rear_third_x_front_pushrod",
      "rear_third_x_rear_pushrod"
    ],
    "coefficients": [
      31.76493037172859,
      -0.0026371885220642277,
      -2035.022993633181,
      0.010098095467608275,
      -0.38104548969927426,
      -0.0037908642650860275,
      0.002242960625236772
    ],
    "r_squared": 0.9975037236823072,
    "rmse": 0.3715239411049113,
    "loo_rmse": 6.63293145597633,
    "n_samples": 8,
    "is_calibrated": true
  },
  "third_spring_defl_max": {
    "name": "third_spring_defl_max",
    "feature_names": [
      "rear_third",
      "inv_rear_third",
      "rear_third_sq",
      "rear_pushrod_x_rear_third_perch",
      "front_pushrod_x_front_heave_perch"
    ],
    "coefficients": [
      102.95837770421724,
      -0.20872150708653098,
      584.7525244155227,
      0.0002449622904840868,
      -0.0004592787892797088,
      0.0002911288724648725
    ],
    "r_squared": 0.9999999334115561,
    "rmse": 0.002320526014184397,
    "loo_rmse": 0.025002538364866194,
    "n_samples": 8,
    "is_calibrated": true
  },
  "third_slider_defl_static": null,
  "torsion_bar_defl_direct": {
    "name": "torsion_bar_defl_direct",
    "feature_names": [
      "front_camber",
      "rear_camber",
      "rear_third",
      "torsion_od",
      "front_heave_perch_sq",
      "inv_rear_third"
    ],
    "coefficients": [
      78.07636784184697,
      29.245989382802968,
      -38.69029783030645,
      0.058895832438851575,
      -5.92556242249404,
      0.005415699477068017,
      446.5977375449335
    ],
    "r_squared": 1.0,
    "rmse": 1.024252101903806e-12,
    "loo_rmse": 2.5093213811780988,
    "n_samples": 8,
    "is_calibrated": true
  },
  "third_slider_defl_direct": null,
  "front_heave_lookup": null,
  "rear_heave_lookup": null,
  "front_torsion_lookup": null,
  "rear_torsion_lookup": null,
  "m_eff_front_kg": 829.4203117967074,
  "m_eff_rear_kg": 255.87653173568356,
  "m_eff_is_rate_dependent": false,
  "m_eff_rate_table": [],
  "m_eff_rear_rate_table": [],
  "measured_lltd_target": null,
  "front_ls_zeta": null,
  "rear_ls_zeta": null,
  "front_hs_zeta": null,
  "rear_hs_zeta": null,
  "zeta_n_sessions": 0,
  "aero_front_compression_mm": 7.125000000000001,
  "aero_rear_compression_mm": null,
  "aero_n_sessions": 4,
  "status": {
    "aero_compression": "calibrated from IBT AeroCalculator (4 sessions, front=7.1mm rear=n/a)",
    "arb_stiffness": "insufficient data (need sessions with varied ARB settings and driving telemetry)",
    "m_eff": "constant (5 points, mean 829 kg)",
    "m_eff_rear": "constant (5 points, mean 256 kg)",
    "lltd_target": "DISABLED \u2014 IBT 'lltd_measured' is a geometric proxy (t_f^3/(t_f^3+t_r^3)), not true LLTD. ARB solver uses OptimumG physics.",
    "deflection_model": "calibrated (8 unique setups, best R\u00b2=1.00)"
  }
}