{
  "car": "acura",
  "n_sessions": 15,
  "n_unique_setups": 8,
  "calibration_complete": true,
  "front_ride_height": {
    "name": "front_ride_height",
    "feature_names": [],
    "coefficients": [
      30.1125
    ],
    "r_squared": 1.0,
    "rmse": 0.07806247497997959,
    "loo_rmse": 0.07806247497997959,
    "n_samples": 8,
    "is_calibrated": true
  },
  "rear_ride_height": {
    "name": "rear_ride_height",
    "feature_names": [
      "rear_pushrod",
      "rear_third",
      "inv_rear_third",
      "rear_third_perch",
      "front_heave_perch"
    ],
    "coefficients": [
      -90.2742283080911,
      -1.1277789921038575,
      0.49794875703926,
      5608.547987943087,
      0.27420704255121864,
      -0.6358503093387184
    ],
    "r_squared": 0.9340199285088405,
    "rmse": 0.3925091934360994,
    "loo_rmse": 6.38669504445286,
    "n_samples": 8,
    "is_calibrated": true
  },
  "torsion_bar_turns": {
    "name": "torsion_bar_turns",
    "feature_names": [
      "1/front_heave",
      "front_heave_perch",
      "torsion_od"
    ],
    "coefficients": [
      -0.04582968736425974,
      3.1647790127606203,
      -0.0007131464612540224,
      0.011154649299354788
    ],
    "r_squared": 0.4062579084991961,
    "rmse": 0.009719564449597817,
    "loo_rmse": 0.026651364345007297,
    "n_samples": 8,
    "is_calibrated": false
  },
  "torsion_bar_defl": {
    "name": "torsion_bar_defl_load",
    "feature_names": [
      "front_heave",
      "front_heave_perch"
    ],
    "coefficients": [
      -49661.132454349616,
      -30.885030948750682,
      15058.594933521183
    ],
    "r_squared": 0.06826816887081,
    "rmse": 336234.26237542136,
    "loo_rmse": 713132.1434077485,
    "n_samples": 8,
    "is_calibrated": false
  },
  "front_shock_defl_static": null,
  "front_shock_defl_max": null,
  "rear_shock_defl_static": null,
  "rear_shock_defl_max": null,
  "heave_spring_defl_static": {
    "name": "heave_spring_defl_static",
    "feature_names": [
      "front_heave",
      "front_camber",
      "inv_od4",
      "torsion_od",
      "front_pushrod",
      "front_heave_perch"
    ],
    "coefficients": [
      63.61303198465392,
      -0.0019821502975160277,
      1.4436901151868347,
      165382.95345414328,
      0.7596326334119077,
      0.6504757203391411,
      -0.9249347955393902
    ],
    "r_squared": 1.0,
    "rmse": 3.863180252986334e-10,
    "loo_rmse": 0.1637162000402572,
    "n_samples": 8,
    "is_calibrated": true
  },
  "heave_spring_defl_max": {
    "name": "heave_spring_defl_max",
    "feature_names": [
      "front_heave",
      "inv_heave",
      "front_camber",
      "inv_od4",
      "front_heave_perch"
    ],
    "coefficients": [
      72.11549813655115,
      -0.05426488979391136,
      2031.634668802767,
      -1.381150143626863,
      -253627.1891447359,
      -0.11281580343992914
    ],
    "r_squared": 0.9999816993329286,
    "rmse": 0.05168021965970428,
    "loo_rmse": 1.1214547323974642,
    "n_samples": 8,
    "is_calibrated": true
  },
  "heave_slider_defl_static": null,
  "rear_spring_defl_static": null,
  "rear_spring_defl_max": null,
  "third_spring_defl_static": {
    "name": "third_spring_defl_static",
    "feature_names": [
      "front_heave",
      "rear_third",
      "inv_rear_third",
      "rear_third_perch",
      "rear_pushrod"
    ],
    "coefficients": [
      80.99370867423252,
      -0.02512970578401516,
      -0.00640922821277601,
      -77.50513646259893,
      -0.6230944314979173,
      0.8510991742456154
    ],
    "r_squared": 0.9897790822252848,
    "rmse": 0.751770749816237,
    "loo_rmse": 22.399904560765496,
    "n_samples": 8,
    "is_calibrated": true
  },
  "third_spring_defl_max": {
    "name": "third_spring_defl_max",
    "feature_names": [
      "front_heave",
      "rear_third",
      "inv_rear_third",
      "rear_third_perch",
      "od4"
    ],
    "coefficients": [
      95.44367002216248,
      0.0026466592834101586,
      -0.13648459537213192,
      844.5439559618112,
      0.043685722015695976,
      -4.2999910128781814e-05
    ],
    "r_squared": 0.9999988151906276,
    "rmse": 0.009788389649053876,
    "loo_rmse": 2.877720737495549,
    "n_samples": 8,
    "is_calibrated": true
  },
  "third_slider_defl_static": null,
  "torsion_bar_defl_direct": {
    "name": "torsion_bar_defl_direct",
    "feature_names": [
      "front_pushrod",
      "front_heave",
      "front_heave_perch",
      "inv_od4"
    ],
    "coefficients": [
      -143.98145070260966,
      -1.2780894112689083,
      -0.06627043756020191,
      2.288147362014886,
      1101606.8105594474
    ],
    "r_squared": 0.9218303229856663,
    "rmse": 2.0620207697999504,
    "loo_rmse": 11.191762029096326,
    "n_samples": 8,
    "is_calibrated": true
  },
  "front_heave_lookup": null,
  "rear_heave_lookup": null,
  "front_torsion_lookup": null,
  "rear_torsion_lookup": null,
  "m_eff_front_kg": 829.4203117967074,
  "m_eff_rear_kg": 255.87653173568356,
  "m_eff_is_rate_dependent": false,
  "m_eff_rate_table": [],
  "m_eff_rear_rate_table": [],
  "measured_lltd_target": null,
  "front_ls_zeta": null,
  "rear_ls_zeta": null,
  "front_hs_zeta": null,
  "rear_hs_zeta": null,
  "zeta_n_sessions": 0,
  "aero_front_compression_mm": 7.125000000000001,
  "aero_rear_compression_mm": null,
  "aero_n_sessions": 4,
  "status": {
    "aero_compression": "calibrated from IBT AeroCalculator (4 sessions, front=7.1mm rear=n/a)",
    "arb_stiffness": "insufficient data (need sessions with varied ARB settings and driving telemetry)",
    "m_eff": "constant (5 points, mean 829 kg)",
    "m_eff_rear": "constant (5 points, mean 256 kg)",
    "lltd_target": "DISABLED \u2014 IBT 'lltd_measured' is a geometric proxy (t_f^3/(t_f^3+t_r^3)), not true LLTD. ARB solver uses OptimumG physics.",
    "deflection_model": "calibrated (8 unique setups, best R\u00b2=1.00)"
  }
}