{
  "car": "acura",
  "n_sessions": 15,
  "n_unique_setups": 8,
  "calibration_complete": true,
  "front_ride_height": {
    "name": "front_ride_height",
    "feature_names": [],
    "coefficients": [
      30.1125
    ],
    "r_squared": 1.0,
    "rmse": 0.07806247497997959,
    "loo_rmse": 0.07806247497997959,
    "n_samples": 8,
    "is_calibrated": true
  },
  "rear_ride_height": {
    "name": "rear_ride_height",
    "feature_names": [
      "inv_front_heave",
      "inv_rear_third",
      "torsion_od",
      "front_heave_perch",
      "inv_od4"
    ],
    "coefficients": [
      -154.31442374550744,
      -765.1744744093901,
      464.996986233341,
      9.62032647359218,
      0.19033345642840444,
      2169755.4921285696
    ],
    "r_squared": 0.9998477506911001,
    "rmse": 0.018854764286016634,
    "loo_rmse": 0.18138210882448488,
    "n_samples": 8,
    "is_calibrated": true
  },
  "torsion_bar_turns": {
    "name": "torsion_bar_turns",
    "feature_names": [
      "1/front_heave",
      "front_heave_perch",
      "torsion_od"
    ],
    "coefficients": [
      -0.04582968736425974,
      3.1647790127606203,
      -0.0007131464612540224,
      0.011154649299354788
    ],
    "r_squared": 0.4062579084991961,
    "rmse": 0.009719564449597817,
    "loo_rmse": 0.026651364345007297,
    "n_samples": 8,
    "is_calibrated": false
  },
  "torsion_bar_defl": {
    "name": "torsion_bar_defl_load",
    "feature_names": [
      "front_heave",
      "front_heave_perch"
    ],
    "coefficients": [
      -49661.132454349616,
      -30.885030948750682,
      15058.594933521183
    ],
    "r_squared": 0.06826816887081,
    "rmse": 336234.26237542136,
    "loo_rmse": 713132.1434077485,
    "n_samples": 8,
    "is_calibrated": false
  },
  "front_shock_defl_static": null,
  "front_shock_defl_max": null,
  "rear_shock_defl_static": null,
  "rear_shock_defl_max": null,
  "heave_spring_defl_static": {
    "name": "heave_spring_defl_static",
    "feature_names": [
      "front_heave_x_front_pushrod",
      "rear_third_x_rear_pushrod",
      "rear_pushrod",
      "rear_pushrod_x_front_heave_perch",
      "front_pushrod_x_front_heave_perch",
      "inv_rear_third"
    ],
    "coefficients": [
      22.07511649855424,
      -2.5083163185203377e-05,
      0.0007485506751566609,
      -0.7907720471446957,
      0.010044427238016192,
      0.01321610025133408,
      41.93267107287904
    ],
    "r_squared": 1.0,
    "rmse": 1.7897291031339511e-13,
    "loo_rmse": 0.6848597043332396,
    "n_samples": 8,
    "is_calibrated": true
  },
  "heave_spring_defl_max": {
    "name": "heave_spring_defl_max",
    "feature_names": [
      "front_heave",
      "inv_front_heave",
      "front_heave_sq",
      "rear_third_perch_x_front_heave_perch",
      "front_heave_x_rear_third_perch",
      "inv_od4"
    ],
    "coefficients": [
      83.65366523880833,
      -0.13207770835083923,
      693.4589875632365,
      0.0001041518439828721,
      0.00028054098036779326,
      -9.697965398177804e-05,
      -1288.9645988111542
    ],
    "r_squared": 1.0,
    "rmse": 1.3115159570389358e-09,
    "loo_rmse": 0.03456589890732154,
    "n_samples": 8,
    "is_calibrated": true
  },
  "heave_slider_defl_static": null,
  "rear_spring_defl_static": null,
  "rear_spring_defl_max": null,
  "third_spring_defl_static": {
    "name": "third_spring_defl_static",
    "feature_names": [
      "front_heave_x_rear_third_perch",
      "inv_front_heave",
      "front_heave_perch_sq",
      "rear_camber"
    ],
    "coefficients": [
      33.6804774355351,
      -0.001878756943117536,
      -1614.631387974812,
      0.00495078526776463,
      -2.307411543275373
    ],
    "r_squared": 0.9928641074695116,
    "rmse": 0.6281518268225625,
    "loo_rmse": 1.4249468984908753,
    "n_samples": 8,
    "is_calibrated": true
  },
  "third_spring_defl_max": {
    "name": "third_spring_defl_max",
    "feature_names": [
      "rear_third",
      "rear_pushrod_sq",
      "front_heave_perch",
      "front_heave_perch_sq"
    ],
    "coefficients": [
      98.92744003235694,
      -0.19642072196706978,
      -0.0038762324734017187,
      0.7416301374176282,
      -0.008122247823013391
    ],
    "r_squared": 0.999670598748152,
    "rmse": 0.16321107723992714,
    "loo_rmse": 0.3270962165648491,
    "n_samples": 8,
    "is_calibrated": true
  },
  "third_slider_defl_static": null,
  "torsion_bar_defl_direct": {
    "name": "torsion_bar_defl_direct",
    "feature_names": [
      "front_camber",
      "inv_front_heave",
      "front_heave_x_front_heave_perch",
      "rear_third_x_front_heave"
    ],
    "coefficients": [
      -22.629223237965817,
      2.546881834058606,
      3975.873683670848,
      0.0022467621623176353,
      -0.0002301333577581801
    ],
    "r_squared": 0.9898062154871557,
    "rmse": 0.7446318375994239,
    "loo_rmse": 2.021420045895802,
    "n_samples": 8,
    "is_calibrated": true
  },
  "third_slider_defl_direct": null,
  "front_heave_lookup": null,
  "rear_heave_lookup": null,
  "front_torsion_lookup": null,
  "rear_torsion_lookup": null,
  "m_eff_front_kg": 829.4203117967074,
  "m_eff_rear_kg": 255.87653173568356,
  "m_eff_is_rate_dependent": false,
  "m_eff_rate_table": [],
  "m_eff_rear_rate_table": [],
  "measured_lltd_target": null,
  "front_ls_zeta": null,
  "rear_ls_zeta": null,
  "front_hs_zeta": null,
  "rear_hs_zeta": null,
  "zeta_n_sessions": 0,
  "aero_front_compression_mm": 7.125000000000001,
  "aero_rear_compression_mm": null,
  "aero_n_sessions": 4,
  "status": {
    "aero_compression": "calibrated from IBT AeroCalculator (4 sessions, front=7.1mm rear=n/a)",
    "arb_stiffness": "insufficient data (need sessions with varied ARB settings and driving telemetry)",
    "m_eff": "constant (5 points, mean 829 kg)",
    "m_eff_rear": "constant (5 points, mean 256 kg)",
    "lltd_target": "DISABLED \u2014 IBT 'lltd_measured' is a geometric proxy (t_f^3/(t_f^3+t_r^3)), not true LLTD. ARB solver uses OptimumG physics.",
    "deflection_model": "calibrated (8 unique setups, best R\u00b2=1.00)"
  }
}