{
  "car": "acura",
  "n_sessions": 15,
  "n_unique_setups": 8,
  "calibration_complete": true,
  "front_ride_height": {
    "name": "front_ride_height",
    "feature_names": [],
    "coefficients": [
      30.1125
    ],
    "r_squared": 1.0,
    "rmse": 0.07806247497997959,
    "loo_rmse": 0.07806247497997959,
    "n_samples": 8,
    "is_calibrated": true
  },
  "rear_ride_height": {
    "name": "rear_ride_height",
    "feature_names": [
      "inv_front_heave",
      "inv_rear_third",
      "torsion_od",
      "front_heave_perch",
      "inv_od4"
    ],
    "coefficients": [
      -154.31442374550744,
      -765.1744744093901,
      464.996986233341,
      9.62032647359218,
      0.19033345642840444,
      2169755.4921285696
    ],
    "r_squared": 0.9998477506911001,
    "rmse": 0.018854764286016634,
    "loo_rmse": 0.18138210882448488,
    "n_samples": 8,
    "is_calibrated": true
  },
  "torsion_bar_turns": {
    "name": "torsion_bar_turns",
    "feature_names": [
      "1/front_heave",
      "front_heave_perch",
      "torsion_od"
    ],
    "coefficients": [
      -0.04582968736425974,
      3.1647790127606203,
      -0.0007131464612540224,
      0.011154649299354788
    ],
    "r_squared": 0.4062579084991961,
    "rmse": 0.009719564449597817,
    "loo_rmse": 0.026651364345007297,
    "n_samples": 8,
    "is_calibrated": false
  },
  "torsion_bar_defl": {
    "name": "torsion_bar_defl_load",
    "feature_names": [
      "front_heave",
      "front_heave_perch"
    ],
    "coefficients": [
      -49661.132454349616,
      -30.885030948750682,
      15058.594933521183
    ],
    "r_squared": 0.06826816887081,
    "rmse": 336234.26237542136,
    "loo_rmse": 713132.1434077485,
    "n_samples": 8,
    "is_calibrated": false
  },
  "front_shock_defl_static": null,
  "front_shock_defl_max": null,
  "rear_shock_defl_static": null,
  "rear_shock_defl_max": null,
  "heave_spring_defl_static": {
    "name": "heave_spring_defl_static",
    "feature_names": [
      "front_heave",
      "front_camber",
      "rear_camber",
      "front_pushrod",
      "front_heave_perch",
      "inv_front_heave"
    ],
    "coefficients": [
      78.24518065536625,
      -0.001661951715801413,
      0.07778982929616482,
      2.849864999316112,
      0.6304569828316574,
      -0.914715261598288,
      90.24346000875647
    ],
    "r_squared": 1.0,
    "rmse": 6.340374731044118e-14,
    "loo_rmse": 0.5588694618503997,
    "n_samples": 8,
    "is_calibrated": true
  },
  "heave_spring_defl_max": {
    "name": "heave_spring_defl_max",
    "feature_names": [
      "front_heave",
      "inv_front_heave",
      "front_pushrod_sq",
      "rear_third"
    ],
    "coefficients": [
      69.72348880204399,
      -0.06822799848101671,
      1405.438585915218,
      0.0006671862577796832,
      0.0057498728137679945
    ],
    "r_squared": 0.9999473354843231,
    "rmse": 0.08766978429979122,
    "loo_rmse": 0.271196391991487,
    "n_samples": 8,
    "is_calibrated": true
  },
  "heave_slider_defl_static": null,
  "rear_spring_defl_static": null,
  "rear_spring_defl_max": null,
  "third_spring_defl_static": {
    "name": "third_spring_defl_static",
    "feature_names": [
      "front_heave",
      "inv_rear_third",
      "front_heave_perch"
    ],
    "coefficients": [
      37.14936613240486,
      -0.02339706678754172,
      750.9537890336313,
      -0.482887938633661
    ],
    "r_squared": 0.8181911477707241,
    "rmse": 3.1706477025183935,
    "loo_rmse": 5.099651943222381,
    "n_samples": 8,
    "is_calibrated": false
  },
  "third_spring_defl_max": {
    "name": "third_spring_defl_max",
    "feature_names": [
      "rear_third",
      "rear_pushrod_sq",
      "front_heave_perch",
      "torsion_od"
    ],
    "coefficients": [
      115.22278292029903,
      -0.203727395953413,
      -0.0032005347193224502,
      0.09623924823324359,
      -0.2646996199421517
    ],
    "r_squared": 0.99964486119547,
    "rmse": 0.1694673634518794,
    "loo_rmse": 0.5187908396599489,
    "n_samples": 8,
    "is_calibrated": true
  },
  "third_slider_defl_static": null,
  "torsion_bar_defl_direct": {
    "name": "torsion_bar_defl_direct",
    "feature_names": [
      "front_camber",
      "inv_front_heave",
      "front_heave",
      "front_heave_perch",
      "front_pushrod",
      "inv_od4"
    ],
    "coefficients": [
      -60.628480255028954,
      1.7675046561883772,
      3293.2783206371782,
      0.034380031549919025,
      0.7993449877665769,
      -0.4471523305654203,
      -95285.74514917115
    ],
    "r_squared": 1.0,
    "rmse": 2.5983735047185786e-11,
    "loo_rmse": 0.40771105521253775,
    "n_samples": 8,
    "is_calibrated": true
  },
  "third_slider_defl_direct": null,
  "front_heave_lookup": null,
  "rear_heave_lookup": null,
  "front_torsion_lookup": null,
  "rear_torsion_lookup": null,
  "m_eff_front_kg": 829.4203117967074,
  "m_eff_rear_kg": 255.87653173568356,
  "m_eff_is_rate_dependent": false,
  "m_eff_rate_table": [],
  "m_eff_rear_rate_table": [],
  "measured_lltd_target": null,
  "front_ls_zeta": null,
  "rear_ls_zeta": null,
  "front_hs_zeta": null,
  "rear_hs_zeta": null,
  "zeta_n_sessions": 0,
  "aero_front_compression_mm": 7.125000000000001,
  "aero_rear_compression_mm": null,
  "aero_n_sessions": 4,
  "status": {
    "aero_compression": "calibrated from IBT AeroCalculator (4 sessions, front=7.1mm rear=n/a)",
    "arb_stiffness": "insufficient data (need sessions with varied ARB settings and driving telemetry)",
    "m_eff": "constant (5 points, mean 829 kg)",
    "m_eff_rear": "constant (5 points, mean 256 kg)",
    "lltd_target": "DISABLED \u2014 IBT 'lltd_measured' is a geometric proxy (t_f^3/(t_f^3+t_r^3)), not true LLTD. ARB solver uses OptimumG physics.",
    "deflection_model": "calibrated (8 unique setups, best R\u00b2=1.00)"
  }
}