{
  "car": "acura",
  "n_sessions": 15,
  "n_unique_setups": 8,
  "calibration_complete": true,
  "front_ride_height": {
    "name": "front_ride_height",
    "feature_names": [],
    "coefficients": [
      30.1125
    ],
    "r_squared": 1.0,
    "rmse": 0.07806247497997959,
    "loo_rmse": 0.07806247497997959,
    "n_samples": 8,
    "is_calibrated": true
  },
  "rear_ride_height": {
    "name": "rear_ride_height",
    "feature_names": [
      "inv_front_heave",
      "fuel_x_inv_third"
    ],
    "coefficients": [
      43.03332361153901,
      -431.02396830587844,
      5.034044587031667
    ],
    "r_squared": 0.7475442852406329,
    "rmse": 0.7677786751161576,
    "loo_rmse": 1.174833480397341,
    "n_samples": 8,
    "is_calibrated": false
  },
  "torsion_bar_turns": {
    "name": "torsion_bar_turns",
    "feature_names": [
      "1/front_heave",
      "front_heave_perch",
      "torsion_od"
    ],
    "coefficients": [
      -0.04582968736425974,
      3.1647790127606203,
      -0.0007131464612540224,
      0.011154649299354788
    ],
    "r_squared": 0.4062579084991961,
    "rmse": 0.009719564449597817,
    "loo_rmse": 0.026651364345007297,
    "n_samples": 8,
    "is_calibrated": false
  },
  "torsion_bar_defl": {
    "name": "torsion_bar_defl_load",
    "feature_names": [
      "front_heave",
      "front_heave_perch"
    ],
    "coefficients": [
      -49661.132454349616,
      -30.885030948750682,
      15058.594933521183
    ],
    "r_squared": 0.06826816887081,
    "rmse": 336234.26237542136,
    "loo_rmse": 713132.1434077485,
    "n_samples": 8,
    "is_calibrated": false
  },
  "front_shock_defl_static": null,
  "front_shock_defl_max": null,
  "rear_shock_defl_static": null,
  "rear_shock_defl_max": null,
  "heave_spring_defl_static": {
    "name": "heave_spring_defl_static",
    "feature_names": [
      "front_heave",
      "front_camber"
    ],
    "coefficients": [
      7.76002355306434,
      -0.03395242541258535,
      -5.028449108789784
    ],
    "r_squared": 0.9278536839736198,
    "rmse": 1.4398974813534826,
    "loo_rmse": 2.294488281124698,
    "n_samples": 8,
    "is_calibrated": true
  },
  "heave_spring_defl_max": {
    "name": "heave_spring_defl_max",
    "feature_names": [
      "front_heave",
      "inv_front_heave"
    ],
    "coefficients": [
      70.28580638307383,
      -0.06532690077527273,
      1455.8339561139906
    ],
    "r_squared": 0.9998231667887294,
    "rmse": 0.16064706949042137,
    "loo_rmse": 0.27716198833046096,
    "n_samples": 8,
    "is_calibrated": true
  },
  "heave_slider_defl_static": null,
  "rear_spring_defl_static": null,
  "rear_spring_defl_max": null,
  "third_spring_defl_static": {
    "name": "third_spring_defl_static",
    "feature_names": [
      "front_heave",
      "inv_rear_third"
    ],
    "coefficients": [
      15.73766586705393,
      -0.033172736238492886,
      885.3400765596003
    ],
    "r_squared": 0.6971594695574653,
    "rmse": 4.092111662148093,
    "loo_rmse": 5.977158102295332,
    "n_samples": 8,
    "is_calibrated": false
  },
  "third_spring_defl_max": {
    "name": "third_spring_defl_max",
    "feature_names": [
      "rear_third",
      "rear_pushrod_sq"
    ],
    "coefficients": [
      115.61820207412013,
      -0.1993516372507803,
      -0.0035937538964837877
    ],
    "r_squared": 0.9984745704328818,
    "rmse": 0.3512231135886892,
    "loo_rmse": 0.5779653860132403,
    "n_samples": 8,
    "is_calibrated": true
  },
  "third_slider_defl_static": null,
  "torsion_bar_defl_direct": {
    "name": "torsion_bar_defl_direct",
    "feature_names": [
      "front_camber",
      "inv_front_heave"
    ],
    "coefficients": [
      27.249560652184392,
      9.700467577101069,
      972.5730712328001
    ],
    "r_squared": 0.8838179744781591,
    "rmse": 2.513873086949129,
    "loo_rmse": 3.797565618840358,
    "n_samples": 8,
    "is_calibrated": true
  },
  "third_slider_defl_direct": null,
  "front_heave_lookup": null,
  "rear_heave_lookup": null,
  "front_torsion_lookup": null,
  "rear_torsion_lookup": null,
  "m_eff_front_kg": 829.4203117967074,
  "m_eff_rear_kg": 255.87653173568356,
  "m_eff_is_rate_dependent": false,
  "m_eff_rate_table": [],
  "m_eff_rear_rate_table": [],
  "measured_lltd_target": null,
  "front_ls_zeta": null,
  "rear_ls_zeta": null,
  "front_hs_zeta": null,
  "rear_hs_zeta": null,
  "zeta_n_sessions": 0,
  "aero_front_compression_mm": 7.125000000000001,
  "aero_rear_compression_mm": null,
  "aero_n_sessions": 4,
  "status": {
    "aero_compression": "calibrated from IBT AeroCalculator (4 sessions, front=7.1mm rear=n/a)",
    "arb_stiffness": "insufficient data (need sessions with varied ARB settings and driving telemetry)",
    "m_eff": "constant (5 points, mean 829 kg)",
    "m_eff_rear": "constant (5 points, mean 256 kg)",
    "lltd_target": "DISABLED \u2014 IBT 'lltd_measured' is a geometric proxy (t_f^3/(t_f^3+t_r^3)), not true LLTD. ARB solver uses OptimumG physics.",
    "deflection_model": "calibrated (8 unique setups, best R\u00b2=1.00)"
  }
}