{
  "car": "acura",
  "n_sessions": 15,
  "n_unique_setups": 8,
  "calibration_complete": false,
  "front_ride_height": null,
  "rear_ride_height": {
    "name": "rear_ride_height",
    "feature_names": [
      "rear_pushrod",
      "rear_third",
      "rear_spring",
      "rear_third_perch",
      "fuel",
      "rear_spring_perch"
    ],
    "coefficients": [
      0.014916680689391882,
      0.09668150904904713,
      0.00739523510706433,
      1.3877787807814457e-16,
      -0.09545760766359832,
      0.8651674799847285,
      0.0
    ],
    "r_squared": 0.2637025711421054,
    "rmse": 1.31120345346677,
    "loo_rmse": 7.2138779098080175,
    "n_samples": 8,
    "is_calibrated": true
  },
  "torsion_bar_turns": {
    "name": "torsion_bar_turns",
    "feature_names": [
      "1/front_heave",
      "front_heave_perch",
      "torsion_od"
    ],
    "coefficients": [
      -0.04582968736425466,
      3.164779012760756,
      -0.0007131464612544214,
      0.011154649299354613
    ],
    "r_squared": 0.4062579084991951,
    "rmse": 0.009719564449597824,
    "loo_rmse": 0.026651364345013875,
    "n_samples": 8,
    "is_calibrated": true
  },
  "torsion_bar_defl": {
    "name": "torsion_bar_defl_load",
    "feature_names": [
      "front_heave",
      "front_heave_perch"
    ],
    "coefficients": [
      -49661.13245434937,
      -30.885030948752046,
      15058.594933521183
    ],
    "r_squared": 0.06826816887081,
    "rmse": 336234.26237542136,
    "loo_rmse": 713132.1434077488,
    "n_samples": 8,
    "is_calibrated": true
  },
  "front_shock_defl_static": null,
  "front_shock_defl_max": null,
  "rear_shock_defl_static": null,
  "rear_shock_defl_max": null,
  "heave_spring_defl_static": {
    "name": "heave_spring_defl_static",
    "feature_names": [
      "inv_heave_nmm",
      "front_heave_perch",
      "inv_od4"
    ],
    "coefficients": [
      -13.57499299559132,
      347.98804521948705,
      0.10368997874928709,
      800764.7379048087
    ],
    "r_squared": 0.5795672914646505,
    "rmse": 3.475943751204068,
    "loo_rmse": 9.80717882854541,
    "n_samples": 8,
    "is_calibrated": true
  },
  "heave_spring_defl_max": {
    "name": "heave_spring_defl_max",
    "feature_names": [
      "front_heave"
    ],
    "coefficients": [
      86.88466312056735,
      -0.10054964539007097
    ],
    "r_squared": 0.9767837316187747,
    "rmse": 1.840717318934921,
    "loo_rmse": 2.4451941433612476,
    "n_samples": 8,
    "is_calibrated": true
  },
  "heave_slider_defl_static": null,
  "rear_spring_defl_static": null,
  "rear_spring_defl_max": null,
  "third_spring_defl_static": {
    "name": "third_spring_defl_static_load",
    "feature_names": [
      "rear_third_perch"
    ],
    "coefficients": [
      2125.914421416236,
      -7.28048359240072
    ],
    "r_squared": 0.03787340636658332,
    "rmse": 698.0530734946816,
    "loo_rmse": 2210.2697758406175,
    "n_samples": 8,
    "is_calibrated": true
  },
  "third_spring_defl_max": {
    "name": "third_spring_defl_max",
    "feature_names": [
      "rear_third",
      "rear_third_perch"
    ],
    "coefficients": [
      108.67456681187304,
      -0.2083003641631954,
      0.08581642809770983
    ],
    "r_squared": 0.9913894500512572,
    "rmse": 0.8344541017814897,
    "loo_rmse": 2.0210035896705647,
    "n_samples": 8,
    "is_calibrated": true
  },
  "third_slider_defl_static": null,
  "front_heave_lookup": null,
  "rear_heave_lookup": null,
  "front_torsion_lookup": null,
  "rear_torsion_lookup": null,
  "m_eff_front_kg": null,
  "m_eff_rear_kg": null,
  "m_eff_is_rate_dependent": false,
  "m_eff_rate_table": [],
  "measured_lltd_target": null,
  "front_ls_zeta": null,
  "rear_ls_zeta": null,
  "front_hs_zeta": null,
  "rear_hs_zeta": null,
  "zeta_n_sessions": 0,
  "aero_front_compression_mm": 7.125000000000001,
  "aero_rear_compression_mm": null,
  "aero_n_sessions": 4,
  "status": {
    "aero_compression": "calibrated from IBT AeroCalculator (4 sessions, front=7.1mm rear=n/a)",
    "arb_stiffness": "data available (1 spring groups, 2 ARB configs) \u2014 full back-solve requires telemetry roll gradient data (currently deferred)",
    "deflection_model": "partial (3/6 models fitted, 8 unique setups)"
  }
}