{
  "car": "acura",
  "track": "",
  "n_sessions": 22,
  "n_unique_setups": 8,
  "calibration_complete": true,
  "front_ride_height": {
    "name": "front_ride_height",
    "feature_names": [],
    "coefficients": [
      30.1125
    ],
    "r_squared": 1.0,
    "rmse": 0.07806247497997959,
    "loo_rmse": 0.07806247497997959,
    "n_samples": 8,
    "is_calibrated": false,
    "q_squared": 0.0,
    "pool_fallback_used": false
  },
  "rear_ride_height": {
    "name": "rear_ride_height",
    "feature_names": [
      "inv_rear_third",
      "rear_pushrod"
    ],
    "coefficients": [
      41.362141067797005,
      111.07341533255331,
      -0.03160266417613546
    ],
    "r_squared": 0.15082858269256882,
    "rmse": 1.4081247314825673,
    "loo_rmse": 7.314366246845963,
    "n_samples": 8,
    "is_calibrated": false,
    "q_squared": -21.9121856929334,
    "pool_fallback_used": false
  },
  "torsion_bar_turns": {
    "name": "torsion_bar_turns",
    "feature_names": [
      "1/front_heave",
      "front_heave_perch",
      "torsion_od"
    ],
    "coefficients": [
      -0.04582968736425974,
      3.1647790127606203,
      -0.0007131464612540224,
      0.011154649299354788
    ],
    "r_squared": 0.4062579084991961,
    "rmse": 0.009719564449597817,
    "loo_rmse": 0.026651364345007297,
    "n_samples": 8,
    "is_calibrated": false,
    "q_squared": -3.4641946550938716,
    "pool_fallback_used": false
  },
  "torsion_bar_defl": {
    "name": "torsion_bar_defl_load",
    "feature_names": [
      "front_heave",
      "front_heave_perch"
    ],
    "coefficients": [
      -49661.132454349616,
      -30.885030948750682,
      15058.594933521183
    ],
    "r_squared": 0.06826816887081,
    "rmse": 336234.26237542136,
    "loo_rmse": 713132.1434077485,
    "n_samples": 8,
    "is_calibrated": false,
    "q_squared": -3.1912833747989815,
    "pool_fallback_used": false
  },
  "front_shock_defl_static": null,
  "front_shock_defl_max": null,
  "rear_shock_defl_static": null,
  "rear_shock_defl_max": null,
  "heave_spring_defl_static": {
    "name": "heave_spring_defl_static",
    "feature_names": [
      "front_heave",
      "front_camber"
    ],
    "coefficients": [
      7.76002355306434,
      -0.03395242541258535,
      -5.028449108789784
    ],
    "r_squared": 0.9278536839736198,
    "rmse": 1.4398974813534826,
    "loo_rmse": 2.294488281124698,
    "n_samples": 8,
    "is_calibrated": true,
    "q_squared": 0.8168011666909588,
    "pool_fallback_used": false
  },
  "heave_spring_defl_max": {
    "name": "heave_spring_defl_max",
    "feature_names": [
      "front_heave",
      "inv_front_heave"
    ],
    "coefficients": [
      70.28580638307383,
      -0.06532690077527273,
      1455.8339561139906
    ],
    "r_squared": 0.9998231667887294,
    "rmse": 0.16064706949042137,
    "loo_rmse": 0.27716198833046096,
    "n_samples": 8,
    "is_calibrated": true,
    "q_squared": 0.9994736367557409,
    "pool_fallback_used": false
  },
  "heave_slider_defl_static": null,
  "rear_spring_defl_static": null,
  "rear_spring_defl_max": null,
  "third_spring_defl_static": {
    "name": "third_spring_defl_static",
    "feature_names": [
      "rear_third",
      "rear_torsion_turns"
    ],
    "coefficients": [
      -20.865047600544006,
      -0.20689527880318637,
      -619.6230814066447
    ],
    "r_squared": 0.9773456108773063,
    "rmse": 1.1192230731834238,
    "loo_rmse": 1.786806963872164,
    "n_samples": 8,
    "is_calibrated": true,
    "q_squared": 0.942260327092185,
    "pool_fallback_used": false
  },
  "third_spring_defl_max": {
    "name": "third_spring_defl_max",
    "feature_names": [
      "rear_third",
      "rear_pushrod_sq"
    ],
    "coefficients": [
      115.61820207412013,
      -0.1993516372507803,
      -0.0035937538964837877
    ],
    "r_squared": 0.9984745704328818,
    "rmse": 0.3512231135886892,
    "loo_rmse": 0.5779653860132403,
    "n_samples": 8,
    "is_calibrated": true,
    "q_squared": 0.9958692430527785,
    "pool_fallback_used": false
  },
  "third_slider_defl_static": null,
  "torsion_bar_defl_direct": {
    "name": "torsion_bar_defl_direct",
    "feature_names": [
      "torsion_turns",
      "front_pushrod"
    ],
    "coefficients": [
      -50.74486287467274,
      711.5243618391271,
      0.331518654020733
    ],
    "r_squared": 0.9993647835350076,
    "rmse": 0.18588089288602905,
    "loo_rmse": 0.46945857481139,
    "n_samples": 8,
    "is_calibrated": true,
    "q_squared": 0.9959482112088992,
    "pool_fallback_used": false
  },
  "third_slider_defl_direct": null,
  "front_heave_lookup": null,
  "rear_heave_lookup": null,
  "front_torsion_lookup": null,
  "rear_torsion_lookup": null,
  "m_eff_front_kg": 829.4203117967074,
  "m_eff_rear_kg": 255.87653173568356,
  "m_eff_is_rate_dependent": false,
  "m_eff_rate_table": [],
  "m_eff_rear_rate_table": [],
  "measured_lltd_target": null,
  "front_ls_zeta": null,
  "rear_ls_zeta": null,
  "front_hs_zeta": null,
  "rear_hs_zeta": null,
  "zeta_n_sessions": 0,
  "aero_front_compression_mm": 7.125000000000001,
  "aero_rear_compression_mm": null,
  "aero_n_sessions": 4,
  "status": {
    "ride_height_model": "front: constant (no variance, Q\u00b2=0.00, marked uncalibrated); rear: regression (R\u00b2=0.15, Q\u00b2=-21.91)",
    "aero_compression": "calibrated from IBT AeroCalculator (4 sessions, front=7.1mm rear=n/a)",
    "arb_stiffness": "insufficient data (need sessions with varied ARB settings and driving telemetry)",
    "m_eff": "constant (5 points, mean 829 kg)",
    "m_eff_rear": "constant (5 points, mean 256 kg)",
    "lltd_target": "DISABLED \u2014 IBT 'lltd_measured' is a geometric proxy (t_f^3/(t_f^3+t_r^3)), not true LLTD. ARB solver uses OptimumG physics.",
    "deflection_model": "calibrated (8 unique setups, best R\u00b2=1.00)",
    "audit_note": "Q\u00b2<0.85 \u2192 is_calibrated=False per Unit 14 audit. front_ride_height collapses to a mean-only fit (no variance to generalise); rear_ride_height regression has Q\u00b2<<0 (data too small / cross-axis collinear). Pipeline must collect more varied garage sweeps before fitting a usable RH model."
  }
}