{
  "lap_number": 15,
  "lap_time_s": 109.38053131103516,
  "dynamic_front_rh_mm": 21.665117263793945,
  "dynamic_rear_rh_mm": 27.479740142822266,
  "front_rh_std_mm": 5.0555949211120605,
  "rear_rh_std_mm": 7.520384788513184,
  "front_shock_vel_p95_mps": 0.13307666778564453,
  "rear_shock_vel_p95_mps": 0.16995024681091309,
  "front_shock_vel_p99_mps": 0.2650587856769562,
  "rear_shock_vel_p99_mps": 0.3285347521305084,
  "peak_lat_g": 3.8418211936950684,
  "body_roll_p95_deg": 0.0,
  "body_roll_max_deg": 3.1243356536485156,
  "roll_gradient_deg_per_g": 0.8132433801906136,
  "lltd_measured": 0.4851396135006497,
  "understeer_mean_deg": 0.04146469011902809,
  "understeer_high_speed_deg": 0.1558241844177246,
  "understeer_low_speed_deg": 0.01012362539768219,
  "body_slip_p95_deg": 3.1229026317596436,
  "front_bottoming_events": 1,
  "rear_bottoming_events": 4,
  "front_rh_settle_time_ms": 0.0,
  "rear_rh_settle_time_ms": 0.0,
  "front_dominant_freq_hz": 2.85,
  "rear_dominant_freq_hz": 4.98
}