{
  "lap_number": 12,
  "lap_time_s": 109.6052017211914,
  "dynamic_front_rh_mm": 21.09486961364746,
  "dynamic_rear_rh_mm": 28.052318572998047,
  "front_rh_std_mm": 5.5496907234191895,
  "rear_rh_std_mm": 7.477164268493652,
  "front_shock_vel_p95_mps": 0.1306247115135193,
  "rear_shock_vel_p95_mps": 0.18618233501911163,
  "front_shock_vel_p99_mps": 0.2624053359031677,
  "rear_shock_vel_p99_mps": 0.3542459011077881,
  "peak_lat_g": 4.246187210083008,
  "body_roll_p95_deg": 0.0,
  "body_roll_max_deg": 3.344394645290752,
  "roll_gradient_deg_per_g": 0.7876229850038508,
  "lltd_measured": 0.48369137551311614,
  "understeer_mean_deg": -0.016849014908075333,
  "understeer_high_speed_deg": 0.13734093308448792,
  "understeer_low_speed_deg": 0.07098522037267685,
  "body_slip_p95_deg": 3.376377820968628,
  "front_bottoming_events": 0,
  "rear_bottoming_events": 5,
  "front_rh_settle_time_ms": 0.0,
  "rear_rh_settle_time_ms": 0.0,
  "front_dominant_freq_hz": 2.85,
  "rear_dominant_freq_hz": 4.74
}