{
  "lap_number": 24,
  "lap_time_s": 109.09407043457031,
  "dynamic_front_rh_mm": 21.792722702026367,
  "dynamic_rear_rh_mm": 30.21674919128418,
  "front_rh_std_mm": 5.364407539367676,
  "rear_rh_std_mm": 7.188198089599609,
  "front_shock_vel_p95_mps": 0.1320757269859314,
  "rear_shock_vel_p95_mps": 0.16260917484760284,
  "front_shock_vel_p99_mps": 0.2548519968986511,
  "rear_shock_vel_p99_mps": 0.31172075867652893,
  "peak_lat_g": 3.6153066158294678,
  "body_roll_p95_deg": 0.0,
  "body_roll_max_deg": 2.864299704436315,
  "roll_gradient_deg_per_g": 0.7922702024484173,
  "lltd_measured": 0.4848725441946962,
  "understeer_mean_deg": 0.002682790160179138,
  "understeer_high_speed_deg": 0.10535717010498047,
  "understeer_low_speed_deg": 0.02150418795645237,
  "body_slip_p95_deg": 3.2836976051330566,
  "front_bottoming_events": 0,
  "rear_bottoming_events": 6,
  "front_rh_settle_time_ms": 0.0,
  "rear_rh_settle_time_ms": 0.0,
  "front_dominant_freq_hz": 2.82,
  "rear_dominant_freq_hz": 4.94
}