{
  "lap_number": 3,
  "lap_time_s": 110.01256561279297,
  "dynamic_front_rh_mm": 19.919910430908203,
  "dynamic_rear_rh_mm": 29.562044143676758,
  "front_rh_std_mm": 5.880991458892822,
  "rear_rh_std_mm": 7.460980415344238,
  "front_shock_vel_p95_mps": 0.12292886525392532,
  "rear_shock_vel_p95_mps": 0.15672892332077026,
  "front_shock_vel_p99_mps": 0.2370723932981491,
  "rear_shock_vel_p99_mps": 0.32026025652885437,
  "peak_lat_g": 4.525352954864502,
  "body_roll_p95_deg": 0.0,
  "body_roll_max_deg": 3.791532166519126,
  "roll_gradient_deg_per_g": 0.8378423085084316,
  "lltd_measured": 0.48820069927934046,
  "understeer_mean_deg": -0.021382229402661324,
  "understeer_high_speed_deg": 0.05553722009062767,
  "understeer_low_speed_deg": -0.19003140926361084,
  "body_slip_p95_deg": 3.475332260131836,
  "front_bottoming_events": 1,
  "rear_bottoming_events": 10,
  "front_rh_settle_time_ms": 0.0,
  "rear_rh_settle_time_ms": 0.0,
  "front_dominant_freq_hz": 2.85,
  "rear_dominant_freq_hz": 4.98
}