{
  "lap_number": 18,
  "lap_time_s": 109.41812896728516,
  "dynamic_front_rh_mm": 20.486730575561523,
  "dynamic_rear_rh_mm": 25.397356033325195,
  "front_rh_std_mm": 6.115548133850098,
  "rear_rh_std_mm": 8.608481407165527,
  "front_shock_vel_p95_mps": 0.13623131811618805,
  "rear_shock_vel_p95_mps": 0.1787121295928955,
  "front_shock_vel_p99_mps": 0.24864138662815094,
  "rear_shock_vel_p99_mps": 0.349791556596756,
  "peak_lat_g": 3.1514835357666016,
  "body_roll_p95_deg": 0.0,
  "body_roll_max_deg": 2.6109813612130415,
  "roll_gradient_deg_per_g": 0.828492781758391,
  "lltd_measured": 0.48547690499358387,
  "understeer_mean_deg": 0.07850459218025208,
  "understeer_high_speed_deg": 0.1178189143538475,
  "understeer_low_speed_deg": 0.2659514844417572,
  "body_slip_p95_deg": 2.8258419036865234,
  "front_bottoming_events": 0,
  "rear_bottoming_events": 4,
  "front_rh_settle_time_ms": 0.0,
  "rear_rh_settle_time_ms": 0.0,
  "front_dominant_freq_hz": 2.9,
  "rear_dominant_freq_hz": 2.9
}