{
  "car": "acura",
  "metadata": {
    "targets": [
      "front_heave_travel_used_pct",
      "front_rh_excursion_measured_mm",
      "rear_rh_std_mm",
      "pitch_range_braking_deg",
      "front_braking_lock_ratio_p95",
      "rear_power_slip_ratio_p95",
      "body_slip_p95_deg",
      "understeer_low_speed_deg",
      "understeer_high_speed_deg"
    ]
  },
  "metrics": {
    "fitted_targets": [
      "body_slip_p95_deg",
      "front_braking_lock_ratio_p95",
      "front_heave_travel_used_pct",
      "front_rh_excursion_measured_mm",
      "pitch_range_braking_deg",
      "rear_power_slip_ratio_p95",
      "rear_rh_std_mm",
      "understeer_high_speed_deg",
      "understeer_low_speed_deg"
    ],
    "mean_rmse": 0.200668,
    "samples": 31
  },
  "model_type": "telemetry_model",
  "parameters": {
    "models": {
      "body_slip_p95_deg": {
        "coefficients": {
          "body_roll_p95_deg": 1.1631141743396343,
          "brake_raw_peak": -3.0713188030097807,
          "front_heave_vel_p95_hs_mps": -3.424341127160938,
          "front_pressure_mean_kpa": -0.5618648651555859,
          "front_rh_std_hs_mm": 0.14059470015895778,
          "lap_time_s": 0.020384442545037795,
          "lf_pressure_kpa": -0.9819810425905766,
          "lf_temp_middle_c": 0.09198936626815507,
          "live_tc_gain": 0.1870819252838081,
          "live_tc_slip": -0.09154926320115217,
          "lr_pressure_kpa": 3.794161579863045,
          "lr_shock_vel_p95_mps": -1.227400332555582,
          "lr_temp_middle_c": -0.8984463072639463,
          "peak_lat_g": 0.12948068277895292,
          "rear_power_slip_ratio_p95": 20.882968318256804,
          "rear_pressure_mean_kpa": -1.0564567543435113,
          "rear_shock_vel_p95_mps": 1.2383118889038995,
          "rear_shock_vel_p99_mps": -2.5105886358389884,
          "rf_pressure_kpa": 1.1981943262112307,
          "rf_temp_middle_c": -0.2178142757089557,
          "rr_pressure_kpa": -2.4119283274494925,
          "rr_shock_vel_p95_mps": 1.578073317175431,
          "rr_temp_middle_c": 1.0830260358121124,
          "understeer_right_turn_deg": -0.0755597479457195
        },
        "intercept": -1.792007949386038,
        "r_squared": 0.9851538275100447,
        "rmse": 0.048379067390165786,
        "samples": 28,
        "target": "body_slip_p95_deg"
      },
      "front_braking_lock_ratio_p95": {
        "coefficients": {
          "body_roll_max_deg": 0.4817085007700655,
          "brake_bias_pct": 0.02390679597349278,
          "diff_preload_nm": 0.0007089041415659185,
          "dynamic_front_rh_mm": -0.06991482925100143,
          "front_master_cyl_mm": -0.011574699232481259,
          "front_shock_vel_p99_mps": -6.266640629188131,
          "fuel_low_warning_l": 0.07068455914673047,
          "lap_number": -0.00357628098054836,
          "lr_shock_vel_p95_mps": -14.007732095466984,
          "mguk_torque_peak_nm": 0.009404518955524471,
          "pitch_range_braking_deg": -0.5319590218461941,
          "rear_brake_pressure_peak_bar": 0.0023651181243210732,
          "rear_master_cyl_mm": -0.012247569761535492,
          "rear_shock_vel_p99_mps": 7.197639862350677,
          "rear_toe_mm": -0.018835709863725143,
          "rear_torsion_od_mm": 0.017983370355648603,
          "roll_gradient_deg_per_g": -2.2689257845723354,
          "splitter_rh_mean_at_speed_mm": 0.010222206495972,
          "splitter_rh_min_mm": 0.0041764021169528485,
          "tc_adjustments": 0.022160885581210973,
          "tc_slip": -0.056475547135060346,
          "understeer_high_speed_deg": -1.917070451885664,
          "understeer_left_turn_deg": 0.5467335220925521,
          "understeer_mean_deg": 0.3597675458628453
        },
        "intercept": 0.0004357768558313231,
        "r_squared": 0.5177557812152151,
        "rmse": 0.1614610531069946,
        "samples": 28,
        "target": "front_braking_lock_ratio_p95"
      },
      "front_heave_travel_used_pct": {
        "coefficients": {
          "front_bottoming_events": 2.833308113918847,
          "front_braking_lock_ratio_p95": -938.0196079532926,
          "front_rh_excursion_measured_mm": -4.403961933001044,
          "rear_bottoming_events": -0.9444360379729542,
          "rear_rh_std_mm": 11.497595163301561
        },
        "intercept": 168.81380332646629,
        "r_squared": 1.0,
        "rmse": 6.566916791926176e-13,
        "samples": 6,
        "target": "front_heave_travel_used_pct"
      },
      "front_rh_excursion_measured_mm": {
        "coefficients": {
          "body_roll_max_deg": -107.91567838466837,
          "body_roll_p95_deg": 57.79705051620349,
          "body_slip_p95_deg": 21.845206317649435,
          "diff_preload_nm": -2.876140891386277,
          "front_camber_deg": -57.92486633809058,
          "front_rh_std_hs_mm": -27.81220424456961,
          "front_rh_std_mm": 22.08797289763863,
          "front_toe_mm": 1.8410794438157234,
          "lap_time_s": -0.06644273909681309,
          "live_tc_gain": -18.015756751786352,
          "live_tc_slip": 16.51628279384343,
          "peak_lat_g": 48.4958267065558,
          "pitch_range_braking_deg": -43.1197692958973,
          "rear_arb_blade": 20.90876125363656,
          "rear_camber_deg": -32.50253134940264,
          "rear_rh_std_mm": -20.882094890971143,
          "rear_toe_mm": -16.9469872501759,
          "roll_gradient_deg_per_g": 510.65354178264283,
          "rr_shock_vel_p95_mps": -385.59378252557,
          "tc_gain": 5.660617568179963,
          "tc_slip": 13.163971996069339,
          "understeer_low_speed_deg": 8.524170029023137,
          "understeer_right_turn_deg": -39.676155818238655,
          "wind_dir_deg": -1.1981869250029649
        },
        "intercept": 17.22325581324133,
        "r_squared": 0.9673309936077947,
        "rmse": 1.3847409667199246,
        "samples": 28,
        "target": "front_rh_excursion_measured_mm"
      },
      "pitch_range_braking_deg": {
        "coefficients": {
          "brake_bias_pct": 0.033491827330950574,
          "dynamic_front_rh_mm": 0.01875318498186627,
          "front_braking_lock_ratio_p95": -0.14010313469477206,
          "front_camber_deg": -0.013564489514281833,
          "front_master_cyl_mm": 0.014018070208845046,
          "front_rh_excursion_measured_mm": 0.008893480553187585,
          "front_rh_settle_time_ms": 0.0009402650645123767,
          "front_toe_mm": -0.011926377234521272,
          "fuel_low_warning_l": 0.0056063847816872564,
          "lap_number": 0.0057154766603037255,
          "live_tc_gain": 0.13243312869321125,
          "live_tc_slip": -0.14287457961813105,
          "rear_arb_blade": -0.0770296152819802,
          "rear_bottoming_events": -0.010806740400441502,
          "rear_camber_deg": -0.011684006275229078,
          "rear_master_cyl_mm": 0.015113633716469564,
          "rear_power_slip_ratio_p95": -5.533959967449707,
          "rear_rh_std_mm": 0.03231296599342964,
          "rear_toe_mm": 0.051076373684477504,
          "rear_torsion_od_mm": -0.07636264301354805,
          "tc_adjustments": -0.1015122457988098,
          "tc_gain": 0.1212067900336043,
          "tc_slip": 0.17323316209763667,
          "understeer_mean_deg": 1.6791622972456715
        },
        "intercept": 0.0007104065902143399,
        "r_squared": 0.7817137977512292,
        "rmse": 0.09383396727360288,
        "samples": 28,
        "target": "pitch_range_braking_deg"
      },
      "rear_power_slip_ratio_p95": {
        "coefficients": {
          "body_slip_p95_deg": -0.008825654742772982,
          "brake_raw_peak": -0.33063385402394607,
          "dynamic_front_rh_mm": 0.005380907503950089,
          "front_heave_travel_used_pct": -7.888926057547652e-17,
          "front_heave_vel_p95_hs_mps": 1.93951416814689,
          "front_pressure_mean_kpa": -0.0005559707793650259,
          "lap_time_s": -0.006211101811999389,
          "lf_pressure_kpa": -0.002227036828094927,