{
  "lap_number": 2,
  "lap_time_s": 108.82886505126953,
  "dynamic_front_rh_mm": 19.232208251953125,
  "dynamic_rear_rh_mm": 29.922847747802734,
  "front_rh_std_mm": 5.707790851593018,
  "rear_rh_std_mm": 7.160758018493652,
  "front_shock_vel_p95_mps": 0.1258659064769745,
  "rear_shock_vel_p95_mps": 0.15777792036533356,
  "front_shock_vel_p99_mps": 0.25559210777282715,
  "rear_shock_vel_p99_mps": 0.3057686984539032,
  "peak_lat_g": 3.832850933074951,
  "body_roll_p95_deg": 0.0,
  "body_roll_max_deg": 3.0875611002319814,
  "roll_gradient_deg_per_g": 0.8055520953315416,
  "lltd_measured": 0.4875439642419045,
  "understeer_mean_deg": -0.0175333134829998,
  "understeer_high_speed_deg": 0.07810955494642258,
  "understeer_low_speed_deg": -0.06522460281848907,
  "body_slip_p95_deg": 3.4706785678863525,
  "front_bottoming_events": 0,
  "rear_bottoming_events": 10,
  "front_rh_settle_time_ms": 0.0,
  "rear_rh_settle_time_ms": 0.0,
  "front_dominant_freq_hz": 2.86,
  "rear_dominant_freq_hz": 5.0
}