{
  "car": "ferrari",
  "n_sessions": 60,
  "n_unique_setups": 23,
  "calibration_complete": true,
  "front_ride_height": {
    "name": "front_ride_height",
    "feature_names": [
      "front_pushrod",
      "front_pushrod_sq",
      "fuel",
      "front_heave_perch",
      "torsion_od",
      "front_camber"
    ],
    "coefficients": [
      -24.891770131616504,
      0.36790858466715964,
      0.005046535584046056,
      0.006393132029525745,
      -0.14674145791933774,
      2.644523807464084,
      0.4279384494451486
    ],
    "r_squared": 0.7234408566462897,
    "rmse": 0.6071006993085089,
    "loo_rmse": 0.8571335321599156,
    "n_samples": 23,
    "is_calibrated": false
  },
  "rear_ride_height": {
    "name": "rear_ride_height",
    "feature_names": [
      "rear_pushrod",
      "rear_third_perch",
      "rear_spring",
      "front_pushrod_sq",
      "rear_camber",
      "front_pushrod",
      "front_heave_perch"
    ],
    "coefficients": [
      0.9504640310211492,
      0.40116891533263244,
      -0.30772068302613065,
      0.03737571849649646,
      -0.02392685503387047,
      3.5677703771374216,
      -0.19744028017206275,
      0.059106675684666043
    ],
    "r_squared": 0.9276037456195633,
    "rmse": 0.5314571146639039,
    "loo_rmse": 0.7453515562867912,
    "n_samples": 23,
    "is_calibrated": true
  },
  "torsion_bar_turns": {
    "name": "torsion_bar_turns",
    "feature_names": [],
    "coefficients": [
      0.09704347826086958
    ],
    "r_squared": 1.0,
    "rmse": 0.004867623836611126,
    "loo_rmse": 0.004867623836611126,
    "n_samples": 23,
    "is_calibrated": true
  },
  "torsion_bar_defl": {
    "name": "torsion_bar_defl_load",
    "feature_names": [
      "front_heave",
      "front_heave_perch"
    ],
    "coefficients": [
      3998064.8205397977,
      -3481.184901049184,
      69437.66692757272
    ],
    "r_squared": 0.8353655925667691,
    "rmse": 245779.67012500917,
    "loo_rmse": 282639.6457071966,
    "n_samples": 23,
    "is_calibrated": false
  },
  "front_shock_defl_static": {
    "name": "front_shock_defl_static",
    "feature_names": [
      "front_pushrod",
      "front_pushrod_sq",
      "front_camber",
      "fuel",
      "front_heave_perch",
      "torsion_od"
    ],
    "coefficients": [
      59.92261347011629,
      0.09504437561455215,
      -0.0037372919172248024,
      0.524769482900415,
      -0.007831084572463289,
      0.11065085453942888,
      -2.0007552541741713
    ],
    "r_squared": 0.9649400263105962,
    "rmse": 0.43357705247944195,
    "loo_rmse": 0.6047652182640374,
    "n_samples": 23,
    "is_calibrated": true
  },
  "front_shock_defl_max": null,
  "rear_shock_defl_static": {
    "name": "rear_shock_defl_static",
    "feature_names": [
      "rear_pushrod_sq",
      "rear_spring",
      "rear_third_perch",
      "front_pushrod_sq",
      "rear_camber",
      "front_pushrod",
      "front_heave_perch"
    ],
    "coefficients": [
      52.07580189321424,
      0.0021762762931782226,
      -0.03045391825289016,
      0.25135505161532057,
      0.019545505671891866,
      -2.3476245280201766,
      0.15570924610241652,
      -0.046818460905906
    ],
    "r_squared": 0.9337235262956943,
    "rmse": 0.420507591053723,
    "loo_rmse": 0.5987804524040288,
    "n_samples": 23,
    "is_calibrated": true
  },
  "rear_shock_defl_max": null,
  "heave_spring_defl_static": {
    "name": "heave_spring_defl_static",
    "feature_names": [
      "rear_third_perch",
      "front_heave_perch",
      "torsion_od",
      "front_pushrod",
      "rear_spring",
      "inv_rear_spring",
      "front_pushrod_sq"
    ],
    "coefficients": [
      535.5481308705337,
      -0.17174280094221828,
      -0.5145932377499811,
      -6.435838574439282,
      0.2759395688095956,
      -0.500084581671655,
      -88552.52473256488,
      0.013902566944508025
    ],
    "r_squared": 0.9753835855203605,
    "rmse": 0.80120592996949,
    "loo_rmse": 1.1770710977245515,
    "n_samples": 23,
    "is_calibrated": true
  },
  "heave_spring_defl_max": {
    "name": "heave_spring_defl_max",
    "feature_names": [
      "front_heave",
      "inv_front_heave",
      "rear_third",
      "inv_rear_third",
      "rear_spring",
      "rear_camber",
      "front_camber"
    ],
    "coefficients": [
      85.93114586823378,
      -0.1217348413744839,
      -109.20389325107712,
      0.0049728798099448555,
      1960.521060378704,
      0.0014171218259419443,
      0.3359504747219955,
      -0.08080233763998286
    ],
    "r_squared": 0.9995586261422301,
    "rmse": 0.0866684224647852,
    "loo_rmse": 0.11360624586590232,
    "n_samples": 23,
    "is_calibrated": true
  },
  "heave_slider_defl_static": {
    "name": "heave_slider_defl_static",
    "feature_names": [
      "front_pushrod",
      "front_pushrod_sq",
      "front_camber",
      "fuel",
      "front_heave_perch",
      "torsion_od"
    ],
    "coefficients": [
      153.96058980107188,
      0.25196667677891327,
      -0.009437972023878121,
      0.9981898842859356,
      -0.019414594042440215,
      0.28932246624283336,
      -5.160906369205072
    ],
    "r_squared": 0.9630831219493494,
    "rmse": 1.1624747545671605,
    "loo_rmse": 1.6315628710026189,
    "n_samples": 23,
    "is_calibrated": true
  },
  "rear_spring_defl_static": null,
  "rear_spring_defl_max": null,
  "third_spring_defl_static": {
    "name": "third_spring_defl_static",
    "feature_names": [
      "rear_third_perch",
      "rear_pushrod_sq",
      "rear_spring",
      "front_pushrod_sq",
      "rear_camber",
      "front_pushrod",
      "front_heave_perch"
    ],
    "coefficients": [
      -54.969873902470205,
      -0.6793736072859315,
      0.003293643055426593,
      -0.039696547955518725,
      0.025717728201523807,
      -3.1996929858799064,
      0.20614906694723623,
      -0.05935945530358166
    ],
    "r_squared": 0.9829611274100574,
    "rmse": 0.5716770023011453,
    "loo_rmse": 0.8170098840435671,
    "n_samples": 23,
    "is_calibrated": true
  },
  "third_spring_defl_max": {
    "name": "third_spring_defl_max",
    "feature_names": [
      "rear_third",
      "rear_pushrod_sq",
      "rear_spring",
      "inv_rear_third",
      "front_heave_perch",
      "torsion_od"
    ],
    "coefficients": [
      102.08639738598086,
      -0.05261336525190936,
      -0.002460052036680056,
      0.006467882629759115,
      -2779.692483622665,
      0.02078044499775878,
      0.20035520366968035
    ],
    "r_squared": 0.9995747804157891,
    "rmse": 0.12762155182053084,
    "loo_rmse": 0.2139868395847741,
    "n_samples": 23,
    "is_calibrated": true
  },
  "third_slider_defl_static": {
    "name": "third_slider_defl_static",
    "feature_names": [
      "third_spring_defl"
    ],
    "coefficients": [
      25.037815995663532,
      -0.07041837086680161
    ],
    "r_squared": 0.020263361250233647,
    "rmse": 2.1444464142221125,
    "loo_rmse": 2.364893038873663,
    "n_samples": 23,
    "is_calibrated": false
  },
  "torsion_bar_defl_direct": {
    "name": "torsion_bar_defl_direct",
    "feature_names": [
      "front_heave_perch",
      "rear_pushrod",
      "fuel_x_inv_third",
      "rear_third",
      "inv_front_heave",
      "front_pushrod",
      "front_heave"
    ],
    "coefficients": [
      -2.615840253723672,
      0.3174706829805046,
      0.13938630857473036,
      14.08486983306741,
      0.009289038844550882,
      629.9616195988349,
      0.2080916076997824,
      0.05126542457927468
    ],
    "r_squared": 0.9801847242268779,
    "rmse": 0.5145503383727339,
    "loo_rmse": 0.7575929009317448,
    "n_samples": 23,
    "is_calibrated": true
  },
  "third_slider_defl_direct": {
    "name": "third_slider_defl_direct",
    "feature_names": [
      "rear_pushrod_sq",
      "rear_spring",
      "rear_third_perch",
      "front_pushrod_sq",
      "rear_camber",
      "front_pushrod",
      "front_heave_perch"
    ],