{
  "car": "ferrari",
  "n_sessions": 59,
  "n_unique_setups": 23,
  "calibration_complete": true,
  "front_ride_height": {
    "name": "front_ride_height",
    "feature_names": [
      "front_pushrod",
      "rear_pushrod",
      "front_heave",
      "rear_third",
      "rear_spring",
      "torsion_od",
      "front_heave_perch",
      "rear_third_perch",
      "front_camber",
      "fuel",
      "inv_front_heave",
      "inv_rear_third",
      "inv_rear_spring"
    ],
    "coefficients": [
      -234.29880086150283,
      0.4447619163723755,
      0.014932272339859082,
      0.03745674765362301,
      0.01300332566829585,
      0.20022357413732464,
      3.238007425398518,
      -0.22395445989805765,
      -0.04765176285817465,
      -0.22823139645073057,
      0.0010010518773676978,
      230.41328749340343,
      6094.319842256176,
      33693.903367861276
    ],
    "r_squared": 0.9472475434438552,
    "rmse": 0.2651478236347172,
    "loo_rmse": 3.152662859523428,
    "n_samples": 23,
    "is_calibrated": true
  },
  "rear_ride_height": {
    "name": "rear_ride_height",
    "feature_names": [
      "front_pushrod",
      "rear_pushrod",
      "front_heave",
      "rear_third",
      "rear_spring",
      "torsion_od",
      "front_heave_perch",
      "rear_third_perch",
      "front_camber",
      "fuel",
      "inv_front_heave",
      "inv_rear_third",
      "inv_rear_spring"
    ],
    "coefficients": [
      -286.0065432505516,
      -0.16774736806949775,
      0.3388406661556197,
      -0.009142230597917309,
      0.030726666162281285,
      0.3423033453398324,
      -1.956016950735817,
      0.19319551128135712,
      -0.5616158368620594,
      -0.024601044165625956,
      0.015566111829111232,
      -138.74027869350726,
      15208.497465221808,
      52233.327677955895
    ],
    "r_squared": 0.8846836976620502,
    "rmse": 0.6707420451617294,
    "loo_rmse": 7.024681956378557,
    "n_samples": 23,
    "is_calibrated": true
  },
  "torsion_bar_turns": {
    "name": "torsion_bar_turns",
    "feature_names": [],
    "coefficients": [
      0.09704347826086958
    ],
    "r_squared": 1.0,
    "rmse": 0.004867623836611126,
    "loo_rmse": 0.004867623836611126,
    "n_samples": 23,
    "is_calibrated": true
  },
  "torsion_bar_defl": {
    "name": "torsion_bar_defl_load",
    "feature_names": [
      "front_heave",
      "front_heave_perch"
    ],
    "coefficients": [
      3998064.8205397977,
      -3481.184901049184,
      69437.66692757272
    ],
    "r_squared": 0.8353655925667691,
    "rmse": 245779.67012500917,
    "loo_rmse": 282639.6457071966,
    "n_samples": 23,
    "is_calibrated": false
  },
  "front_shock_defl_static": {
    "name": "front_shock_defl_static",
    "feature_names": [
      "front_pushrod",
      "front_heave",
      "torsion_od",
      "front_heave_perch",
      "front_camber",
      "fuel",
      "inv_front_heave"
    ],
    "coefficients": [
      84.05869526706512,
      0.013492933891741665,
      -0.03808253727005046,
      -2.7305618496176605,
      0.17109902279793635,
      1.081916547379644,
      -0.0026103149862446965,
      -294.19068935860923
    ],
    "r_squared": 0.9820550302277169,
    "rmse": 0.3101929058929829,
    "loo_rmse": 0.5216537513773769,
    "n_samples": 23,
    "is_calibrated": true
  },
  "front_shock_defl_max": null,
  "rear_shock_defl_static": {
    "name": "rear_shock_defl_static",
    "feature_names": [
      "front_pushrod",
      "rear_pushrod",
      "front_heave",
      "rear_third",
      "rear_spring",
      "torsion_od",
      "front_heave_perch",
      "rear_third_perch",
      "front_camber",
      "fuel",
      "inv_front_heave",
      "inv_rear_third",
      "inv_rear_spring"
    ],
    "coefficients": [
      270.9166305058538,
      0.13061381451568627,
      0.08793408125677363,
      0.005926192609589663,
      -0.02334142080252531,
      -0.2630306033100732,
      1.6129721526343415,
      -0.1562963773745315,
      0.46355240865532815,
      0.2096216681148378,
      -0.013888350758371703,
      103.61723592740941,
      -11906.617623129794,
      -39909.64353941468
    ],
    "r_squared": 0.889444062787292,
    "rmse": 0.5431067228519099,
    "loo_rmse": 5.937884613665763,
    "n_samples": 23,
    "is_calibrated": true
  },
  "rear_shock_defl_max": null,
  "heave_spring_defl_static": {
    "name": "heave_spring_defl_static",
    "feature_names": [
      "front_pushrod",
      "rear_pushrod",
      "front_heave",
      "rear_third",
      "rear_spring",
      "torsion_od",
      "front_heave_perch",
      "rear_third_perch",
      "front_camber",
      "fuel",
      "inv_front_heave",
      "inv_rear_third",
      "inv_rear_spring"
    ],
    "coefficients": [
      504.79880665716195,
      0.10407798081619357,
      -0.03398898166707776,
      -0.07166697118283769,
      -0.024330043671259436,
      -0.38163729167848753,
      -6.2579641999329,
      -0.5645383391984773,
      0.09445947696222635,
      2.1634385890816614,
      -0.008586072441391772,
      -447.1943637332362,
      -11479.713755954057,
      -64310.97449068795
    ],
    "r_squared": 0.9897843228826274,
    "rmse": 0.5161374074823676,
    "loo_rmse": 6.314055562970101,
    "n_samples": 23,
    "is_calibrated": true
  },
  "heave_spring_defl_max": {
    "name": "heave_spring_defl_max",
    "feature_names": [
      "front_pushrod",
      "rear_pushrod",
      "front_heave",
      "rear_third",
      "rear_spring",
      "torsion_od",
      "front_heave_perch",
      "rear_third_perch",
      "front_camber",
      "fuel",
      "inv_front_heave",
      "inv_rear_third",
      "inv_rear_spring"
    ],
    "coefficients": [
      13.045294394652688,
      -0.01667848832210929,
      -0.015826038401441016,
      -0.12797876152338433,
      0.006421109668804215,
      0.08781028917294666,
      -0.060788168179458514,
      0.0009546737890331695,
      0.003711662528671778,
      0.05799851301310104,
      0.0007630161100897036,
      -169.55730759633425,
      2857.736527201491,
      15475.20657125553
    ],
    "r_squared": 0.9998460441291273,
    "rmse": 0.05118653312067051,
    "loo_rmse": 0.9136053760090432,
    "n_samples": 23,
    "is_calibrated": true
  },
  "heave_slider_defl_static": {
    "name": "heave_slider_defl_static",
    "feature_names": [
      "front_pushrod",
      "rear_pushrod",
      "front_heave",
      "rear_third",
      "rear_spring",
      "torsion_od",
      "front_heave_perch",
      "rear_third_perch",
      "front_camber",
      "fuel",
      "inv_front_heave",
      "inv_rear_third",
      "inv_rear_spring"
    ],
    "coefficients": [
      552.3988066571617,
      0.10407798081619868,
      -0.033988981667074494,
      -0.07166697118283907,
      -0.024330043671258864,
      -0.381637291678488,
      -6.257964199932888,
      0.43546166080152016,
      0.09445947696222558,
      2.1634385890817107,
      -0.008586072441390124,
      -447.19436373323816,
      -11479.713755954072,
      -64310.97449068794
    ],
    "r_squared": 0.9927223933450121,
    "rmse": 0.516137407482363,
    "loo_rmse": 6.314055562970148,
    "n_samples": 23,
    "is_calibrated": true
  },
  "rear_spring_defl_static": null,
  "rear_spring_defl_max": null,
  "third_spring_defl_static": {
    "name": "third_spring_defl_static",
    "feature_names": [
      "front_pushrod",
      "rear_pushrod",
      "front_heave",
      "rear_third",
      "rear_spring",
      "torsion_od",
      "front_heave_perch",
      "rear_third_perch",
      "front_camber",
      "fuel",
      "inv_front_heave",
      "inv_rear_third",
      "inv_rear_spring"
    ],