{
  "car": "ferrari",
  "track": "",
  "n_sessions": 119,
  "n_unique_setups": 18,
  "calibration_complete": true,
  "front_ride_height": {
    "name": "front_ride_height",
    "feature_names": [
      "front_pushrod",
      "front_pushrod_sq",
      "fuel",
      "torsion_turns",
      "front_heave_perch",
      "torsion_od"
    ],
    "coefficients": [
      -47.750170124031555,
      0.40902358196414296,
      -0.0007151395685653927,
      -0.0022725303314437006,
      159.47389128611692,
      -0.23324554896554328,
      2.927408541475887
    ],
    "r_squared": 0.8614245507126782,
    "rmse": 0.47756446329126856,
    "loo_rmse": 0.728797894223961,
    "n_samples": 18,
    "is_calibrated": true,
    "q_squared": 0.6772721024630736,
    "confidence_tier": "high"
  },
  "rear_ride_height": {
    "name": "rear_ride_height",
    "feature_names": [
      "inv_rear_third",
      "inv_rear_spring",
      "rear_pushrod",
      "rear_third_perch",
      "rear_torsion_turns",
      "torsion_od"
    ],
    "coefficients": [
      18.88981417753196,
      -1742.7405101810643,
      -5732.558460648971,
      0.3758085874204937,
      -0.413115781057968,
      217.20300009351354,
      -0.7029676156693654
    ],
    "r_squared": 0.9850841386252784,
    "rmse": 0.2573306407062607,
    "loo_rmse": 0.4435463577246524,
    "n_samples": 18,
    "is_calibrated": true,
    "q_squared": 0.9556857533717596,
    "confidence_tier": "high"
  },
  "torsion_bar_turns": {
    "name": "torsion_bar_turns",
    "feature_names": [],
    "coefficients": [
      0.09633333333333333
    ],
    "r_squared": 1.0,
    "rmse": 0.004447221354708782,
    "loo_rmse": 0.004447221354708782,
    "n_samples": 18,
    "is_calibrated": true,
    "q_squared": null,
    "confidence_tier": "high"
  },
  "torsion_bar_defl": {
    "name": "torsion_bar_defl_load",
    "feature_names": [
      "front_heave",
      "front_heave_perch"
    ],
    "coefficients": [
      3710578.580028747,
      -1580.7519804881285,
      63394.76552179186
    ],
    "r_squared": 0.8479604491297354,
    "rmse": 233871.1430500196,
    "loo_rmse": 271409.5728849837,
    "n_samples": 18,
    "is_calibrated": false,
    "q_squared": 0.7952359906327414,
    "confidence_tier": "medium"
  },
  "front_shock_defl_static": {
    "name": "front_shock_defl_static",
    "feature_names": [
      "front_pushrod_sq",
      "front_heave_perch",
      "torsion_od",
      "torsion_turns",
      "inv_rear_third",
      "inv_rear_spring"
    ],
    "coefficients": [
      86.57629107256886,
      0.0022661947000345295,
      0.22017092723014395,
      -2.7070928734603728,
      -152.09318857821603,
      653.9937456105621,
      394.66662462789765
    ],
    "r_squared": 0.9991304338681385,
    "rmse": 0.07619458863880081,
    "loo_rmse": 0.1450918250134842,
    "n_samples": 18,
    "is_calibrated": true,
    "q_squared": 0.9968468818399937,
    "confidence_tier": "high"
  },
  "front_shock_defl_max": null,
  "rear_shock_defl_static": {
    "name": "rear_shock_defl_static",
    "feature_names": [
      "rear_third_perch",
      "rear_torsion_turns",
      "inv_rear_spring",
      "rear_third",
      "front_pushrod",
      "rear_pushrod"
    ],
    "coefficients": [
      53.417548554091674,
      0.36115494636750706,
      -141.60267696714942,
      4785.513221588331,
      -0.0031924213678671265,
      -0.046684734530397023,
      0.04132976755182435
    ],
    "r_squared": 0.9887010897460107,
    "rmse": 0.17151565394720059,
    "loo_rmse": 0.25107781858423045,
    "n_samples": 18,
    "is_calibrated": true,
    "q_squared": 0.9757871603689778,
    "confidence_tier": "high"
  },
  "rear_shock_defl_max": null,
  "heave_spring_defl_static": {
    "name": "heave_spring_defl_static",
    "feature_names": [
      "torsion_turns",
      "front_heave_perch",
      "torsion_od",
      "inv_front_heave",
      "fuel",
      "front_pushrod_sq"
    ],
    "coefficients": [
      164.64914700657712,
      -401.9267237658859,
      -0.4248178933208919,
      -6.229352739258218,
      138.21102474861652,
      0.012855189711359571,
      -0.0036995924280063264
    ],
    "r_squared": 0.9984931761240029,
    "rmse": 0.20843081968304475,
    "loo_rmse": 0.3821879251423719,
    "n_samples": 18,
    "is_calibrated": true,
    "q_squared": 0.9949336808574006,
    "confidence_tier": "high"
  },
  "heave_spring_defl_max": {
    "name": "heave_spring_defl_max",
    "feature_names": [
      "front_heave",
      "inv_front_heave",
      "rear_torsion_turns",
      "rear_third",
      "front_camber",
      "rear_pushrod_sq"
    ],
    "coefficients": [
      92.36109830663366,
      -0.12982463737625108,
      -132.37731068340392,
      26.235155166430747,
      0.0017441940259974587,
      0.4336425822912255,
      0.00022209825967513946
    ],
    "r_squared": 0.9999925121495421,
    "rmse": 0.011544547364420028,
    "loo_rmse": 0.06573659535117653,
    "n_samples": 18,
    "is_calibrated": true,
    "q_squared": 0.9997572172887379,
    "confidence_tier": "low"
  },
  "heave_slider_defl_static": {
    "name": "heave_slider_defl_static",
    "feature_names": [
      "front_pushrod",
      "front_pushrod_sq",
      "front_heave_perch",
      "torsion_od",
      "torsion_turns",
      "inv_front_heave"
    ],
    "coefficients": [
      211.86921659759642,
      0.020240161684771607,
      -0.0022101287739020314,
      0.5686452788184146,
      -6.183640134434255,
      -401.28488467273337,
      127.31068079647255
    ],
    "r_squared": 0.9978756215902627,
    "rmse": 0.3112366398543254,
    "loo_rmse": 0.5134258037689301,
    "n_samples": 18,
    "is_calibrated": true,
    "q_squared": 0.9942189619696281,
    "confidence_tier": "high"
  },
  "rear_spring_defl_static": null,
  "rear_spring_defl_max": null,
  "third_spring_defl_static": {
    "name": "third_spring_defl_static",
    "feature_names": [
      "rear_third_perch",
      "rear_torsion_turns",
      "inv_rear_spring",
      "rear_third",
      "torsion_turns",
      "fuel_x_inv_spring"
    ],
    "coefficients": [
      -63.08673640685715,
      -0.5515545721447365,
      -269.2297044105196,
      5998.856239872064,
      -0.0048704629921616505,
      143.4717329897955,
      4.714906430175972
    ],
    "r_squared": 0.994668488251508,
    "rmse": 0.28091918559660467,
    "loo_rmse": 0.5229769059350841,
    "n_samples": 18,
    "is_calibrated": true,
    "q_squared": 0.9815221008762273,
    "confidence_tier": "high"
  },
  "third_spring_defl_max": {
    "name": "third_spring_defl_max",
    "feature_names": [
      "rear_third",
      "rear_pushrod_sq",
      "rear_spring",
      "inv_rear_third",
      "rear_torsion_turns",
      "torsion_od"
    ],
    "coefficients": [
      105.38446827492908,
      -0.0547369601659976,
      -0.002125269484364572,
      0.004590325127612038,
      -3844.9365768797147,
      33.48995275290149,
      0.1355285149168772
    ],
    "r_squared": 0.999659246250783,
    "rmse": 0.1125013858505586,
    "loo_rmse": 0.23046468799598957,
    "n_samples": 18,
    "is_calibrated": true,
    "q_squared": 0.9985700077560236,
    "confidence_tier": "medium"
  },
  "third_slider_defl_static": {
    "name": "third_slider_defl_static",
    "feature_names": [
      "third_spring_defl"
    ],
    "coefficients": [
      27.264279697065742,
      -0.27810816220995327
    ],
    "r_squared": 0.25147218002989913,
    "rmse": 1.8459883261857004,
    "loo_rmse": 2.0563792023719505,
    "n_samples": 18,
    "is_calibrated": false,
    "q_squared": 0.07112676025306985,
    "confidence_tier": "insufficient"
  },
  "torsion_bar_defl_direct": {
    "name": "torsion_bar_defl_direct",
    "feature_names": [
      "front_heave_perch",
      "torsion_turns",
      "torsion_od",
      "inv_front_heave",
      "fuel",
      "front_heave"
    ],