{
  "car": "ferrari",
  "n_sessions": 35,
  "n_unique_setups": 24,
  "calibration_complete": true,
  "front_ride_height": {
    "name": "front_ride_height",
    "feature_names": [
      "front_heave",
      "front_heave_perch",
      "front_camber",
      "fuel",
      "front_pushrod",
      "torsion_od"
    ],
    "coefficients": [
      29.684611006161838,
      0.02983876101910806,
      -0.11396115995739341,
      0.8840259615724188,
      0.007870951572586146,
      0.35579441196079914,
      0.542378364176662
    ],
    "r_squared": 0.6582475294912596,
    "rmse": 0.6655754703219926,
    "loo_rmse": 1.0257184196678655,
    "n_samples": 24,
    "is_calibrated": true
  },
  "rear_ride_height": {
    "name": "rear_ride_height",
    "feature_names": [
      "rear_pushrod",
      "rear_third",
      "rear_spring",
      "rear_third_perch",
      "fuel",
      "rear_spring_perch"
    ],
    "coefficients": [
      23.884890354370512,
      0.27644530322408234,
      0.029517089093539006,
      0.15535113823329944,
      -0.16031211157722566,
      0.02720656228967608,
      -0.11701722721650638
    ],
    "r_squared": 0.6687250782545121,
    "rmse": 1.2482350061756076,
    "loo_rmse": 4.21411884456625,
    "n_samples": 24,
    "is_calibrated": true
  },
  "torsion_bar_turns": null,
  "torsion_bar_defl": {
    "name": "torsion_bar_defl_load",
    "feature_names": [
      "front_heave",
      "front_heave_perch"
    ],
    "coefficients": [
      -91856.42777706456,
      18063.967977809305,
      -3945.493019615942
    ],
    "r_squared": 0.9701253911332821,
    "rmse": 64377.53376980734,
    "loo_rmse": 87906.67775567647,
    "n_samples": 24,
    "is_calibrated": true
  },
  "front_shock_defl_static": {
    "name": "front_shock_defl_static",
    "feature_names": [
      "front_pushrod",
      "front_heave_perch",
      "front_heave",
      "torsion_od"
    ],
    "coefficients": [
      15.6279962479356,
      0.18534206133765704,
      0.04577842778161669,
      0.09846112858022167,
      0.006400276902560051
    ],
    "r_squared": 0.6309687973576541,
    "rmse": 0.8893539626446355,
    "loo_rmse": 1.501588189515599,
    "n_samples": 24,
    "is_calibrated": true
  },
  "front_shock_defl_max": null,
  "rear_shock_defl_static": {
    "name": "rear_shock_defl_static",
    "feature_names": [
      "rear_pushrod",
      "rear_third_perch",
      "rear_third",
      "rear_spring"
    ],
    "coefficients": [
      34.33769371928725,
      0.10178913043540927,
      0.16218113977937812,
      -0.019032621828442134,
      -0.0620171704139217
    ],
    "r_squared": 0.5753587023039479,
    "rmse": 1.1259618934292444,
    "loo_rmse": 1.6020507710026992,
    "n_samples": 24,
    "is_calibrated": true
  },
  "rear_shock_defl_max": null,
  "heave_spring_defl_static": {
    "name": "heave_spring_defl_static",
    "feature_names": [
      "inv_heave_nmm",
      "front_heave_perch",
      "inv_od4"
    ],
    "coefficients": [
      0.8912156552462104,
      -350.3911706062859,
      -0.6193600306123699,
      6.69639108352857
    ],
    "r_squared": 0.7107314343154159,
    "rmse": 2.7907120985120066,
    "loo_rmse": 8.694475350105135,
    "n_samples": 24,
    "is_calibrated": true
  },
  "heave_spring_defl_max": {
    "name": "heave_spring_defl_max",
    "feature_names": [
      "front_heave"
    ],
    "coefficients": [
      80.35257850763473,
      0.18958513396715623
    ],
    "r_squared": 0.43180664863529306,
    "rmse": 4.4022855838374815,
    "loo_rmse": 4.721835200439227,
    "n_samples": 24,
    "is_calibrated": true
  },
  "heave_slider_defl_static": {
    "name": "heave_slider_defl_static",
    "feature_names": [
      "front_heave",
      "front_heave_perch",
      "torsion_od"
    ],
    "coefficients": [
      44.099834406083275,
      0.31083762560728884,
      0.18718921148244363,
      -1.0039373900648056
    ],
    "r_squared": 0.5266694657557032,
    "rmse": 2.8852543308134164,
    "loo_rmse": 4.5639020837493645,
    "n_samples": 24,
    "is_calibrated": true
  },
  "rear_spring_defl_static": {
    "name": "rear_spring_defl_static_load",
    "feature_names": [
      "rear_spring_perch"
    ],
    "coefficients": [
      32.787148255730465,
      73.17550100189281
    ],
    "r_squared": 0.8821800090368199,
    "rmse": 374.00171684356786,
    "loo_rmse": 497.0920909996,
    "n_samples": 24,
    "is_calibrated": true
  },
  "rear_spring_defl_max": {
    "name": "rear_spring_defl_max",
    "feature_names": [
      "rear_spring",
      "rear_spring_perch"
    ],
    "coefficients": [
      -2.6574617727017964,
      0.4928551544465537,
      -0.1008435801030978
    ],
    "r_squared": 0.9931969594396846,
    "rmse": 2.794539955408188,
    "loo_rmse": 8.13881788607934,
    "n_samples": 24,
    "is_calibrated": true
  },
  "third_spring_defl_static": {
    "name": "third_spring_defl_static_load",
    "feature_names": [
      "rear_third_perch"
    ],
    "coefficients": [
      2286.9284817860985,
      21.62692243120637
    ],
    "r_squared": 0.9034045000923395,
    "rmse": 443.3073305000083,
    "loo_rmse": 522.7855109786618,
    "n_samples": 24,
    "is_calibrated": true
  },
  "third_spring_defl_max": {
    "name": "third_spring_defl_max",
    "feature_names": [
      "rear_third",
      "rear_third_perch"
    ],
    "coefficients": [
      90.44399330711222,
      -0.1026880920134017,
      0.19397991009322868
    ],
    "r_squared": 0.7627234294675757,
    "rmse": 5.2707899356444505,
    "loo_rmse": 5.909230271014209,
    "n_samples": 24,
    "is_calibrated": true
  },
  "third_slider_defl_static": {
    "name": "third_slider_defl_static",
    "feature_names": [
      "third_spring_defl"
    ],
    "coefficients": [
      23.586503178322374,
      -0.06092317270784128
    ],
    "r_squared": 0.008130252622055911,
    "rmse": 2.9129049400548612,
    "loo_rmse": 3.1240162952236035,
    "n_samples": 24,
    "is_calibrated": true
  },
  "front_heave_lookup": null,
  "rear_heave_lookup": null,
  "front_torsion_lookup": {
    "setting_key": "front_torsion_od",
    "entries": [
      {
        "setting": 0.0,
        "rate_nmm": 105.4773,
        "source": "physics_extrapolated"
      },
      {
        "setting": 1.0,
        "rate_nmm": 110.2439,
        "source": "physics_extrapolated"
      },
      {
        "setting": 2.0,
        "rate_nmm": 115.170265625,
        "source": "decrypted_sto"
      },
      {
        "setting": 3.0,
        "rate_nmm": 120.2599,
        "source": "physics_extrapolated"
      },
      {
        "setting": 4.0,
        "rate_nmm": 125.5164,
        "source": "physics_extrapolated"
      },
      {
        "setting": 5.0,
        "rate_nmm": 130.9434,
        "source": "physics_extrapolated"
      },
      {
        "setting": 6.0,
        "rate_nmm": 136.5444,
        "source": "physics_extrapolated"
      },
      {
        "setting": 7.0,
        "rate_nmm": 142.3233,
        "source": "physics_extrapolated"
      },
      {
        "setting": 8.0,
        "rate_nmm": 148.2837,
        "source": "physics_extrapolated"
      },
      {
        "setting": 9.0,
        "rate_nmm": 154.4293,
        "source": "physics_extrapolated"
      },
      {
        "setting": 10.0,
        "rate_nmm": 160.7641,
        "source": "physics_extrapolated"
      },
      {
        "setting": 11.0,
        "rate_nmm": 167.2918,
        "source": "physics_extrapolated"
      },
      {
        "setting": 12.0,
        "rate_nmm": 174.0162,
        "source": "physics_extrapolated"
      },
      {
        "setting": 13.0,
        "rate_nmm": 180.9414,
        "source": "physics_extrapolated"
      },
      {
        "setting": 14.0,
        "rate_nmm": 188.0713,
        "source": "physics_extrapolated"
      },
      {
        "setting": 15.0,
        "rate_nmm": 195.4098,
        "source": "physics_extrapolated"
      },
      {
        "setting": 16.0,
        "rate_nmm": 202.961,