{
  "car": "ferrari",
  "n_sessions": 59,
  "n_unique_setups": 23,
  "calibration_complete": true,
  "front_ride_height": {
    "name": "front_ride_height",
    "feature_names": [
      "rear_spring_x_front_pushrod",
      "rear_spring_x_front_heave_perch",
      "torsion_od",
      "rear_third_perch_x_front_heave_perch",
      "rear_third_x_front_heave",
      "inv_front_heave",
      "rear_third_x_front_pushrod",
      "front_pushrod_sq",
      "front_heave_x_front_heave_perch",
      "rear_third_x_front_heave_perch",
      "fuel",
      "front_heave_perch",
      "rear_pushrod_x_front_pushrod",
      "rear_third_perch_sq",
      "rear_camber",
      "rear_spring_x_front_heave",
      "front_heave_x_rear_pushrod"
    ],
    "coefficients": [
      -62.00929617743476,
      0.001000214527828972,
      -0.00195998483062999,
      4.2451384977347955,
      0.012838675939987785,
      8.307844769088246e-05,
      234.32230249247448,
      -9.907251536254126e-05,
      -0.005871855637912343,
      0.0010731579341655315,
      0.0006903149614316473,
      -0.006000500103505303,
      1.4541783099440981,
      0.005318973271148751,
      -0.0002650972215205313,
      0.23184050507816545,
      -4.123046961422612e-05,
      -0.00014106532746431955
    ],
    "r_squared": 0.9999387773532659,
    "rmse": 0.009032807871767813,
    "loo_rmse": 0.3904974183669464,
    "n_samples": 23,
    "is_calibrated": true
  },
  "rear_ride_height": {
    "name": "rear_ride_height",
    "feature_names": [
      "rear_pushrod_x_rear_third_perch",
      "rear_spring_x_rear_third_perch",
      "front_pushrod_sq",
      "rear_spring_x_front_pushrod",
      "rear_arb_blade",
      "rear_camber",
      "rear_spring_x_rear_pushrod",
      "front_heave_x_rear_pushrod",
      "rear_third_perch_x_front_heave_perch",
      "rear_pushrod_sq",
      "rear_spring_x_front_heave_perch",
      "front_heave_sq",
      "rear_pushrod_x_front_pushrod",
      "front_camber",
      "front_pushrod",
      "inv_rear_spring",
      "front_heave_perch",
      "rear_third_perch_x_front_pushrod",
      "rear_third_x_front_heave_perch"
    ],
    "coefficients": [
      -28.199493709928102,
      -0.002960177436258848,
      -0.00020188970792961856,
      -0.021029868027992605,
      0.005916006165416659,
      0.001816959197759764,
      1.1181609336297247,
      0.001469145839186363,
      -0.0061156401021651915,
      0.046877714457286716,
      -0.000999008684241043,
      -0.011875586387288395,
      0.00019605595672807355,
      0.014766687077168906,
      -0.3351971622179968,
      -5.717427984730907,
      27943.366867864617,
      9.967966718079774,
      -0.025888405648605676,
      0.0007552771340131835
    ],
    "r_squared": 0.9999984238390166,
    "rmse": 0.0024797646406090686,
    "loo_rmse": 0.8405270477333833,
    "n_samples": 23,
    "is_calibrated": true
  },
  "torsion_bar_turns": {
    "name": "torsion_bar_turns",
    "feature_names": [],
    "coefficients": [
      0.09704347826086958
    ],
    "r_squared": 1.0,
    "rmse": 0.004867623836611126,
    "loo_rmse": 0.004867623836611126,
    "n_samples": 23,
    "is_calibrated": true
  },
  "torsion_bar_defl": {
    "name": "torsion_bar_defl_load",
    "feature_names": [
      "front_heave",
      "front_heave_perch"
    ],
    "coefficients": [
      3998064.8205397977,
      -3481.184901049184,
      69437.66692757272
    ],
    "r_squared": 0.8353655925667691,
    "rmse": 245779.67012500917,
    "loo_rmse": 282639.6457071966,
    "n_samples": 23,
    "is_calibrated": false
  },
  "front_shock_defl_static": {
    "name": "front_shock_defl_static",
    "feature_names": [
      "front_pushrod",
      "front_heave",
      "torsion_od",
      "front_heave_perch",
      "front_camber",
      "fuel",
      "inv_front_heave"
    ],
    "coefficients": [
      84.05869526706512,
      0.013492933891741665,
      -0.03808253727005046,
      -2.7305618496176605,
      0.17109902279793635,
      1.081916547379644,
      -0.0026103149862446965,
      -294.19068935860923
    ],
    "r_squared": 0.9820550302277169,
    "rmse": 0.3101929058929829,
    "loo_rmse": 0.5216537513773769,
    "n_samples": 23,
    "is_calibrated": true
  },
  "front_shock_defl_max": null,
  "rear_shock_defl_static": {
    "name": "rear_shock_defl_static",
    "feature_names": [
      "rear_pushrod_sq",
      "rear_spring_x_rear_third_perch",
      "front_pushrod_sq",
      "rear_spring_x_front_pushrod",
      "rear_third_sq",
      "rear_third_x_rear_spring",
      "rear_third_x_front_heave_perch",
      "rear_pushrod_x_front_pushrod",
      "rear_arb_blade",
      "front_heave_perch_sq",
      "torsion_od",
      "front_heave_x_front_pushrod",
      "front_camber",
      "fuel",
      "rear_third_perch_x_front_heave_perch",
      "rear_third_perch_x_front_pushrod",
      "front_pushrod",
      "front_heave_sq",
      "rear_pushrod_x_front_heave_perch"
    ],
    "coefficients": [
      -111.19500531287618,
      0.0007702620005382705,
      0.0002274624528359441,
      -0.0011696259143466668,
      -0.001910463045311377,
      4.520983236819473e-06,
      -4.410519347529459e-05,
      -0.0006274165960843753,
      -0.027459291148372086,
      0.00019749310287476166,
      -0.0014821784229865527,
      7.20081268273445,
      -0.0025826360789924477,
      -0.31160654204084953,
      0.004221204811648018,
      -0.004095863334590221,
      0.05997075118536115,
      7.881026581947403,
      4.300499380234824e-05,
      -0.004944743308196255
    ],
    "r_squared": 0.999991577537438,
    "rmse": 0.004740385795210846,
    "loo_rmse": 41.154376547575325,
    "n_samples": 23,
    "is_calibrated": true
  },
  "rear_shock_defl_max": null,
  "heave_spring_defl_static": {
    "name": "heave_spring_defl_static",
    "feature_names": [
      "rear_third_perch_x_front_heave_perch",
      "torsion_od",
      "rear_spring_x_front_pushrod",
      "rear_spring_x_front_heave_perch",
      "rear_arb_blade",
      "front_pushrod",
      "front_camber",
      "rear_spring_x_rear_third_perch",
      "rear_spring_x_rear_pushrod",
      "rear_pushrod",
      "rear_spring_sq",
      "rear_third_perch",
      "rear_pushrod_x_rear_third_perch",
      "rear_pushrod_x_front_pushrod",
      "rear_third_x_front_pushrod",
      "rear_third_perch_x_front_pushrod",
      "front_heave_perch_sq",
      "front_heave_sq"
    ],
    "coefficients": [
      741.9305746033043,
      0.01645265387846822,
      -10.77462612729326,
      -0.013140570623832849,
      0.003104467642965358,
      -0.003675760478048035,
      -2.264644879152697,
      0.3014768879289147,
      -0.02763135344674716,
      0.0037940585247085677,
      13.08765284100103,
      -0.0034253708813890915,
      10.744352105475489,
      0.140984057306999,
      -0.028320298844021246,
      -0.0019532553775527383,
      -0.09597082323390548,
      0.00724501877513705,
      -1.1228301352817956e-05
    ],
    "r_squared": 0.99999817671197,
    "rmse": 0.006895398935863449,
    "loo_rmse": 0.5348967562936119,
    "n_samples": 23,
    "is_calibrated": true
  },
  "heave_spring_defl_max": {
    "name": "heave_spring_defl_max",
    "feature_names": [
      "front_heave",
      "inv_front_heave",
      "rear_third_x_front_heave",
      "rear_third_x_rear_third_perch",
      "rear_arb_blade",
      "front_heave_sq",
      "front_heave_x_front_heave_perch",
      "rear_pushrod_x_front_pushrod",
      "front_pushrod_x_front_heave_perch",
      "rear_spring_x_front_heave_perch",
      "rear_third_x_front_heave_perch",
      "rear_spring_x_front_heave"
    ],