{
  "car": "ferrari",
  "n_sessions": 60,
  "n_unique_setups": 23,
  "calibration_complete": true,
  "front_ride_height": {
    "name": "front_ride_height",
    "feature_names": [
      "front_pushrod",
      "front_pushrod_sq",
      "fuel",
      "torsion_turns",
      "front_heave_perch",
      "torsion_od",
      "front_camber"
    ],
    "coefficients": [
      -52.68273939831002,
      0.4528238445961953,
      -0.0028649764414508394,
      -0.00860925422645159,
      197.65063968252886,
      -0.27951464078406185,
      3.1248033020052817,
      1.0920512586760884
    ],
    "r_squared": 0.9538230121662621,
    "rmse": 0.24807301360865405,
    "loo_rmse": 0.5420380678778477,
    "n_samples": 23,
    "is_calibrated": true
  },
  "rear_ride_height": {
    "name": "rear_ride_height",
    "feature_names": [
      "rear_pushrod",
      "rear_third_perch",
      "rear_torsion_turns",
      "rear_spring",
      "inv_rear_third",
      "torsion_od",
      "front_pushrod"
    ],
    "coefficients": [
      -0.3691615144038133,
      0.3700643231871596,
      -0.4283679598322691,
      252.41681011063204,
      0.032230836838900156,
      -1333.3496882377456,
      -1.2745186965630273,
      -0.03706520410474014
    ],
    "r_squared": 0.9844619102010282,
    "rmse": 0.24621187200897968,
    "loo_rmse": 0.40237698537180394,
    "n_samples": 23,
    "is_calibrated": true
  },
  "torsion_bar_turns": {
    "name": "torsion_bar_turns",
    "feature_names": [],
    "coefficients": [
      0.09704347826086958
    ],
    "r_squared": 1.0,
    "rmse": 0.004867623836611126,
    "loo_rmse": 0.004867623836611126,
    "n_samples": 23,
    "is_calibrated": true
  },
  "torsion_bar_defl": {
    "name": "torsion_bar_defl_load",
    "feature_names": [
      "front_heave",
      "front_heave_perch"
    ],
    "coefficients": [
      3998064.8205397977,
      -3481.184901049197,
      69437.66692757267
    ],
    "r_squared": 0.8353655925667691,
    "rmse": 245779.6701250091,
    "loo_rmse": 282639.6457071965,
    "n_samples": 23,
    "is_calibrated": false
  },
  "front_shock_defl_static": {
    "name": "front_shock_defl_static",
    "feature_names": [
      "front_pushrod",
      "front_pushrod_sq",
      "front_camber",
      "fuel",
      "torsion_turns",
      "front_heave_perch",
      "torsion_od"
    ],
    "coefficients": [
      80.47343354875731,
      0.03225137937225642,
      0.0021130999358153213,
      0.033672438984820426,
      0.0032628552515874265,
      -146.15836876950547,
      0.20883374863487258,
      -2.355911541997772
    ],
    "r_squared": 0.9962521278773793,
    "rmse": 0.14175973017103252,
    "loo_rmse": 0.29849657428710763,
    "n_samples": 23,
    "is_calibrated": true
  },
  "front_shock_defl_max": null,
  "rear_shock_defl_static": {
    "name": "rear_shock_defl_static",
    "feature_names": [
      "rear_pushrod_sq",
      "rear_spring",
      "rear_third_perch",
      "rear_torsion_turns",
      "torsion_od",
      "rear_third",
      "front_pushrod"
    ],
    "coefficients": [
      58.943893146694144,
      0.002693029851447225,
      -0.026833840577728897,
      0.3682185732178408,
      -200.39387486185683,
      0.9634380242950352,
      -0.0021209294935358447,
      0.014204119422532299
    ],
    "r_squared": 0.9897715776081568,
    "rmse": 0.1651955980786833,
    "loo_rmse": 0.2831375946461224,
    "n_samples": 23,
    "is_calibrated": true
  },
  "rear_shock_defl_max": null,
  "heave_spring_defl_static": {
    "name": "heave_spring_defl_static",
    "feature_names": [
      "torsion_turns",
      "front_heave_perch",
      "torsion_od",
      "inv_rear_third",
      "rear_torsion_turns",
      "inv_rear_spring",
      "rear_camber"
    ],
    "coefficients": [
      165.73714599182904,
      -325.43080809873186,
      -0.42213183703606205,
      -6.5264325694327,
      2506.12984402616,
      -97.54111472494172,
      989.9831399778009,
      1.0596760460387138
    ],
    "r_squared": 0.9978767556445114,
    "rmse": 0.23530531999709592,
    "loo_rmse": 0.3408974797109735,
    "n_samples": 23,
    "is_calibrated": true
  },
  "heave_spring_defl_max": {
    "name": "heave_spring_defl_max",
    "feature_names": [
      "front_heave",
      "inv_front_heave",
      "rear_third",
      "inv_rear_third",
      "rear_spring",
      "rear_camber",
      "front_camber"
    ],
    "coefficients": [
      85.93114586821794,
      -0.12173484137444239,
      -109.20389325114279,
      0.004972879809951508,
      1960.5210603830437,
      0.0014171218259486223,
      0.3359504747231022,
      -0.08080233764033529
    ],
    "r_squared": 0.9995586261422301,
    "rmse": 0.08666842246478121,
    "loo_rmse": 0.11360624586634047,
    "n_samples": 23,
    "is_calibrated": true
  },
  "heave_slider_defl_static": {
    "name": "heave_slider_defl_static",
    "feature_names": [
      "front_pushrod",
      "front_pushrod_sq",
      "front_camber",
      "fuel",
      "torsion_turns",
      "front_heave_perch",
      "torsion_od"
    ],
    "coefficients": [
      207.77992236318119,
      0.08752179650637437,
      0.005883274697789709,
      -0.28791524561264015,
      0.009638671692449474,
      -382.7655453865269,
      0.5464478660571672,
      -6.091004257890733
    ],
    "r_squared": 0.9945395507481113,
    "rmse": 0.4470799917589233,
    "loo_rmse": 0.965597923612038,
    "n_samples": 23,
    "is_calibrated": true
  },
  "rear_spring_defl_static": null,
  "rear_spring_defl_max": null,
  "third_spring_defl_static": {
    "name": "third_spring_defl_static",
    "feature_names": [
      "rear_third_perch",
      "rear_torsion_turns",
      "inv_rear_spring",
      "rear_pushrod",
      "torsion_od",
      "inv_rear_third",
      "front_pushrod"
    ],
    "coefficients": [
      -81.68502281575438,
      -0.521669847246267,
      -273.8090272690357,
      6167.2166981371465,
      0.07843153911500483,
      1.440306715664236,
      1091.3185881564814,
      0.034564058567743534
    ],
    "r_squared": 0.9969589286905861,
    "rmse": 0.24151471457310358,
    "loo_rmse": 0.3665619855658324,
    "n_samples": 23,
    "is_calibrated": true
  },
  "third_spring_defl_max": {
    "name": "third_spring_defl_max",
    "feature_names": [
      "rear_third",
      "rear_pushrod_sq",
      "rear_spring",
      "inv_rear_third",
      "rear_torsion_turns",
      "torsion_od",
      "rear_camber"
    ],
    "coefficients": [
      103.64155219299826,
      -0.05414150631339661,
      -0.0022934511806957415,
      0.004911347271926884,
      -3679.65394009453,
      33.42571820006003,
      0.1622137998746214,
      -0.24344819487150698
    ],
    "r_squared": 0.999731833980887,
    "rmse": 0.10134895250855792,
    "loo_rmse": 0.17574175411824403,
    "n_samples": 23,
    "is_calibrated": true
  },
  "third_slider_defl_static": {
    "name": "third_slider_defl_static",
    "feature_names": [
      "third_spring_defl"
    ],
    "coefficients": [
      25.037815995663532,
      -0.07041837086680161
    ],
    "r_squared": 0.020263361250233647,
    "rmse": 2.1444464142221125,
    "loo_rmse": 2.364893038873663,
    "n_samples": 23,
    "is_calibrated": false
  },
  "torsion_bar_defl_direct": {
    "name": "torsion_bar_defl_direct",
    "feature_names": [
      "front_heave_perch",
      "torsion_turns",
      "torsion_od",
      "inv_rear_third",
      "front_pushrod_sq",
      "inv_rear_spring",
      "rear_camber"
    ],
    "coefficients": [
      59.07767303597292,
      0.3022109811929643,
      353.037437492907,
      -3.7193726200102564,
      1039.021480938099,
      0.00447745691059942,
      600.5319085536703,
      0.30587331709240595
    ],
    "r_squared": 0.9990736849352914,
    "rmse": 0.11125183198063752,
    "loo_rmse": 0.20034476359992373,
    "n_samples": 23,
    "is_calibrated": true
  },
  "third_slider_defl_direct": {
    "name": "third_slider_defl_direct",