{
  "car": "ferrari",
  "n_sessions": 59,
  "n_unique_setups": 23,
  "calibration_complete": true,
  "front_ride_height": {
    "name": "front_ride_height",
    "feature_names": [
      "rear_pushrod_x_front_pushrod",
      "inv_rear_spring",
      "rear_pushrod_x_rear_third_perch",
      "rear_third_x_rear_pushrod",
      "fuel",
      "front_heave_sq",
      "rear_spring"
    ],
    "coefficients": [
      49.97931503717707,
      0.005582441891283859,
      -4804.47054758944,
      -0.0018964235936475777,
      -0.0002080375647109102,
      -0.013313211873415266,
      4.824105025442989e-06,
      -0.018939460345718022
    ],
    "r_squared": 0.42578188341547296,
    "rmse": 0.8747927350439173,
    "loo_rmse": 1.0875224163301143,
    "n_samples": 23,
    "is_calibrated": false
  },
  "rear_ride_height": {
    "name": "rear_ride_height",
    "feature_names": [
      "rear_pushrod_x_rear_third_perch",
      "rear_spring_x_rear_third_perch",
      "front_pushrod_sq",
      "rear_third_x_front_pushrod",
      "torsion_od",
      "rear_third_x_rear_third_perch",
      "inv_front_heave",
      "front_camber"
    ],
    "coefficients": [
      -36.150192776976716,
      -0.003613058457542553,
      -0.0003909687199783331,
      -0.03533055562587484,
      -0.0001083878940551864,
      2.6673595796138128,
      -9.347023106432545e-05,
      190.01531025113516,
      0.9251719010933789
    ],
    "r_squared": 0.9648090949995348,
    "rmse": 0.3705317217928108,
    "loo_rmse": 0.693805365316033,
    "n_samples": 23,
    "is_calibrated": true
  },
  "torsion_bar_turns": {
    "name": "torsion_bar_turns",
    "feature_names": [],
    "coefficients": [
      0.09704347826086958
    ],
    "r_squared": 1.0,
    "rmse": 0.004867623836611126,
    "loo_rmse": 0.004867623836611126,
    "n_samples": 23,
    "is_calibrated": true
  },
  "torsion_bar_defl": {
    "name": "torsion_bar_defl_load",
    "feature_names": [
      "front_heave",
      "front_heave_perch"
    ],
    "coefficients": [
      3998064.8205397977,
      -3481.184901049184,
      69437.66692757272
    ],
    "r_squared": 0.8353655925667691,
    "rmse": 245779.67012500917,
    "loo_rmse": 282639.6457071966,
    "n_samples": 23,
    "is_calibrated": false
  },
  "front_shock_defl_static": {
    "name": "front_shock_defl_static",
    "feature_names": [
      "rear_third_perch_x_front_pushrod",
      "rear_third_x_front_heave",
      "front_pushrod_sq",
      "front_heave_x_front_heave_perch",
      "front_camber",
      "front_pushrod",
      "rear_spring_x_rear_pushrod",
      "rear_pushrod_sq",
      "inv_front_heave",
      "rear_camber"
    ],
    "coefficients": [
      25.808369099939103,
      0.020226158875604326,
      -1.4982223970769046e-05,
      -0.009430173983622012,
      0.001790223312583298,
      0.9652317360603545,
      2.1776009067559072,
      -0.0005213298102849665,
      0.005677504524383683,
      -225.18719867556055,
      0.008335530290666818
    ],
    "r_squared": 0.989670951655943,
    "rmse": 0.23533723727367692,
    "loo_rmse": 0.5192052497534636,
    "n_samples": 23,
    "is_calibrated": true
  },
  "front_shock_defl_max": null,
  "rear_shock_defl_static": {
    "name": "rear_shock_defl_static",
    "feature_names": [
      "rear_pushrod_sq",
      "rear_spring_x_rear_third_perch",
      "front_pushrod_sq",
      "rear_third_x_front_pushrod",
      "inv_rear_spring",
      "rear_third_perch_sq",
      "rear_spring_sq",
      "rear_camber",
      "front_heave_x_rear_pushrod",
      "rear_third_x_rear_pushrod",
      "rear_pushrod_x_front_heave_perch"
    ],
    "coefficients": [
      107.04607964232775,
      0.0046918506013062375,
      0.0033886883135664033,
      0.018814592057621454,
      9.918872785110045e-05,
      -22486.9312982226,
      0.006122088700073401,
      0.00024284547205833404,
      -0.9851938615454284,
      0.0010907439753247406,
      -0.00012627322339885295,
      -0.0015559993924593386
    ],
    "r_squared": 0.9929552154906975,
    "rmse": 0.13709701531471336,
    "loo_rmse": 0.2864983204794965,
    "n_samples": 23,
    "is_calibrated": true
  },
  "rear_shock_defl_max": null,
  "heave_spring_defl_static": {
    "name": "heave_spring_defl_static",
    "feature_names": [
      "rear_third_perch_x_front_heave_perch",
      "torsion_od",
      "rear_spring_x_front_pushrod",
      "rear_spring_x_front_heave_perch",
      "front_heave_x_rear_pushrod",
      "front_heave_x_front_heave_perch",
      "fuel"
    ],
    "coefficients": [
      87.36681429434539,
      0.010253086360890281,
      -4.3191623151553795,
      0.0005858469552786448,
      0.0010938156292708025,
      -0.0004831262377172115,
      0.00018703235752085792,
      -0.005804414864830164
    ],
    "r_squared": 0.9816284368010639,
    "rmse": 0.6921573143687458,
    "loo_rmse": 0.948531742364791,
    "n_samples": 23,
    "is_calibrated": true
  },
  "heave_spring_defl_max": {
    "name": "heave_spring_defl_max",
    "feature_names": [
      "front_heave",
      "inv_front_heave",
      "rear_third_x_front_heave",
      "rear_third_x_rear_third_perch",
      "front_pushrod_sq",
      "fuel"
    ],
    "coefficients": [
      94.58116621299291,
      -0.14773314942130397,
      -136.0817302253191,
      2.9110362396238924e-05,
      1.7038066404964052e-05,
      0.00023484659701851276,
      -0.0005348094861116925
    ],
    "r_squared": 0.9996818733697932,
    "rmse": 0.07357963021390761,
    "loo_rmse": 0.0972283246050104,
    "n_samples": 23,
    "is_calibrated": true
  },
  "heave_slider_defl_static": {
    "name": "heave_slider_defl_static",
    "feature_names": [
      "rear_third_perch_x_front_pushrod",
      "front_pushrod_sq",
      "front_camber",
      "inv_rear_spring",
      "rear_spring",
      "fuel",
      "rear_third_x_rear_pushrod",
      "front_heave_x_rear_pushrod"
    ],
    "coefficients": [
      -149.3296300160457,
      -0.005412167008259923,
      -0.024940133879892485,
      2.0750071348195114,
      43197.942651990954,
      0.21909764315769745,
      -0.0018800008681837863,
      0.00016047732838030736,
      -0.0009758956735126203
    ],
    "r_squared": 0.929564352501094,
    "rmse": 1.6057107033484748,
    "loo_rmse": 2.0620019207815328,
    "n_samples": 23,
    "is_calibrated": true
  },
  "rear_spring_defl_static": null,
  "rear_spring_defl_max": null,
  "third_spring_defl_static": {
    "name": "third_spring_defl_static",
    "feature_names": [
      "rear_third_perch_sq",
      "rear_pushrod_sq",
      "rear_spring_x_rear_third_perch",
      "front_pushrod_sq",
      "rear_spring",
      "torsion_od",
      "rear_pushrod"
    ],
    "coefficients": [
      -163.75806596775294,
      0.014321319371462813,
      0.013675756825599388,
      0.004964582682313734,
      0.010748035250028543,
      0.48714890795107363,
      1.1284274515932449,
      0.021101118815723907
    ],
    "r_squared": 0.9915749353277629,
    "rmse": 0.40199154195706366,
    "loo_rmse": 0.5279432764645556,
    "n_samples": 23,
    "is_calibrated": true
  },
  "third_spring_defl_max": {
    "name": "third_spring_defl_max",
    "feature_names": [
      "rear_third",
      "rear_pushrod_sq",
      "rear_spring_sq",
      "front_heave_x_front_heave_perch",
      "inv_front_heave",
      "rear_pushrod_x_front_pushrod",
      "front_pushrod_x_front_heave_perch",
      "inv_rear_spring",
      "front_heave_x_rear_third_perch",
      "fuel",
      "front_camber",
      "front_heave"
    ],
    "coefficients": [
      109.54614826430954,
      -0.04496706858415172,
      -0.002988342652575997,
      -4.692318891793603e-06,
      0.00031008644126560245,
      -81.8301604085694,
      -0.004632630085699649,
      -0.0026024725930490745,
      -3036.297048252881,
      -1.5646119505333047e-05,
      0.0020584863770174698,
      0.12257349125541271,
      -0.006602546071845982
    ],
    "r_squared": 0.9998929077414823,
    "rmse": 0.06404665178747856,
    "loo_rmse": 0.1499972910461742,