{
  "car": "ferrari",
  "n_sessions": 65,
  "n_unique_setups": 29,
  "calibration_complete": true,
  "front_ride_height": {
    "name": "front_ride_height",
    "feature_names": [
      "front_pushrod",
      "inv_front_heave",
      "front_heave_perch",
      "front_camber",
      "fuel",
      "torsion_od"
    ],
    "coefficients": [
      28.92891983796772,
      0.2851048890466564,
      0.434099328294911,
      -0.10956267896753161,
      0.44727909422895595,
      0.00019773068859685328,
      0.5393595543463432
    ],
    "r_squared": 0.5909419104645406,
    "rmse": 0.671981602186906,
    "loo_rmse": 0.9719667982914182,
    "n_samples": 29,
    "is_calibrated": true
  },
  "rear_ride_height": {
    "name": "rear_ride_height",
    "feature_names": [
      "rear_pushrod",
      "inv_rear_third",
      "inv_rear_spring",
      "rear_third_perch",
      "rear_spring_perch",
      "fuel"
    ],
    "coefficients": [
      54.59442277951343,
      0.21015453009766238,
      -4.988788748613452,
      -1.6055773690495605,
      0.09365644161512192,
      -0.1844072865443248,
      0.023965359685742454
    ],
    "r_squared": 0.6152695211864198,
    "rmse": 1.2368360475396496,
    "loo_rmse": 3.4783492452579132,
    "n_samples": 29,
    "is_calibrated": true
  },
  "torsion_bar_turns": null,
  "torsion_bar_defl": {
    "name": "torsion_bar_defl_load",
    "feature_names": [
      "front_heave",
      "front_heave_perch"
    ],
    "coefficients": [
      -80543.85934295753,
      18162.573875451722,
      -2669.8463817548545
    ],
    "r_squared": 0.9687562275727525,
    "rmse": 61504.76507659207,
    "loo_rmse": 76893.75201619195,
    "n_samples": 29,
    "is_calibrated": true
  },
  "front_shock_defl_static": {
    "name": "front_shock_defl_static",
    "feature_names": [
      "front_pushrod",
      "front_heave_perch",
      "front_heave",
      "torsion_od"
    ],
    "coefficients": [
      15.426209028164273,
      0.24001394363841444,
      0.0445413582333094,
      0.12256973933813511,
      0.028697254743388495
    ],
    "r_squared": 0.8274729377872062,
    "rmse": 0.8856804621488207,
    "loo_rmse": 1.3461022283982986,
    "n_samples": 29,
    "is_calibrated": true
  },
  "front_shock_defl_max": null,
  "rear_shock_defl_static": {
    "name": "rear_shock_defl_static",
    "feature_names": [
      "rear_pushrod",
      "inv_rear_third",
      "inv_rear_spring",
      "rear_third_perch",
      "rear_spring_perch"
    ],
    "coefficients": [
      16.52184700270201,
      0.150715676559888,
      2.554469336838953,
      1.8243030240689073,
      0.01404765325557536,
      0.17617128885049108
    ],
    "r_squared": 0.6288571878800147,
    "rmse": 0.9879693974562358,
    "loo_rmse": 1.6950682577481702,
    "n_samples": 29,
    "is_calibrated": true
  },
  "rear_shock_defl_max": null,
  "heave_spring_defl_static": {
    "name": "heave_spring_defl_static",
    "feature_names": [
      "inv_heave_nmm",
      "front_heave_perch",
      "inv_od4"
    ],
    "coefficients": [
      2.865132996935621,
      -422.8188992442328,
      -0.49215880815557966,
      6.768060303050676
    ],
    "r_squared": 0.7555005089472959,
    "rmse": 2.841686383528278,
    "loo_rmse": 3.3051948434578837,
    "n_samples": 29,
    "is_calibrated": true
  },
  "heave_spring_defl_max": {
    "name": "heave_spring_defl_max",
    "feature_names": [
      "front_heave"
    ],
    "coefficients": [
      80.53258354246464,
      0.1812290318319908
    ],
    "r_squared": 0.3558078257477436,
    "rmse": 4.627392790339991,
    "loo_rmse": 4.891643351918056,
    "n_samples": 29,
    "is_calibrated": true
  },
  "heave_slider_defl_static": {
    "name": "heave_slider_defl_static",
    "feature_names": [
      "front_heave",
      "front_heave_perch",
      "torsion_od"
    ],
    "coefficients": [
      45.866969333594355,
      0.35286139100736175,
      0.36218611913165344,
      -1.1083472141413884
    ],
    "r_squared": 0.7183685323570037,
    "rmse": 3.1361464793382465,
    "loo_rmse": 4.164487672728731,
    "n_samples": 29,
    "is_calibrated": true
  },
  "rear_spring_defl_static": {
    "name": "rear_spring_defl_static",
    "feature_names": [
      "inv_rear_spring",
      "inv_rear_third",
      "rear_spring_perch",
      "rear_third_perch",
      "rear_pushrod"
    ],
    "coefficients": [
      18.4916093745994,
      0.27090422299660855,
      -1.5723184567016286,
      -0.39713594582743234,
      0.16187378649136003,
      -0.08258517442885879
    ],
    "r_squared": 0.99109858987364,
    "rmse": 0.5694629071601195,
    "loo_rmse": 2.5878182925587483,
    "n_samples": 29,
    "is_calibrated": true
  },
  "rear_spring_defl_max": {
    "name": "rear_spring_defl_max",
    "feature_names": [
      "rear_spring",
      "rear_spring_perch"
    ],
    "coefficients": [
      -2.736720724402825,
      0.48189801222285555,
      -0.040873645481547025
    ],
    "r_squared": 0.9931044112762476,
    "rmse": 2.6319750859882127,
    "loo_rmse": 7.3219556689308,
    "n_samples": 29,
    "is_calibrated": true
  },
  "third_spring_defl_static": {
    "name": "third_spring_defl_static",
    "feature_names": [
      "inv_rear_third",
      "inv_rear_spring",
      "rear_third_perch",
      "rear_spring_perch",
      "rear_pushrod"
    ],
    "coefficients": [
      -21.580204318167304,
      -3.442629003688724,
      3.5694219323574723,
      -0.291862912767364,
      1.1477469761792185,
      -0.14520665077913603
    ],
    "r_squared": 0.6735278917019951,
    "rmse": 2.4239759586004763,
    "loo_rmse": 9.597276764320254,
    "n_samples": 29,
    "is_calibrated": true
  },
  "third_spring_defl_max": {
    "name": "third_spring_defl_max",
    "feature_names": [
      "rear_third",
      "rear_third_perch"
    ],
    "coefficients": [
      91.48789274247007,
      -0.10636357326695148,
      0.21174749945022414
    ],
    "r_squared": 0.7407689974848292,
    "rmse": 5.02787767289032,
    "loo_rmse": 5.612756464414248,
    "n_samples": 29,
    "is_calibrated": true
  },
  "third_slider_defl_static": {
    "name": "third_slider_defl_static",
    "feature_names": [
      "third_spring_defl"
    ],
    "coefficients": [
      23.652149996300167,
      -0.010006712544530342
    ],
    "r_squared": 0.00022693152929964544,
    "rmse": 2.8177339676813804,
    "loo_rmse": 2.99279927293636,
    "n_samples": 29,
    "is_calibrated": true
  },
  "front_heave_lookup": null,
  "rear_heave_lookup": null,
  "front_torsion_lookup": null,
  "rear_torsion_lookup": null,
  "m_eff_front_kg": null,
  "m_eff_rear_kg": null,
  "m_eff_is_rate_dependent": false,
  "m_eff_rate_table": [],
  "m_eff_rear_rate_table": [],
  "measured_lltd_target": null,
  "front_ls_zeta": null,
  "rear_ls_zeta": null,
  "front_hs_zeta": null,
  "rear_hs_zeta": null,
  "zeta_n_sessions": 0,
  "aero_front_compression_mm": 15.424137931034485,
  "aero_rear_compression_mm": 7.124137931034483,
  "aero_n_sessions": 29,
  "status": {
    "aero_compression": "calibrated from IBT AeroCalculator (29 sessions, front=15.4mm rear=7.1mm)",
    "arb_stiffness": "insufficient controlled data (need sessions with same springs, different ARB AND roll gradient; have 1 points with roll data)",
    "lltd_target": "DISABLED \u2014 IBT 'lltd_measured' is a geometric proxy (t_f^3/(t_f^3+t_r^3)), not true LLTD. ARB solver uses OptimumG physics.",
    "deflection_model": "calibrated (29 unique setups, best R\u00b2=0.76)"
  }
}