{
  "car": "ferrari",
  "n_sessions": 41,
  "n_unique_setups": 24,
  "calibration_complete": true,
  "front_ride_height": {
    "name": "front_ride_height",
    "feature_names": [
      "front_heave",
      "front_heave_perch",
      "front_camber",
      "fuel",
      "front_pushrod",
      "torsion_od"
    ],
    "coefficients": [
      29.68461100616182,
      0.029838761019110063,
      -0.11396115995739327,
      0.8840259615724175,
      0.007870951572586403,
      0.3557944119608012,
      0.5423783641766575
    ],
    "r_squared": 0.6582475294912606,
    "rmse": 0.6655754703219916,
    "loo_rmse": 1.0257184196678577,
    "n_samples": 24,
    "is_calibrated": true
  },
  "rear_ride_height": {
    "name": "rear_ride_height",
    "feature_names": [
      "rear_pushrod",
      "rear_third",
      "rear_spring",
      "rear_third_perch",
      "fuel",
      "rear_spring_perch"
    ],
    "coefficients": [
      23.88489035437068,
      0.27644530322408156,
      0.029517089093538562,
      0.15535113823329927,
      -0.1603121115772242,
      0.027206562289676328,
      -0.11701722721650891
    ],
    "r_squared": 0.6687250782545122,
    "rmse": 1.2482350061756073,
    "loo_rmse": 4.214118844566251,
    "n_samples": 24,
    "is_calibrated": true
  },
  "torsion_bar_turns": null,
  "torsion_bar_defl": {
    "name": "torsion_bar_defl_load",
    "feature_names": [
      "front_heave",
      "front_heave_perch"
    ],
    "coefficients": [
      -91856.42777706505,
      18063.967977809316,
      -3945.4930196159567
    ],
    "r_squared": 0.9701253911332821,
    "rmse": 64377.53376980735,
    "loo_rmse": 87906.67775567657,
    "n_samples": 24,
    "is_calibrated": true
  },
  "front_shock_defl_static": {
    "name": "front_shock_defl_static",
    "feature_names": [
      "front_pushrod",
      "front_heave_perch",
      "front_heave",
      "torsion_od"
    ],
    "coefficients": [
      15.62799624793559,
      0.18534206133765885,
      0.0457784277816164,
      0.09846112858022249,
      0.0064002769025604395
    ],
    "r_squared": 0.6309687973576539,
    "rmse": 0.8893539626446358,
    "loo_rmse": 1.5015881895155998,
    "n_samples": 24,
    "is_calibrated": true
  },
  "front_shock_defl_max": null,
  "rear_shock_defl_static": {
    "name": "rear_shock_defl_static",
    "feature_names": [
      "rear_pushrod",
      "rear_third_perch",
      "rear_third",
      "rear_spring"
    ],
    "coefficients": [
      34.337693719287145,
      0.10178913043540892,
      0.1621811397793771,
      -0.01903262182844199,
      -0.0620171704139211
    ],
    "r_squared": 0.5753587023039484,
    "rmse": 1.1259618934292437,
    "loo_rmse": 1.602050771002709,
    "n_samples": 24,
    "is_calibrated": true
  },
  "rear_shock_defl_max": null,
  "heave_spring_defl_static": {
    "name": "heave_spring_defl_static",
    "feature_names": [
      "inv_heave_nmm",
      "front_heave_perch",
      "inv_od4"
    ],
    "coefficients": [
      0.891215655246216,
      -350.39117060628587,
      -0.6193600306123699,
      6.69639108352857
    ],
    "r_squared": 0.7107314343154159,
    "rmse": 2.790712098512006,
    "loo_rmse": 8.694475350105181,
    "n_samples": 24,
    "is_calibrated": true
  },
  "heave_spring_defl_max": {
    "name": "heave_spring_defl_max",
    "feature_names": [
      "front_heave"
    ],
    "coefficients": [
      80.35257850763466,
      0.18958513396715637
    ],
    "r_squared": 0.4318066486352934,
    "rmse": 4.40228558383748,
    "loo_rmse": 4.721835200439227,
    "n_samples": 24,
    "is_calibrated": true
  },
  "heave_slider_defl_static": {
    "name": "heave_slider_defl_static",
    "feature_names": [
      "front_heave",
      "front_heave_perch",
      "torsion_od"
    ],
    "coefficients": [
      44.099834406083275,
      0.3108376256072888,
      0.18718921148244125,
      -1.0039373900648065
    ],
    "r_squared": 0.5266694657557036,
    "rmse": 2.885254330813415,
    "loo_rmse": 4.563902083749365,
    "n_samples": 24,
    "is_calibrated": true
  },
  "rear_spring_defl_static": {
    "name": "rear_spring_defl_static_load",
    "feature_names": [
      "rear_spring_perch"
    ],
    "coefficients": [
      32.787148255730365,
      73.17550100189284
    ],
    "r_squared": 0.8821800090368199,
    "rmse": 374.00171684356786,
    "loo_rmse": 497.09209099959986,
    "n_samples": 24,
    "is_calibrated": true
  },
  "rear_spring_defl_max": {
    "name": "rear_spring_defl_max",
    "feature_names": [
      "rear_spring",
      "rear_spring_perch"
    ],
    "coefficients": [
      -2.6574617727018057,
      0.4928551544465537,
      -0.100843580103097
    ],
    "r_squared": 0.9931969594396846,
    "rmse": 2.7945399554081876,
    "loo_rmse": 8.138817886079348,
    "n_samples": 24,
    "is_calibrated": true
  },
  "third_spring_defl_static": {
    "name": "third_spring_defl_static_load",
    "feature_names": [
      "rear_third_perch"
    ],
    "coefficients": [
      2286.9284817860994,
      21.626922431206356
    ],
    "r_squared": 0.9034045000923395,
    "rmse": 443.3073305000082,
    "loo_rmse": 522.7855109786616,
    "n_samples": 24,
    "is_calibrated": true
  },
  "third_spring_defl_max": {
    "name": "third_spring_defl_max",
    "feature_names": [
      "rear_third",
      "rear_third_perch"
    ],
    "coefficients": [
      90.44399330711222,
      -0.10268809201340179,
      0.1939799100932288
    ],
    "r_squared": 0.7627234294675757,
    "rmse": 5.270789935644451,
    "loo_rmse": 5.9092302710142,
    "n_samples": 24,
    "is_calibrated": true
  },
  "third_slider_defl_static": {
    "name": "third_slider_defl_static",
    "feature_names": [
      "third_spring_defl"
    ],
    "coefficients": [
      23.58650317832237,
      -0.060923172707841464
    ],
    "r_squared": 0.008130252622055911,
    "rmse": 2.9129049400548612,
    "loo_rmse": 3.1240162952236035,
    "n_samples": 24,
    "is_calibrated": true
  },
  "front_heave_lookup": null,
  "rear_heave_lookup": null,
  "front_torsion_lookup": {
    "setting_key": "front_torsion_od",
    "entries": [
      {
        "setting": 0.0,
        "rate_nmm": 105.4773,
        "source": "physics_extrapolated"
      },
      {
        "setting": 1.0,
        "rate_nmm": 110.2439,
        "source": "physics_extrapolated"
      },
      {
        "setting": 2.0,
        "rate_nmm": 115.170265625,
        "source": "decrypted_sto"
      },
      {
        "setting": 3.0,
        "rate_nmm": 120.2599,
        "source": "physics_extrapolated"
      },
      {
        "setting": 4.0,
        "rate_nmm": 125.5164,
        "source": "physics_extrapolated"
      },
      {
        "setting": 5.0,
        "rate_nmm": 130.9434,
        "source": "physics_extrapolated"
      },
      {
        "setting": 6.0,
        "rate_nmm": 136.5444,
        "source": "physics_extrapolated"
      },
      {
        "setting": 7.0,
        "rate_nmm": 142.3233,
        "source": "physics_extrapolated"
      },
      {
        "setting": 8.0,
        "rate_nmm": 148.2837,
        "source": "physics_extrapolated"
      },
      {
        "setting": 9.0,
        "rate_nmm": 154.4293,
        "source": "physics_extrapolated"
      },
      {
        "setting": 10.0,
        "rate_nmm": 160.7641,
        "source": "physics_extrapolated"
      },
      {
        "setting": 11.0,
        "rate_nmm": 167.2918,
        "source": "physics_extrapolated"
      },
      {
        "setting": 12.0,
        "rate_nmm": 174.0162,
        "source": "physics_extrapolated"
      },
      {
        "setting": 13.0,
        "rate_nmm": 180.9414,
        "source": "physics_extrapolated"
      },
      {
        "setting": 14.0,
        "rate_nmm": 188.0713,
        "source": "physics_extrapolated"
      },
      {
        "setting": 15.0,
        "rate_nmm": 195.4098,
        "source": "physics_extrapolated"
      },
      {
        "setting": 16.0,
        "rate_nmm": 202.961,