{
  "car": "ferrari",
  "n_sessions": 59,
  "n_unique_setups": 23,
  "calibration_complete": true,
  "front_ride_height": {
    "name": "front_ride_height",
    "feature_names": [
      "front_pushrod",
      "rear_pushrod",
      "front_heave",
      "rear_third",
      "rear_spring",
      "torsion_od",
      "front_heave_perch",
      "rear_third_perch",
      "front_camber",
      "fuel",
      "inv_front_heave",
      "inv_rear_third",
      "inv_rear_spring",
      "rear_camber"
    ],
    "coefficients": [
      -233.14864444881763,
      0.4447674715989445,
      0.015535722780732907,
      0.03750615620469375,
      0.012937211113773389,
      0.19911678243755027,
      3.2325739372146005,
      -0.22405131239388176,
      -0.04759173627501908,
      -0.24292747291892758,
      0.0008688173030555297,
      230.4798760265401,
      6087.539486977518,
      33508.16525171527,
      0.06271946622894475
    ],
    "r_squared": 0.9472544976819154,
    "rmse": 0.2651303461371708,
    "loo_rmse": 3.1839000539692908,
    "n_samples": 23,
    "is_calibrated": true
  },
  "rear_ride_height": {
    "name": "rear_ride_height",
    "feature_names": [
      "front_pushrod",
      "rear_pushrod",
      "front_heave",
      "rear_third",
      "rear_spring",
      "torsion_od",
      "front_heave_perch",
      "rear_third_perch",
      "front_camber",
      "fuel",
      "inv_front_heave",
      "inv_rear_third",
      "inv_rear_spring",
      "rear_camber"
    ],
    "coefficients": [
      -274.57977856156356,
      -0.16769217708314355,
      0.34483592568143573,
      -0.00865135833005541,
      0.030069820320523473,
      0.33130740759294836,
      -2.0099984703207894,
      0.19223328504226472,
      -0.5610194748079551,
      -0.17060606209249535,
      0.014252365848360295,
      -138.07872389034614,
      15141.134867035964,
      50388.02583590141,
      0.6231157554859287
    ],
    "r_squared": 0.8849181720457763,
    "rmse": 0.6700597831932724,
    "loo_rmse": 7.076715920445457,
    "n_samples": 23,
    "is_calibrated": true
  },
  "torsion_bar_turns": {
    "name": "torsion_bar_turns",
    "feature_names": [],
    "coefficients": [
      0.09704347826086958
    ],
    "r_squared": 1.0,
    "rmse": 0.004867623836611126,
    "loo_rmse": 0.004867623836611126,
    "n_samples": 23,
    "is_calibrated": true
  },
  "torsion_bar_defl": {
    "name": "torsion_bar_defl_load",
    "feature_names": [
      "front_heave",
      "front_heave_perch"
    ],
    "coefficients": [
      3998064.8205397977,
      -3481.184901049184,
      69437.66692757272
    ],
    "r_squared": 0.8353655925667691,
    "rmse": 245779.67012500917,
    "loo_rmse": 282639.6457071966,
    "n_samples": 23,
    "is_calibrated": false
  },
  "front_shock_defl_static": {
    "name": "front_shock_defl_static",
    "feature_names": [
      "front_pushrod",
      "rear_pushrod",
      "front_heave",
      "rear_third",
      "rear_spring",
      "torsion_od",
      "front_heave_perch",
      "rear_third_perch",
      "front_camber",
      "fuel",
      "inv_front_heave",
      "inv_rear_third",
      "inv_rear_spring",
      "rear_camber"
    ],
    "coefficients": [
      207.83643882345524,
      0.0379027318801573,
      -0.016095755022115008,
      -0.026667743714611197,
      -0.008382297050622427,
      -0.14251449245148085,
      -2.4138658001598716,
      0.1667568329470367,
      0.03449150947301316,
      0.8969604561998096,
      -0.0029455920974596535,
      -174.89814093684245,
      -4013.972224840601,
      -24136.876132949743,
      -0.10298360236507516
    ],
    "r_squared": 0.9932887787309872,
    "rmse": 0.1896973546282011,
    "loo_rmse": 2.3255144180744725,
    "n_samples": 23,
    "is_calibrated": true
  },
  "front_shock_defl_max": null,
  "rear_shock_defl_static": {
    "name": "rear_shock_defl_static",
    "feature_names": [
      "front_pushrod",
      "rear_pushrod",
      "front_heave",
      "rear_third",
      "rear_spring",
      "torsion_od",
      "front_heave_perch",
      "rear_third_perch",
      "front_camber",
      "fuel",
      "inv_front_heave",
      "inv_rear_third",
      "inv_rear_spring",
      "rear_camber"
    ],
    "coefficients": [
      276.4456847048529,
      0.1306405197085604,
      0.09083499991199737,
      0.00616371035390799,
      -0.02365924797043465,
      -0.26835119382070016,
      1.586852182927154,
      -0.15676196856963134,
      0.4638409696092921,
      0.13897440448294193,
      -0.014524031366923184,
      103.93734161453408,
      -11939.212278441,
      -40802.527411266456,
      0.3015062336626689
    ],
    "r_squared": 0.8895243382090107,
    "rmse": 0.5429095102941195,
    "loo_rmse": 6.018343472592903,
    "n_samples": 23,
    "is_calibrated": true
  },
  "rear_shock_defl_max": null,
  "heave_spring_defl_static": {
    "name": "heave_spring_defl_static",
    "feature_names": [
      "front_pushrod",
      "rear_pushrod",
      "front_heave",
      "rear_third",
      "rear_spring",
      "torsion_od",
      "front_heave_perch",
      "rear_third_perch",
      "front_camber",
      "fuel",
      "inv_front_heave",
      "inv_rear_third",
      "inv_rear_spring",
      "rear_camber"
    ],
    "coefficients": [
      501.40717294386735,
      0.104061599310588,
      -0.035768463863577085,
      -0.07181266937283011,
      -0.024135082055966026,
      -0.37837353380942895,
      -6.241941682037022,
      -0.5642527361392473,
      0.09428246783469368,
      2.2067750499777894,
      -0.008196133094574535,
      -447.3907230383058,
      -11459.719534909307,
      -63763.26145825443,
      -0.1849500240103739
    ],
    "r_squared": 0.9897874133457187,
    "rmse": 0.5160593302170942,
    "loo_rmse": 6.373025216708348,
    "n_samples": 23,
    "is_calibrated": true
  },
  "heave_spring_defl_max": {
    "name": "heave_spring_defl_max",
    "feature_names": [
      "front_pushrod",
      "rear_pushrod",
      "front_heave",
      "rear_third",
      "rear_spring",
      "torsion_od",
      "front_heave_perch",
      "rear_third_perch",
      "front_camber",
      "fuel",
      "inv_front_heave",
      "inv_rear_third",
      "inv_rear_spring",
      "rear_camber"
    ],
    "coefficients": [
      9.17889645046764,
      -0.016697162927034256,
      -0.017854614270134787,
      -0.12814485468964504,
      0.006643362203212496,
      0.09153091108615848,
      -0.04252280243269496,
      0.0012802558460637452,
      0.003509875488963363,
      0.10740125442918552,
      0.0012075395510981568,
      -169.78115347052247,
      2880.52955902033,
      16099.589013943012,
      -0.21083951070720666
    ],
    "r_squared": 0.9998521982654771,
    "rmse": 0.05015305050626799,
    "loo_rmse": 0.9069684201688948,
    "n_samples": 23,
    "is_calibrated": true
  },
  "heave_slider_defl_static": {
    "name": "heave_slider_defl_static",
    "feature_names": [
      "front_pushrod",
      "rear_pushrod",
      "front_heave",
      "rear_third",
      "rear_spring",
      "torsion_od",
      "front_heave_perch",
      "rear_third_perch",
      "front_camber",
      "fuel",
      "inv_front_heave",
      "inv_rear_third",
      "inv_rear_spring",
      "rear_camber"
    ],
    "coefficients": [
      549.0071729438661,
      0.10406159931059578,
      -0.03576846386358135,
      -0.07181266937282882,
      -0.024135082055965974,
      -0.37837353380942734,
      -6.241941682036989,
      0.4357472638607468,
      0.09428246783469812,
      2.206775049977701,
      -0.00819613309457485,
      -447.39072303830505,
      -11459.719534909345,
      -63763.26145825422,
      -0.18495002401023236
    ],
    "r_squared": 0.9927245949782957,
    "rmse": 0.5160593302171091,
    "loo_rmse": 6.373025216708297,
    "n_samples": 23,
    "is_calibrated": true
  },
  "rear_spring_defl_static": null,
  "rear_spring_defl_max": null,
  "third_spring_defl_static": {
    "name": "third_spring_defl_static",