{
  "car": "ferrari",
  "n_sessions": 65,
  "n_unique_setups": 29,
  "calibration_complete": true,
  "front_ride_height": {
    "name": "front_ride_height",
    "feature_names": [
      "front_pushrod",
      "inv_front_heave",
      "front_heave_perch",
      "front_camber",
      "fuel",
      "torsion_od"
    ],
    "coefficients": [
      -15.53718726651714,
      0.26807218998871785,
      -19.037573476722763,
      -0.11277161821460693,
      0.34319371485174244,
      0.0036615080467313483,
      2.226230196353959
    ],
    "r_squared": 0.5801115430836632,
    "rmse": 0.6808192987256075,
    "loo_rmse": 1.005272027717265,
    "n_samples": 29,
    "is_calibrated": false
  },
  "rear_ride_height": {
    "name": "rear_ride_height",
    "feature_names": [
      "rear_pushrod",
      "inv_rear_third",
      "inv_rear_spring",
      "rear_third_perch",
      "rear_spring_perch",
      "fuel"
    ],
    "coefficients": [
      54.26705172547358,
      0.1854406402137811,
      -2327.8122623995487,
      -408.2703542840847,
      0.06706071810264619,
      0.05911691716859358,
      0.029192890626192878
    ],
    "r_squared": 0.48585249229302063,
    "rmse": 1.4298079425096628,
    "loo_rmse": 5.278987097176875,
    "n_samples": 29,
    "is_calibrated": false
  },
  "torsion_bar_turns": null,
  "torsion_bar_defl": {
    "name": "torsion_bar_defl_load",
    "feature_names": [
      "front_heave",
      "front_heave_perch"
    ],
    "coefficients": [
      6582563.292910739,
      -20572.65142778134,
      102256.34675582631
    ],
    "r_squared": 0.3451813472126223,
    "rmse": 1355969.7644024277,
    "loo_rmse": 1521050.3274757746,
    "n_samples": 29,
    "is_calibrated": false
  },
  "front_shock_defl_static": {
    "name": "front_shock_defl_static",
    "feature_names": [
      "front_pushrod",
      "front_heave_perch",
      "front_heave",
      "torsion_od"
    ],
    "coefficients": [
      -29.310825872167847,
      0.23581190802063984,
      0.0988102067400817,
      0.0031122365829158506,
      2.2124903147551223
    ],
    "r_squared": 0.6556989795193504,
    "rmse": 1.2511736968190188,
    "loo_rmse": 1.7102083563246608,
    "n_samples": 29,
    "is_calibrated": false
  },
  "front_shock_defl_max": null,
  "rear_shock_defl_static": {
    "name": "rear_shock_defl_static",
    "feature_names": [
      "rear_pushrod",
      "inv_rear_third",
      "inv_rear_spring",
      "rear_third_perch",
      "rear_spring_perch"
    ],
    "coefficients": [
      14.147093089503532,
      0.19734469733219812,
      458.84296413514255,
      958.6116574240265,
      0.011817201435484188,
      0.0846110701143567
    ],
    "r_squared": 0.5286955029095115,
    "rmse": 1.1133296038759541,
    "loo_rmse": 3.251860637103453,
    "n_samples": 29,
    "is_calibrated": false
  },
  "rear_shock_defl_max": null,
  "heave_spring_defl_static": {
    "name": "heave_spring_defl_static",
    "feature_names": [
      "inv_heave_nmm",
      "front_heave_perch",
      "inv_od4"
    ],
    "coefficients": [
      2.596526944933375,
      20.026871925329566,
      -0.47420748055209233,
      -776127.4817748795
    ],
    "r_squared": 0.4892559698586063,
    "rmse": 4.107133467061029,
    "loo_rmse": 5.166373771410588,
    "n_samples": 29,
    "is_calibrated": false
  },
  "heave_spring_defl_max": {
    "name": "heave_spring_defl_max",
    "feature_names": [
      "front_heave"
    ],
    "coefficients": [
      93.41032590621883,
      -0.13685816428333902
    ],
    "r_squared": 0.8059007461088071,
    "rmse": 2.540040119438121,
    "loo_rmse": 2.754652891147506,
    "n_samples": 29,
    "is_calibrated": false
  },
  "heave_slider_defl_static": {
    "name": "heave_slider_defl_static",
    "feature_names": [
      "front_heave",
      "front_heave_perch",
      "torsion_od"
    ],
    "coefficients": [
      26.243281723992077,
      -0.0013203827369159815,
      0.524366247560358,
      0.9630078552007372
    ],
    "r_squared": 0.5304800694026048,
    "rmse": 4.049326223137601,
    "loo_rmse": 5.148644960580817,
    "n_samples": 29,
    "is_calibrated": false
  },
  "rear_spring_defl_static": {
    "name": "rear_spring_defl_static",
    "feature_names": [
      "inv_rear_spring",
      "inv_rear_third",
      "rear_spring_perch",
      "rear_third_perch",
      "rear_pushrod"
    ],
    "coefficients": [
      12.452604339119564,
      1305.516612253525,
      -651.8199874216137,
      -0.345431297754734,
      0.13027022099338684,
      -0.060358485730473733
    ],
    "r_squared": 0.993394996967273,
    "rmse": 0.49053787559572665,
    "loo_rmse": 2.5632628812906604,
    "n_samples": 29,
    "is_calibrated": true
  },
  "rear_spring_defl_max": {
    "name": "rear_spring_defl_max",
    "feature_names": [
      "rear_spring",
      "rear_spring_perch"
    ],
    "coefficients": [
      27.77322922494278,
      -0.06277962537526796,
      1.8799689765653051
    ],
    "r_squared": 0.9805610373410639,
    "rmse": 4.419087911590686,
    "loo_rmse": 6.793992259835955,
    "n_samples": 29,
    "is_calibrated": true
  },
  "third_spring_defl_static": {
    "name": "third_spring_defl_static",
    "feature_names": [
      "inv_rear_third",
      "inv_rear_spring",
      "rear_third_perch",
      "rear_spring_perch",
      "rear_pushrod"
    ],
    "coefficients": [
      -49.006846415970124,
      -2498.7870104137287,
      6553.601475565315,
      -0.4262705492582931,
      1.2714028334513277,
      0.011218938830383626
    ],
    "r_squared": 0.8124656210829584,
    "rmse": 1.8371546376527181,
    "loo_rmse": 7.218861607123921,
    "n_samples": 29,
    "is_calibrated": false
  },
  "third_spring_defl_max": {
    "name": "third_spring_defl_max",
    "feature_names": [
      "rear_third",
      "rear_third_perch"
    ],
    "coefficients": [
      82.52211226517558,
      -0.05221112496832351,
      -0.20157971887436946
    ],
    "r_squared": 0.9895194467015834,
    "rmse": 1.0109585244673012,
    "loo_rmse": 1.1886314841517547,
    "n_samples": 29,
    "is_calibrated": true
  },
  "third_slider_defl_static": {
    "name": "third_slider_defl_static",
    "feature_names": [
      "third_spring_defl"
    ],
    "coefficients": [
      23.652149996300167,
      -0.010006712544530342
    ],
    "r_squared": 0.00022693152929964544,
    "rmse": 2.8177339676813804,
    "loo_rmse": 2.9927992729363595,
    "n_samples": 29,
    "is_calibrated": false
  },
  "front_heave_lookup": null,
  "rear_heave_lookup": null,
  "front_torsion_lookup": null,
  "rear_torsion_lookup": null,
  "m_eff_front_kg": null,
  "m_eff_rear_kg": null,
  "m_eff_is_rate_dependent": false,
  "m_eff_rate_table": [],
  "m_eff_rear_rate_table": [],
  "measured_lltd_target": null,
  "front_ls_zeta": null,
  "rear_ls_zeta": null,
  "front_hs_zeta": null,
  "rear_hs_zeta": null,
  "zeta_n_sessions": 0,
  "aero_front_compression_mm": 15.424137931034485,
  "aero_rear_compression_mm": 7.124137931034483,
  "aero_n_sessions": 29,
  "status": {
    "aero_compression": "calibrated from IBT AeroCalculator (29 sessions, front=15.4mm rear=7.1mm)",
    "arb_stiffness": "insufficient controlled data (need sessions with same springs, different ARB AND roll gradient; have 1 points with roll data)",
    "lltd_target": "DISABLED \u2014 IBT 'lltd_measured' is a geometric proxy (t_f^3/(t_f^3+t_r^3)), not true LLTD. ARB solver uses OptimumG physics.",
    "deflection_model": "calibrated (29 unique setups, best R\u00b2=0.58)"
  }
}