{
  "car": "ferrari",
  "n_sessions": 44,
  "n_unique_setups": 25,
  "calibration_complete": true,
  "front_ride_height": {
    "name": "front_ride_height",
    "feature_names": [
      "front_heave",
      "front_heave_perch",
      "front_camber",
      "fuel",
      "front_pushrod",
      "torsion_od"
    ],
    "coefficients": [
      29.60485464655423,
      0.029014290161891533,
      -0.11517422925666973,
      0.8698293148371085,
      0.007876661551921557,
      0.35665616225751223,
      0.5483962323416968
    ],
    "r_squared": 0.6586008717409016,
    "rmse": 0.6534316093915346,
    "loo_rmse": 0.9896040418977385,
    "n_samples": 25,
    "is_calibrated": true
  },
  "rear_ride_height": {
    "name": "rear_ride_height",
    "feature_names": [
      "rear_pushrod",
      "rear_third",
      "rear_spring",
      "rear_third_perch",
      "fuel",
      "rear_spring_perch"
    ],
    "coefficients": [
      23.78945122993785,
      0.2706321873338066,
      0.02841764239106498,
      0.16258153829935407,
      -0.16135024698169548,
      0.02684867004415481,
      -0.1388314959504006
    ],
    "r_squared": 0.6635096085474029,
    "rmse": 1.2357832721177469,
    "loo_rmse": 3.8667375193661373,
    "n_samples": 25,
    "is_calibrated": true
  },
  "torsion_bar_turns": null,
  "torsion_bar_defl": {
    "name": "torsion_bar_defl_load",
    "feature_names": [
      "front_heave",
      "front_heave_perch"
    ],
    "coefficients": [
      -100727.49258630104,
      18101.2129087648,
      -4403.463132330859
    ],
    "r_squared": 0.9695633944676102,
    "rmse": 64100.57351521961,
    "loo_rmse": 85625.66297863903,
    "n_samples": 25,
    "is_calibrated": true
  },
  "front_shock_defl_static": {
    "name": "front_shock_defl_static",
    "feature_names": [
      "front_pushrod",
      "front_heave_perch",
      "front_heave",
      "torsion_od"
    ],
    "coefficients": [
      15.666846724379655,
      0.18378415799472014,
      0.04685069812063173,
      0.09905124005098398,
      -5.705961439450569e-09
    ],
    "r_squared": 0.6397484279219648,
    "rmse": 0.8720564331618696,
    "loo_rmse": 1.434407042765894,
    "n_samples": 25,
    "is_calibrated": true
  },
  "front_shock_defl_max": null,
  "rear_shock_defl_static": {
    "name": "rear_shock_defl_static",
    "feature_names": [
      "rear_pushrod",
      "rear_third_perch",
      "rear_third",
      "rear_spring"
    ],
    "coefficients": [
      34.590453320674364,
      0.1093302848730628,
      0.16478768840868682,
      -0.018424642945225726,
      -0.0646501297309167
    ],
    "r_squared": 0.5767729517573763,
    "rmse": 1.1295503354640355,
    "loo_rmse": 1.6062123370424304,
    "n_samples": 25,
    "is_calibrated": true
  },
  "rear_shock_defl_max": null,
  "heave_spring_defl_static": {
    "name": "heave_spring_defl_static",
    "feature_names": [
      "inv_heave_nmm",
      "front_heave_perch",
      "inv_od4"
    ],
    "coefficients": [
      0.5569012650776429,
      -342.5702060191595,
      -0.633732609823312,
      6.664687883040884
    ],
    "r_squared": 0.7147901719745402,
    "rmse": 2.75472782968936,
    "loo_rmse": 7.114226547839495,
    "n_samples": 25,
    "is_calibrated": true
  },
  "heave_spring_defl_max": {
    "name": "heave_spring_defl_max",
    "feature_names": [
      "front_heave"
    ],
    "coefficients": [
      79.82540141791165,
      0.19703428238455206
    ],
    "r_squared": 0.40151153457178557,
    "rmse": 4.7834157545519105,
    "loo_rmse": 5.103084139408915,
    "n_samples": 25,
    "is_calibrated": true
  },
  "heave_slider_defl_static": {
    "name": "heave_slider_defl_static",
    "feature_names": [
      "front_heave",
      "front_heave_perch",
      "torsion_od"
    ],
    "coefficients": [
      44.03293609142306,
      0.3094976226344711,
      0.18506024786828384,
      -0.9968070082080565
    ],
    "r_squared": 0.5319723225832763,
    "rmse": 2.828245908268335,
    "loo_rmse": 4.362059357061452,
    "n_samples": 25,
    "is_calibrated": true
  },
  "rear_spring_defl_static": {
    "name": "rear_spring_defl_static_load",
    "feature_names": [
      "rear_spring_perch"
    ],
    "coefficients": [
      31.071107129638776,
      73.22831499613068
    ],
    "r_squared": 0.883635175718388,
    "rmse": 366.50094427394873,
    "loo_rmse": 487.0266518354132,
    "n_samples": 25,
    "is_calibrated": true
  },
  "rear_spring_defl_max": {
    "name": "rear_spring_defl_max",
    "feature_names": [
      "rear_spring",
      "rear_spring_perch"
    ],
    "coefficients": [
      -2.5146073258702297,
      0.4880081253038621,
      -0.07979077516541884
    ],
    "r_squared": 0.9931293131426681,
    "rmse": 2.769936284747677,
    "loo_rmse": 7.93952093779168,
    "n_samples": 25,
    "is_calibrated": true
  },
  "third_spring_defl_static": {
    "name": "third_spring_defl_static_load",
    "feature_names": [
      "rear_third_perch"
    ],
    "coefficients": [
      2287.1613172322736,
      21.62124159792783
    ],
    "r_squared": 0.90449773603852,
    "rmse": 434.361417684047,
    "loo_rmse": 512.1301217864124,
    "n_samples": 25,
    "is_calibrated": true
  },
  "third_spring_defl_max": {
    "name": "third_spring_defl_max",
    "feature_names": [
      "rear_third",
      "rear_third_perch"
    ],
    "coefficients": [
      90.4430606229386,
      -0.10296383867415645,
      0.19717026457503434
    ],
    "r_squared": 0.7493324364661942,
    "rmse": 5.310357837613424,
    "loo_rmse": 5.92542612252334,
    "n_samples": 25,
    "is_calibrated": true
  },
  "third_slider_defl_static": {
    "name": "third_slider_defl_static",
    "feature_names": [
      "third_spring_defl"
    ],
    "coefficients": [
      23.610321235008772,
      -0.03966849431952927
    ],
    "r_squared": 0.003260089168446001,
    "rmse": 2.9612522227198275,
    "loo_rmse": 3.166345491069596,
    "n_samples": 25,
    "is_calibrated": true
  },
  "front_heave_lookup": null,
  "rear_heave_lookup": null,
  "front_torsion_lookup": {
    "setting_key": "front_torsion_od",
    "entries": [
      {
        "setting": 0.0,
        "rate_nmm": 105.4773,
        "source": "physics_extrapolated"
      },
      {
        "setting": 1.0,
        "rate_nmm": 110.2439,
        "source": "physics_extrapolated"
      },
      {
        "setting": 2.0,
        "rate_nmm": 115.170265625,
        "source": "decrypted_sto"
      },
      {
        "setting": 3.0,
        "rate_nmm": 120.2599,
        "source": "physics_extrapolated"
      },
      {
        "setting": 4.0,
        "rate_nmm": 125.5164,
        "source": "physics_extrapolated"
      },
      {
        "setting": 5.0,
        "rate_nmm": 130.9434,
        "source": "physics_extrapolated"
      },
      {
        "setting": 6.0,
        "rate_nmm": 136.5444,
        "source": "physics_extrapolated"
      },
      {
        "setting": 7.0,
        "rate_nmm": 142.3233,
        "source": "physics_extrapolated"
      },
      {
        "setting": 8.0,
        "rate_nmm": 148.2837,
        "source": "physics_extrapolated"
      },
      {
        "setting": 9.0,
        "rate_nmm": 154.4293,
        "source": "physics_extrapolated"
      },
      {
        "setting": 10.0,
        "rate_nmm": 160.7641,
        "source": "physics_extrapolated"
      },
      {
        "setting": 11.0,
        "rate_nmm": 167.2918,
        "source": "physics_extrapolated"
      },
      {
        "setting": 12.0,
        "rate_nmm": 174.0162,
        "source": "physics_extrapolated"
      },
      {
        "setting": 13.0,
        "rate_nmm": 180.9414,
        "source": "physics_extrapolated"
      },
      {
        "setting": 14.0,
        "rate_nmm": 188.0713,
        "source": "physics_extrapolated"
      },
      {
        "setting": 15.0,
        "rate_nmm": 195.4098,
        "source": "physics_extrapolated"
      },
      {
        "setting": 16.0,
        "rate_nmm": 202.961,