{
  "car": "ferrari",
  "n_sessions": 59,
  "n_unique_setups": 23,
  "calibration_complete": true,
  "front_ride_height": {
    "name": "front_ride_height",
    "feature_names": [
      "front_pushrod",
      "rear_pushrod",
      "front_heave",
      "rear_third",
      "rear_spring",
      "torsion_od",
      "front_heave_perch",
      "rear_third_perch",
      "front_camber",
      "fuel",
      "inv_front_heave",
      "inv_rear_third",
      "inv_rear_spring",
      "rear_camber",
      "front_pushrod_sq",
      "rear_pushrod_sq",
      "fuel_x_inv_spring",
      "fuel_x_inv_third"
    ],
    "coefficients": [
      -160.86727393594697,
      0.5022122590121234,
      0.07134062823083352,
      0.05248029096189048,
      0.011127840256884193,
      0.06783812732759475,
      5.244220155076301,
      -0.2994742781918144,
      0.003596562445352091,
      -0.11273271986737518,
      0.09215644363811334,
      432.1932601094981,
      3918.3361794625685,
      11507.731558926396,
      0.11824063788082675,
      -0.013513258059108626,
      -0.0008547367575588572,
      -30.981347830778457,
      -15.950969219104445
    ],
    "r_squared": 0.9992549234952278,
    "rmse": 0.03151136068619642,
    "loo_rmse": 17.618421244001162,
    "n_samples": 23,
    "is_calibrated": true
  },
  "rear_ride_height": {
    "name": "rear_ride_height",
    "feature_names": [
      "front_pushrod",
      "rear_pushrod",
      "front_heave",
      "rear_third",
      "rear_spring",
      "torsion_od",
      "front_heave_perch",
      "rear_third_perch",
      "front_camber",
      "fuel",
      "inv_front_heave",
      "inv_rear_third",
      "inv_rear_spring",
      "rear_camber",
      "front_pushrod_sq",
      "rear_pushrod_sq",
      "fuel_x_inv_spring",
      "fuel_x_inv_third"
    ],
    "coefficients": [
      -78.73290059695528,
      0.0021305963869801547,
      0.3191522550923184,
      0.029837712123980314,
      0.021023687593452717,
      -0.007544317491794547,
      3.161819379822017,
      -0.0068266021333373604,
      -0.4346782121854168,
      0.014383695685715703,
      0.16080272826537348,
      397.56029883680714,
      5843.240460584556,
      -6936.746370263464,
      0.7904701536077673,
      -0.033329223123688335,
      0.005716430514474251,
      -61.34620127823402,
      -7.769815051062588
    ],
    "r_squared": 0.9997764061910979,
    "rmse": 0.029535210045763823,
    "loo_rmse": 17.05836156163145,
    "n_samples": 23,
    "is_calibrated": true
  },
  "torsion_bar_turns": {
    "name": "torsion_bar_turns",
    "feature_names": [],
    "coefficients": [
      0.09704347826086958
    ],
    "r_squared": 1.0,
    "rmse": 0.004867623836611126,
    "loo_rmse": 0.004867623836611126,
    "n_samples": 23,
    "is_calibrated": true
  },
  "torsion_bar_defl": {
    "name": "torsion_bar_defl_load",
    "feature_names": [
      "front_heave",
      "front_heave_perch"
    ],
    "coefficients": [
      3998064.8205397977,
      -3481.184901049184,
      69437.66692757272
    ],
    "r_squared": 0.8353655925667691,
    "rmse": 245779.67012500917,
    "loo_rmse": 282639.6457071966,
    "n_samples": 23,
    "is_calibrated": false
  },
  "front_shock_defl_static": {
    "name": "front_shock_defl_static",
    "feature_names": [
      "front_pushrod",
      "rear_pushrod",
      "front_heave",
      "rear_third",
      "rear_spring",
      "torsion_od",
      "front_heave_perch",
      "rear_third_perch",
      "front_camber",
      "fuel",
      "inv_front_heave",
      "inv_rear_third",
      "inv_rear_spring",
      "rear_camber",
      "front_pushrod_sq",
      "rear_pushrod_sq",
      "fuel_x_inv_spring",
      "fuel_x_inv_third"
    ],
    "coefficients": [
      163.8364949730369,
      -0.001401077540893747,
      -0.062447809203960966,
      -0.03614932682083373,
      -0.007247571732720694,
      -0.06035089928796447,
      -3.774077639391722,
      0.2199306669671676,
      -0.002282303275318074,
      0.7835267985423667,
      -0.054100180566364196,
      -299.3316564760875,
      -2381.318192774355,
      -10360.186899611428,
      -0.09897123206556839,
      0.008919989939787397,
      0.0010633281321508219,
      19.2071591600051,
      6.307774942826697
    ],
    "r_squared": 0.9999248578788823,
    "rmse": 0.020072534859863767,
    "loo_rmse": 11.149580432545417,
    "n_samples": 23,
    "is_calibrated": true
  },
  "front_shock_defl_max": null,
  "rear_shock_defl_static": {
    "name": "rear_shock_defl_static",
    "feature_names": [
      "front_pushrod",
      "rear_pushrod",
      "front_heave",
      "rear_third",
      "rear_spring",
      "torsion_od",
      "front_heave_perch",
      "rear_third_perch",
      "front_camber",
      "fuel",
      "inv_front_heave",
      "inv_rear_third",
      "inv_rear_spring",
      "rear_camber",
      "front_pushrod_sq",
      "rear_pushrod_sq",
      "fuel_x_inv_spring",
      "fuel_x_inv_third"
    ],
    "coefficients": [
      121.00591694676915,
      -0.0012775658986042965,
      0.08248588518929076,
      -0.024694778955565325,
      -0.017295207899974647,
      0.003580627941173557,
      -2.595410434271256,
      0.004095329295423263,
      0.35985463502816917,
      -0.027407897155997528,
      -0.13968954561751268,
      -324.05003085003693,
      -5116.998729122457,
      5253.3115952458675,
      0.1322608003352465,
      0.027432880526262696,
      -0.0032472042165586777,
      49.65594599759018,
      11.269925941581265
    ],
    "r_squared": 0.9998822796741992,
    "rmse": 0.017722291316475566,
    "loo_rmse": 10.226370166173238,
    "n_samples": 23,
    "is_calibrated": true
  },
  "rear_shock_defl_max": null,
  "heave_spring_defl_static": {
    "name": "heave_spring_defl_static",
    "feature_names": [
      "front_pushrod",
      "rear_pushrod",
      "front_heave",
      "rear_third",
      "rear_spring",
      "torsion_od",
      "front_heave_perch",
      "rear_third_perch",
      "front_camber",
      "fuel",
      "inv_front_heave",
      "inv_rear_third",
      "inv_rear_spring",
      "rear_camber",
      "front_pushrod_sq",
      "rear_pushrod_sq",
      "fuel_x_inv_spring",
      "fuel_x_inv_third"
    ],
    "coefficients": [
      372.2071302011135,
      -0.0035838026878743934,
      -0.16755025122530415,
      -0.09926809034019615,
      -0.021177821656836217,
      -0.13920863341387815,
      -10.045671979857694,
      -0.4191472586753346,
      -0.005833957137163093,
      1.9111545339038478,
      -0.17471911484595168,
      -810.9875008926175,
      -7430.412926645699,
      -23739.00181332112,
      -0.22403805643359298,
      0.025330881215801276,
      0.00295776648605474,
      58.15201872529649,
      26.80546599668329
    ],
    "r_squared": 0.9998993166872024,
    "rmse": 0.051240163339789764,
    "loo_rmse": 28.526869834382108,
    "n_samples": 23,
    "is_calibrated": true
  },
  "heave_spring_defl_max": {
    "name": "heave_spring_defl_max",
    "feature_names": [
      "front_pushrod",
      "rear_pushrod",
      "front_heave",
      "rear_third",
      "rear_spring",
      "torsion_od",
      "front_heave_perch",
      "rear_third_perch",
      "front_camber",
      "fuel",
      "inv_front_heave",
      "inv_rear_third",
      "inv_rear_spring",
      "rear_camber",
      "front_pushrod_sq",
      "rear_pushrod_sq",
      "fuel_x_inv_spring",
      "fuel_x_inv_third"
    ],
    "coefficients": [
      26.830441806437097,
      0.002065587287446005,
      -0.10840125993618133,
      -0.12586008325226453,
      0.00387229455037143,
      0.07048902635042419,
      0.16130979495553155,
      -0.006609775319990605,
      0.0033074747103800568,
      0.030480705293600485,
      -0.019351630211800776,
      -128.72332813730702,
      767.2353727794226,
      12435.759773045764,
      -0.19772416892777636,
      -0.0005553719550120522,
      0.004491736405074367,
      2.0738091805809993,
      11.713791687537446
    ],