{
  "car": "ferrari",
  "track": "hockenheim",
  "n_sessions": 76,
  "n_unique_setups": 14,
  "calibration_complete": true,
  "front_ride_height": {
    "name": "front_ride_height",
    "feature_names": [
      "rear_spring",
      "front_pushrod",
      "front_heave_perch",
      "rear_torsion_turns"
    ],
    "coefficients": [
      12.942076412989456,
      -0.0026764268880171208,
      0.2746359559954903,
      -0.2816870079032582,
      334.3194190567633
    ],
    "r_squared": 0.8992588802262333,
    "rmse": 0.44600162878148997,
    "loo_rmse": 0.6184984244430365,
    "n_samples": 14,
    "is_calibrated": true,
    "q_squared": 0.8062636650124038,
    "pool_fallback_used": true
  },
  "rear_ride_height": {
    "name": "rear_ride_height",
    "feature_names": [
      "inv_rear_third",
      "inv_rear_spring",
      "rear_pushrod",
      "rear_third_perch"
    ],
    "coefficients": [
      25.872838520941883,
      -3208.719312570673,
      -7173.746240803099,
      0.43410609872012995,
      -0.35049601526412444
    ],
    "r_squared": 0.975493050783376,
    "rmse": 0.3577587082762265,
    "loo_rmse": 0.6661088552218818,
    "n_samples": 14,
    "is_calibrated": true,
    "q_squared": 0.9150429864278641,
    "pool_fallback_used": false
  },
  "torsion_bar_turns": {
    "name": "torsion_bar_turns",
    "feature_names": [],
    "coefficients": [
      0.096
    ],
    "r_squared": 1.0,
    "rmse": 0.004035556254807299,
    "loo_rmse": 0.004035556254807299,
    "n_samples": 14,
    "is_calibrated": false,
    "q_squared": 0.0,
    "pool_fallback_used": false
  },
  "torsion_bar_defl": {
    "name": "torsion_bar_defl_load",
    "feature_names": [
      "front_heave",
      "front_heave_perch"
    ],
    "coefficients": [
      3660024.73413286,
      -331.3845832497609,
      72578.39065473543
    ],
    "r_squared": 0.7775670044101533,
    "rmse": 221232.59823959047,
    "loo_rmse": 276725.5657413084,
    "n_samples": 14,
    "is_calibrated": false,
    "q_squared": 0.6519837372684868,
    "pool_fallback_used": false
  },
  "front_shock_defl_static": {
    "name": "front_shock_defl_static",
    "feature_names": [
      "torsion_od",
      "front_heave_perch",
      "rear_torsion_turns",
      "inv_rear_spring"
    ],
    "coefficients": [
      76.114904341146,
      -2.1922259684578083,
      0.21549255582930424,
      -209.7098199456065,
      -1290.7299982641523
    ],
    "r_squared": 0.9990116015306125,
    "rmse": 0.058308567301208473,
    "loo_rmse": 0.08789629543907988,
    "n_samples": 14,
    "is_calibrated": true,
    "q_squared": 0.9977540066517723,
    "pool_fallback_used": true
  },
  "front_shock_defl_max": null,
  "rear_shock_defl_static": {
    "name": "rear_shock_defl_static",
    "feature_names": [
      "rear_third_perch",
      "rear_spring",
      "rear_third",
      "fuel_x_inv_spring"
    ],
    "coefficients": [
      70.92789071965724,
      0.33073573022803815,
      -0.03428470623063825,
      -0.004833119281709771,
      2.8597891996086724
    ],
    "r_squared": 0.9959962967188773,
    "rmse": 0.11518320021831431,
    "loo_rmse": 0.1939576348728115,
    "n_samples": 14,
    "is_calibrated": true,
    "q_squared": 0.9886473470436972,
    "pool_fallback_used": false
  },
  "rear_shock_defl_max": null,
  "heave_spring_defl_static": {
    "name": "heave_spring_defl_static",
    "feature_names": [
      "rear_torsion_turns",
      "rear_spring",
      "torsion_od",
      "front_heave_perch"
    ],
    "coefficients": [
      134.87168790236106,
      -588.3569650005678,
      0.020118355433587264,
      -5.6449732754630695,
      -0.4235704477645582
    ],
    "r_squared": 0.9958851752659741,
    "rmse": 0.24639194477420612,
    "loo_rmse": 0.4688410819012824,
    "n_samples": 14,
    "is_calibrated": true,
    "q_squared": 0.985101256280718,
    "pool_fallback_used": true
  },
  "heave_spring_defl_max": {
    "name": "heave_spring_defl_max",
    "feature_names": [
      "front_heave",
      "inv_rear_third",
      "inv_rear_spring",
      "rear_torsion_turns"
    ],
    "coefficients": [
      93.37066008775038,
      -0.11848961640010525,
      -1443.9991802623942,
      -512.8978436731675,
      23.59682125269715
    ],
    "r_squared": 0.9999274276644642,
    "rmse": 0.03532405331759764,
    "loo_rmse": 0.06919038854967763,
    "n_samples": 14,
    "is_calibrated": true,
    "q_squared": 0.9997215664430068,
    "pool_fallback_used": true
  },
  "heave_slider_defl_static": {
    "name": "heave_slider_defl_static",
    "feature_names": [
      "torsion_od",
      "front_heave_perch",
      "torsion_turns",
      "inv_front_heave"
    ],
    "coefficients": [
      218.55838765273492,
      -6.554633196286159,
      0.5728214608919038,
      -393.87798979659595,
      152.6933524694018
    ],
    "r_squared": 0.9983209120233459,
    "rmse": 0.20188604692422996,
    "loo_rmse": 0.41955392783818557,
    "n_samples": 14,
    "is_calibrated": true,
    "q_squared": 0.9927483568294984,
    "pool_fallback_used": false
  },
  "rear_spring_defl_static": null,
  "rear_spring_defl_max": null,
  "third_spring_defl_static": {
    "name": "third_spring_defl_static",
    "feature_names": [
      "rear_third_perch",
      "rear_spring",
      "rear_third",
      "fuel_x_inv_spring"
    ],
    "coefficients": [
      -28.492423214429394,
      -0.5658560085415213,
      -0.045535306919683806,
      -0.006591044632337663,
      4.079778416269478
    ],
    "r_squared": 0.998279153372277,
    "rmse": 0.16251529284582084,
    "loo_rmse": 0.2499454987282347,
    "n_samples": 14,
    "is_calibrated": true,
    "q_squared": 0.9959295320884248,
    "pool_fallback_used": false
  },
  "third_spring_defl_max": {
    "name": "third_spring_defl_max",
    "feature_names": [
      "rear_third",
      "torsion_turns",
      "rear_torsion_turns",
      "rear_camber"
    ],
    "coefficients": [
      110.50571664423548,
      -0.04597587636830765,
      -204.2518897005216,
      173.22284249510878,
      -0.2154762755018142
    ],
    "r_squared": 0.9999809667337579,
    "rmse": 0.02963509074116151,
    "loo_rmse": 0.062056707529329,
    "n_samples": 14,
    "is_calibrated": true,
    "q_squared": 0.999916540023145,
    "pool_fallback_used": true
  },
  "third_slider_defl_static": {
    "name": "third_slider_defl_static",
    "feature_names": [
      "third_spring_defl"
    ],
    "coefficients": [
      27.432772748880552,
      -0.31835966717306385
    ],
    "r_squared": 0.26821617114003504,
    "rmse": 2.0601086185225066,
    "loo_rmse": 2.316797546978607,
    "n_samples": 14,
    "is_calibrated": false,
    "q_squared": 0.07449506365466074,
    "pool_fallback_used": false
  },
  "torsion_bar_defl_direct": {
    "name": "torsion_bar_defl_direct",
    "feature_names": [
      "front_heave_perch",
      "torsion_turns",
      "torsion_od",
      "inv_front_heave"
    ],
    "coefficients": [
      49.130318949127734,
      0.28826688198877326,
      369.4935246508205,
      -3.228852640424466,
      64.79284109208253
    ],
    "r_squared": 0.9986559854943907,
    "rmse": 0.11232910401850085,
    "loo_rmse": 0.18071232146879754,
    "n_samples": 14,
    "is_calibrated": true,
    "q_squared": 0.9965214768631767,
    "pool_fallback_used": false
  },
  "third_slider_defl_direct": {
    "name": "third_slider_defl_direct",
    "feature_names": [
      "rear_third_perch",
      "rear_spring",
      "rear_third",
      "fuel_x_inv_spring"
    ],
    "coefficients": [
      93.7075767855706,
      0.43414399145847893,
      -0.045535306919683556,
      -0.006591044632337605,
      4.079778416269504
    ],
    "r_squared": 0.9954460208317637,
    "rmse": 0.16251529284582172,
    "loo_rmse": 0.2499454987281408,
    "n_samples": 14,
    "is_calibrated": true,
    "q_squared": 0.9892280777521694,
    "pool_fallback_used": false
  },
  "front_heave_lookup": null,
  "rear_heave_lookup": null,
  "front_torsion_lookup": null,
  "rear_torsion_lookup": null,