{
  "car": "ferrari",
  "track": "",
  "n_sessions": 90,
  "n_unique_setups": 18,
  "calibration_complete": true,
  "front_ride_height": {
    "name": "front_ride_height",
    "feature_names": [
      "front_pushrod",
      "front_pushrod_sq",
      "fuel",
      "torsion_turns",
      "front_heave_perch",
      "torsion_od"
    ],
    "coefficients": [
      -47.75017012403265,
      0.40902358196416233,
      -0.0007151395685600562,
      -0.002272530331441796,
      159.47389128610496,
      -0.23324554896547484,
      2.9274085414760282
    ],
    "r_squared": 0.8614245507126789,
    "rmse": 0.4775644632912674,
    "loo_rmse": 0.7287978942238916,
    "n_samples": 18,
    "is_calibrated": true,
    "q_squared": 0.677272102463135,
    "pool_fallback_used": false
  },
  "rear_ride_height": {
    "name": "rear_ride_height",
    "feature_names": [
      "inv_rear_third",
      "inv_rear_spring",
      "rear_pushrod",
      "rear_third_perch",
      "rear_torsion_turns",
      "torsion_od"
    ],
    "coefficients": [
      18.889814177558605,
      -1742.7405101854183,
      -5732.558460647194,
      0.3758085874202749,
      -0.4131157810585906,
      217.2030000935146,
      -0.7029676156688285
    ],
    "r_squared": 0.9850841386252787,
    "rmse": 0.2573306407062592,
    "loo_rmse": 0.44354635774179313,
    "n_samples": 18,
    "is_calibrated": true,
    "q_squared": 0.9556857533683346,
    "pool_fallback_used": true
  },
  "torsion_bar_turns": {
    "name": "torsion_bar_turns",
    "feature_names": [],
    "coefficients": [
      0.09633333333333333
    ],
    "r_squared": 1.0,
    "rmse": 0.004447221354708782,
    "loo_rmse": 0.004447221354708782,
    "n_samples": 18,
    "is_calibrated": false,
    "q_squared": 0.0,
    "pool_fallback_used": false
  },
  "torsion_bar_defl": {
    "name": "torsion_bar_defl_load",
    "feature_names": [
      "front_heave",
      "front_heave_perch"
    ],
    "coefficients": [
      3710578.580028747,
      -1580.7519804881285,
      63394.76552179187
    ],
    "r_squared": 0.8479604491297356,
    "rmse": 233871.14305001954,
    "loo_rmse": 271409.57288498344,
    "n_samples": 18,
    "is_calibrated": false,
    "q_squared": 0.7952359906327418,
    "pool_fallback_used": false
  },
  "front_shock_defl_static": {
    "name": "front_shock_defl_static",
    "feature_names": [
      "front_pushrod_sq",
      "front_heave_perch",
      "torsion_od",
      "torsion_turns",
      "inv_rear_third",
      "inv_rear_spring"
    ],
    "coefficients": [
      86.57629107256885,
      0.0022661947000346405,
      0.22017092723014395,
      -2.707092873460373,
      -152.09318857821606,
      653.9937456105627,
      394.66662462789833
    ],
    "r_squared": 0.9991304338681385,
    "rmse": 0.07619458863879947,
    "loo_rmse": 0.14509182501349183,
    "n_samples": 18,
    "is_calibrated": true,
    "q_squared": 0.9968468818399934,
    "pool_fallback_used": true
  },
  "front_shock_defl_max": null,
  "rear_shock_defl_static": {
    "name": "rear_shock_defl_static",
    "feature_names": [
      "rear_third_perch",
      "rear_torsion_turns",
      "inv_rear_spring",
      "rear_third",
      "front_pushrod",
      "rear_pushrod"
    ],
    "coefficients": [
      53.417548554086565,
      0.36115494636724055,
      -141.60267696740908,
      4785.51322158686,
      -0.0031924213678706788,
      -0.04668473453023535,
      0.04132976755148431
    ],
    "r_squared": 0.9887010897460108,
    "rmse": 0.17151565394719995,
    "loo_rmse": 0.25107781858389144,
    "n_samples": 18,
    "is_calibrated": true,
    "q_squared": 0.9757871603690432,
    "pool_fallback_used": true
  },
  "rear_shock_defl_max": null,
  "heave_spring_defl_static": {
    "name": "heave_spring_defl_static",
    "feature_names": [
      "torsion_turns",
      "front_heave_perch",
      "torsion_od",
      "inv_front_heave",
      "fuel",
      "front_pushrod_sq"
    ],
    "coefficients": [
      164.64914700653597,
      -401.926723765738,
      -0.4248178933208978,
      -6.229352739256736,
      138.21102474859,
      0.0128551897113401,
      -0.003699592428090751
    ],
    "r_squared": 0.998493176124003,
    "rmse": 0.2084308196830424,
    "loo_rmse": 0.382187925140121,
    "n_samples": 18,
    "is_calibrated": true,
    "q_squared": 0.9949336808574604,
    "pool_fallback_used": false
  },
  "heave_spring_defl_max": {
    "name": "heave_spring_defl_max",
    "feature_names": [
      "front_heave",
      "inv_front_heave",
      "rear_torsion_turns",
      "rear_third",
      "front_camber",
      "rear_pushrod_sq"
    ],
    "coefficients": [
      92.36109830660703,
      -0.12982463737609606,
      -132.37731068261678,
      26.235155166245637,
      0.001744194025981219,
      0.43364258228474717,
      0.00022209825969246943
    ],
    "r_squared": 0.9999925121495421,
    "rmse": 0.011544547364420751,
    "loo_rmse": 0.06573659534927866,
    "n_samples": 18,
    "is_calibrated": true,
    "q_squared": 0.999757217288752,
    "pool_fallback_used": true
  },
  "heave_slider_defl_static": {
    "name": "heave_slider_defl_static",
    "feature_names": [
      "front_pushrod",
      "front_pushrod_sq",
      "front_heave_perch",
      "torsion_od",
      "torsion_turns",
      "inv_front_heave"
    ],
    "coefficients": [
      211.86921659759662,
      0.020240161684766278,
      -0.0022101287739033676,
      0.5686452788184155,
      -6.183640134434261,
      -401.2848846727335,
      127.31068079647243
    ],
    "r_squared": 0.9978756215902626,
    "rmse": 0.31123663985433025,
    "loo_rmse": 0.5134258037689032,
    "n_samples": 18,
    "is_calibrated": true,
    "q_squared": 0.9942189619696288,
    "pool_fallback_used": false
  },
  "rear_spring_defl_static": null,
  "rear_spring_defl_max": null,
  "third_spring_defl_static": {
    "name": "third_spring_defl_static",
    "feature_names": [
      "rear_third_perch",
      "rear_torsion_turns",
      "inv_rear_spring",
      "rear_third",
      "torsion_turns",
      "fuel_x_inv_spring"
    ],
    "coefficients": [
      -63.086736406864645,
      -0.5515545721449243,
      -269.22970441051183,
      5998.85623987271,
      -0.004870462992181961,
      143.47173298979394,
      4.714906430175981
    ],
    "r_squared": 0.9946684882515079,
    "rmse": 0.2809191855966079,
    "loo_rmse": 0.5229769059348955,
    "n_samples": 18,
    "is_calibrated": true,
    "q_squared": 0.9815221008762406,
    "pool_fallback_used": true
  },
  "third_spring_defl_max": {
    "name": "third_spring_defl_max",
    "feature_names": [
      "rear_third",
      "rear_pushrod_sq",
      "rear_spring",
      "inv_rear_third",
      "rear_torsion_turns",
      "torsion_od"
    ],
    "coefficients": [
      105.38446827493084,
      -0.05473696016599864,
      -0.0021252694843650497,
      0.004590325127614632,
      -3844.9365768802472,
      33.48995275289821,
      0.13552851491682436
    ],
    "r_squared": 0.999659246250783,
    "rmse": 0.1125013858505597,
    "loo_rmse": 0.23046468799515119,
    "n_samples": 18,
    "is_calibrated": true,
    "q_squared": 0.998570007756034,
    "pool_fallback_used": true
  },
  "third_slider_defl_static": {
    "name": "third_slider_defl_static",
    "feature_names": [
      "third_spring_defl"
    ],
    "coefficients": [
      27.264279697065742,
      -0.27810816220995327
    ],
    "r_squared": 0.25147218002989913,
    "rmse": 1.8459883261857004,
    "loo_rmse": 2.056379202371951,
    "n_samples": 18,
    "is_calibrated": false,
    "q_squared": 0.07112676025306952,
    "pool_fallback_used": false
  },
  "torsion_bar_defl_direct": {
    "name": "torsion_bar_defl_direct",
    "feature_names": [
      "front_heave_perch",
      "torsion_turns",
      "torsion_od",
      "inv_front_heave",
      "fuel",
      "front_heave"
    ],