{
  "car": "ferrari",
  "n_sessions": 59,
  "n_unique_setups": 23,
  "calibration_complete": true,
  "front_ride_height": {
    "name": "front_ride_height",
    "feature_names": [
      "rear_spring_x_front_pushrod",
      "rear_spring_x_front_heave_perch",
      "torsion_od",
      "rear_third_perch_x_front_heave_perch",
      "rear_third_x_front_heave",
      "inv_front_heave",
      "rear_third_x_front_pushrod",
      "front_pushrod_sq",
      "front_heave_x_front_heave_perch",
      "rear_third_x_front_heave_perch",
      "fuel",
      "front_heave_perch",
      "rear_pushrod_x_front_pushrod",
      "rear_third_perch_sq",
      "rear_camber",
      "rear_spring_x_front_heave",
      "front_heave_x_rear_pushrod",
      "inv_rear_spring"
    ],
    "coefficients": [
      -51.8317345196756,
      0.0006966294957784791,
      -0.0014376137008440977,
      3.844399099680154,
      0.010116792415631076,
      8.660619967130482e-05,
      252.05731543425517,
      0.00012874465740977579,
      -0.005012690411308932,
      0.001553237546890877,
      0.0006216067307878615,
      -0.007315008334109316,
      0.926052929358872,
      0.0055828506431942595,
      -0.00020386430152931361,
      0.29544919443355916,
      -1.8895658316507696e-05,
      -0.0002485154262234091,
      -1627.0869465674755
    ],
    "r_squared": 0.9999855190102697,
    "rmse": 0.0043930469551218855,
    "loo_rmse": 0.1293371150904997,
    "n_samples": 23,
    "is_calibrated": true
  },
  "rear_ride_height": {
    "name": "rear_ride_height",
    "feature_names": [
      "rear_pushrod_x_rear_third_perch",
      "rear_spring_x_rear_third_perch",
      "front_pushrod_sq",
      "rear_spring_x_front_pushrod",
      "rear_camber",
      "rear_spring_x_rear_pushrod",
      "rear_third_x_front_heave_perch",
      "front_heave_x_rear_pushrod",
      "rear_third_sq",
      "rear_spring_x_front_heave_perch",
      "front_heave_perch_sq",
      "fuel",
      "inv_front_heave",
      "rear_pushrod_sq",
      "inv_rear_third",
      "front_heave_perch",
      "rear_third_x_rear_pushrod",
      "rear_third_x_front_pushrod",
      "front_heave_x_rear_third_perch"
    ],
    "coefficients": [
      403.6888105745513,
      -0.10356619905742834,
      0.0031018735641771744,
      -0.03546359350488278,
      -0.0008553987567792965,
      0.993784801662027,
      -0.02953231524467547,
      -0.006424175514605738,
      -0.03910301947692982,
      -0.00021644028412278764,
      -0.03388135500475962,
      -0.013748036103985438,
      -0.015571911549953882,
      -2265.557853752421,
      0.1421770542486033,
      -42618.26089192635,
      19.237560332629172,
      0.0037077197868226664,
      0.0006733699924542281,
      -0.00016167303043133078
    ],
    "r_squared": 0.9999999135041425,
    "rmse": 0.0005809086332983981,
    "loo_rmse": 16.885288158271084,
    "n_samples": 23,
    "is_calibrated": true
  },
  "torsion_bar_turns": {
    "name": "torsion_bar_turns",
    "feature_names": [],
    "coefficients": [
      0.09704347826086958
    ],
    "r_squared": 1.0,
    "rmse": 0.004867623836611126,
    "loo_rmse": 0.004867623836611126,
    "n_samples": 23,
    "is_calibrated": true
  },
  "torsion_bar_defl": {
    "name": "torsion_bar_defl_load",
    "feature_names": [
      "front_heave",
      "front_heave_perch"
    ],
    "coefficients": [
      3998064.8205397977,
      -3481.184901049184,
      69437.66692757272
    ],
    "r_squared": 0.8353655925667691,
    "rmse": 245779.67012500917,
    "loo_rmse": 282639.6457071966,
    "n_samples": 23,
    "is_calibrated": false
  },
  "front_shock_defl_static": {
    "name": "front_shock_defl_static",
    "feature_names": [
      "front_pushrod",
      "front_heave",
      "torsion_od",
      "front_heave_perch",
      "front_camber",
      "fuel",
      "inv_front_heave"
    ],
    "coefficients": [
      84.05869526706512,
      0.013492933891741665,
      -0.03808253727005046,
      -2.7305618496176605,
      0.17109902279793635,
      1.081916547379644,
      -0.0026103149862446965,
      -294.19068935860923
    ],
    "r_squared": 0.9820550302277169,
    "rmse": 0.3101929058929829,
    "loo_rmse": 0.5216537513773769,
    "n_samples": 23,
    "is_calibrated": true
  },
  "front_shock_defl_max": null,
  "rear_shock_defl_static": {
    "name": "rear_shock_defl_static",
    "feature_names": [
      "rear_pushrod_sq",
      "rear_spring_x_rear_third_perch",
      "front_pushrod_sq",
      "rear_spring_x_front_pushrod",
      "rear_third_sq",
      "rear_third_x_rear_spring",
      "rear_third_x_front_heave_perch",
      "rear_pushrod_x_front_pushrod",
      "rear_third_x_front_pushrod",
      "front_heave_perch_sq",
      "front_pushrod_x_front_heave_perch",
      "rear_third",
      "front_heave_sq",
      "front_camber",
      "front_heave_perch",
      "rear_pushrod_x_rear_third_perch",
      "rear_third_x_rear_pushrod",
      "rear_pushrod"
    ],
    "coefficients": [
      101.76873945679618,
      0.02302717435163616,
      0.001168951888782185,
      -0.00021366199488164197,
      0.0021393623987213495,
      3.39886162989514e-05,
      0.00016642695132671,
      -0.0017962399364302875,
      -0.04340619210343928,
      0.0005441224529287405,
      -0.02144390434467848,
      0.031369065140671025,
      -0.14624197809461836,
      0.00011501992505610116,
      -0.1002987597077256,
      0.4840138303498546,
      -0.010055916687460833,
      0.000939886339455249,
      -2.191982219101025
    ],
    "r_squared": 0.99999833385323,
    "rmse": 0.002108389143241616,
    "loo_rmse": 0.6399725335744925,
    "n_samples": 23,
    "is_calibrated": true
  },
  "rear_shock_defl_max": null,
  "heave_spring_defl_static": {
    "name": "heave_spring_defl_static",
    "feature_names": [
      "rear_third_perch_x_front_heave_perch",
      "torsion_od",
      "rear_spring_x_front_pushrod",
      "rear_spring_x_front_heave_perch",
      "rear_spring_sq",
      "front_pushrod_sq",
      "front_heave_perch_sq",
      "rear_pushrod_sq",
      "front_camber",
      "front_pushrod_x_front_heave_perch",
      "rear_spring_x_rear_third_perch",
      "inv_rear_spring",
      "rear_spring",
      "rear_pushrod_x_rear_third_perch",
      "rear_third_x_rear_spring",
      "rear_camber",
      "rear_third_perch",
      "rear_pushrod",
      "fuel",
      "front_heave_x_front_heave_perch"
    ],
    "coefficients": [
      -28206.629555332533,
      0.013749469996986313,
      -7.964453995985031,
      -0.0016846106308760465,
      0.002771563358580762,
      -0.05319695086174055,
      0.060692453395812966,
      0.0039654573955422035,
      -0.040428722376614955,
      0.10555397889867617,
      -0.046024002879114005,
      -0.004433399735652175,
      3945178.6550017763,
      66.89039468854014,
      0.14767451513716767,
      1.1845334615483016e-05,
      -0.026388487944132358,
      -0.5440755158990903,
      16.76613467286605,
      0.0131942653164788,
      -0.00015351337307071427
    ],
    "r_squared": 1.0,
    "rmse": 4.27436237545609e-09,
    "loo_rmse": 22.886486604949628,
    "n_samples": 23,
    "is_calibrated": true
  },
  "heave_spring_defl_max": {
    "name": "heave_spring_defl_max",
    "feature_names": [
      "front_heave",
      "inv_front_heave",
      "rear_third_x_front_heave",
      "rear_third_x_rear_third_perch",
      "inv_rear_third",
      "front_heave_sq",
      "front_heave_perch_sq",
      "rear_pushrod_x_front_heave_perch",
      "front_heave_x_front_heave_perch",
      "rear_pushrod_sq",
      "rear_spring_x_front_heave_perch",
      "front_pushrod_sq",
      "rear_third_sq"
    ],