{
  "car": "ferrari",
  "n_sessions": 59,
  "n_unique_setups": 23,
  "calibration_complete": true,
  "front_ride_height": {
    "name": "front_ride_height",
    "feature_names": [
      "front_pushrod",
      "rear_pushrod",
      "front_heave",
      "rear_third",
      "rear_spring",
      "torsion_od",
      "front_heave_perch",
      "rear_third_perch",
      "front_camber",
      "fuel",
      "inv_front_heave",
      "inv_rear_third",
      "inv_rear_spring",
      "rear_camber",
      "front_pushrod_sq",
      "rear_pushrod_sq"
    ],
    "coefficients": [
      -197.85127820652582,
      0.4772836343344451,
      0.09857457786998486,
      0.045812627224864094,
      0.013589827679125683,
      0.12527601217128875,
      4.814599329873294,
      -0.29359514877794207,
      0.004988674682240674,
      -0.12667801708939963,
      -0.0042116708781175,
      342.3255893103263,
      4778.224430642341,
      20166.46243533881,
      0.27437121671353215,
      -0.011942934802961967,
      -0.002797338030706855
    ],
    "r_squared": 0.9938057938292869,
    "rmse": 0.09085724225110428,
    "loo_rmse": 2.9645574749367243,
    "n_samples": 23,
    "is_calibrated": true
  },
  "rear_ride_height": {
    "name": "rear_ride_height",
    "feature_names": [
      "front_pushrod",
      "rear_pushrod",
      "front_heave",
      "rear_third",
      "rear_spring",
      "torsion_od",
      "front_heave_perch",
      "rear_third_perch",
      "front_camber",
      "fuel",
      "inv_front_heave",
      "inv_rear_third",
      "inv_rear_spring",
      "rear_camber",
      "front_pushrod_sq",
      "rear_pushrod_sq"
    ],
    "coefficients": [
      -139.50112865046225,
      -0.059411832740899645,
      0.40486184206709563,
      0.018616536619135173,
      0.02783077618375314,
      0.08384908501009528,
      2.4523413796644373,
      0.00498421418589986,
      -0.42962264673922557,
      -0.07945184551782884,
      0.002395886248428573,
      257.778653362115,
      9445.808955871007,
      6026.124954747836,
      1.4070183574437038,
      -0.03344388806495099,
      0.0007201206661407387
    ],
    "r_squared": 0.9887573301438863,
    "rmse": 0.2094328995765264,
    "loo_rmse": 7.66293933401926,
    "n_samples": 23,
    "is_calibrated": true
  },
  "torsion_bar_turns": {
    "name": "torsion_bar_turns",
    "feature_names": [],
    "coefficients": [
      0.09704347826086958
    ],
    "r_squared": 1.0,
    "rmse": 0.004867623836611126,
    "loo_rmse": 0.004867623836611126,
    "n_samples": 23,
    "is_calibrated": true
  },
  "torsion_bar_defl": {
    "name": "torsion_bar_defl_load",
    "feature_names": [
      "front_heave",
      "front_heave_perch"
    ],
    "coefficients": [
      3998064.8205397977,
      -3481.184901049184,
      69437.66692757272
    ],
    "r_squared": 0.8353655925667691,
    "rmse": 245779.67012500917,
    "loo_rmse": 282639.6457071966,
    "n_samples": 23,
    "is_calibrated": false
  },
  "front_shock_defl_static": {
    "name": "front_shock_defl_static",
    "feature_names": [
      "front_pushrod",
      "rear_pushrod",
      "front_heave",
      "rear_third",
      "rear_spring",
      "torsion_od",
      "front_heave_perch",
      "rear_third_perch",
      "front_camber",
      "fuel",
      "inv_front_heave",
      "inv_rear_third",
      "inv_rear_spring",
      "rear_camber",
      "front_pushrod_sq",
      "rear_pushrod_sq"
    ],
    "coefficients": [
      184.8907878006948,
      0.015885411076337896,
      -0.0841112376895728,
      -0.03231361656425895,
      -0.009064445210697708,
      -0.09260070266822368,
      -3.528965767679287,
      0.2162603533197196,
      -0.0034910769793198844,
      0.8021305934754166,
      0.0007701183520164095,
      -249.3565789815183,
      -3200.113815447151,
      -15099.325835576008,
      -0.24199050790171922,
      0.008431276968874107,
      0.0024405579626472725
    ],
    "r_squared": 0.9992894142541924,
    "rmse": 0.061726086260620525,
    "loo_rmse": 2.1269983645875,
    "n_samples": 23,
    "is_calibrated": true
  },
  "front_shock_defl_max": null,
  "rear_shock_defl_static": {
    "name": "rear_shock_defl_static",
    "feature_names": [
      "front_pushrod",
      "rear_pushrod",
      "front_heave",
      "rear_third",
      "rear_spring",
      "torsion_od",
      "front_heave_perch",
      "rear_third_perch",
      "front_camber",
      "fuel",
      "inv_front_heave",
      "inv_rear_third",
      "inv_rear_spring",
      "rear_camber",
      "front_pushrod_sq",
      "rear_pushrod_sq"
    ],
    "coefficients": [
      172.80078631912684,
      0.04598956377064123,
      0.019756690943428926,
      -0.015197516916998648,
      -0.022401032919105775,
      -0.07506885434211301,
      -1.9915975633607867,
      -0.0054293344361821625,
      0.3562433028212653,
      0.034696024623414715,
      -0.004690251727316328,
      -202.92332602513233,
      -7635.698288589793,
      -6114.0366300291025,
      -0.30250667456919433,
      0.02685139604278414,
      0.0005565309810556697
    ],
    "r_squared": 0.9903759907095615,
    "rmse": 0.16024045160184597,
    "loo_rmse": 5.776710020139005,
    "n_samples": 23,
    "is_calibrated": true
  },
  "rear_shock_defl_max": null,
  "heave_spring_defl_static": {
    "name": "heave_spring_defl_static",
    "feature_names": [
      "front_pushrod",
      "rear_pushrod",
      "front_heave",
      "rear_third",
      "rear_spring",
      "torsion_od",
      "front_heave_perch",
      "rear_third_perch",
      "front_camber",
      "fuel",
      "inv_front_heave",
      "inv_rear_third",
      "inv_rear_spring",
      "rear_camber",
      "front_pushrod_sq",
      "rear_pushrod_sq"
    ],
    "coefficients": [
      439.98563693306494,
      0.04481055557196578,
      -0.22285179263437643,
      -0.0870136828412336,
      -0.02605327997514082,
      -0.24407925916583473,
      -9.257860114782604,
      -0.4302047058336309,
      -0.008749555488633987,
      1.9460461373354145,
      0.0018978547456576945,
      -647.3291730856542,
      -9294.491181523965,
      -39440.970149252535,
      -0.5575548029433076,
      0.02280773766614906,
      0.006755363887889378
    ],
    "r_squared": 0.9988600883545722,
    "rmse": 0.17241194544855387,
    "loo_rmse": 5.778400194572576,
    "n_samples": 23,
    "is_calibrated": true
  },
  "heave_spring_defl_max": {
    "name": "heave_spring_defl_max",
    "feature_names": [
      "front_pushrod",
      "rear_pushrod",
      "front_heave",
      "rear_third",
      "rear_spring",
      "torsion_od",
      "front_heave_perch",
      "rear_third_perch",
      "front_camber",
      "fuel",
      "inv_front_heave",
      "inv_rear_third",
      "inv_rear_spring",
      "rear_camber",
      "front_pushrod_sq",
      "rear_pushrod_sq"
    ],
    "coefficients": [
      34.8778591573461,
      -0.0017112265073620306,
      -0.0960157550828721,
      -0.12452797447336521,
      0.004571219219030382,
      0.05665772524433729,
      0.25319575480596596,
      -0.006927515347528586,
      0.004242049057353098,
      0.001810238250093057,
      0.0015882779508700716,
      -105.64643919051574,
      1559.0049128705527,
      9986.525441670074,
      -0.07075848739218822,
      -0.002101763264210442,
      0.004107781615713484
    ],
    "r_squared": 0.9999281493599902,
    "rmse": 0.0349681703171955,
    "loo_rmse": 1.4400503713649146,
    "n_samples": 23,
    "is_calibrated": true
  },
  "heave_slider_defl_static": {
    "name": "heave_slider_defl_static",
    "feature_names": [
      "front_pushrod",
      "rear_pushrod",
      "front_heave",
      "rear_third",
      "rear_spring",
      "torsion_od",
      "front_heave_perch",
      "rear_third_perch",
      "front_camber",
      "fuel",
      "inv_front_heave",
      "inv_rear_third",
      "inv_rear_spring",
      "rear_camber",
      "front_pushrod_sq",
      "rear_pushrod_sq"
    ],