{
  "car": "ferrari",
  "n_sessions": 59,
  "n_unique_setups": 23,
  "calibration_complete": true,
  "front_ride_height": {
    "name": "front_ride_height",
    "feature_names": [
      "rear_pushrod_x_front_pushrod",
      "inv_rear_spring",
      "rear_pushrod_x_rear_third_perch",
      "rear_third_x_rear_pushrod",
      "fuel",
      "front_heave_sq",
      "rear_spring",
      "rear_camber",
      "rear_third_x_rear_spring",
      "front_camber"
    ],
    "coefficients": [
      -169.24529494443325,
      0.008586296895103653,
      41836.20660460856,
      -0.008073176444938369,
      -0.0010638452126210986,
      -0.0004473141314289748,
      -6.832587256341287e-05,
      0.21020296323612478,
      -0.2937960450557483,
      3.1019878406246635e-05,
      -0.3446582398349631
    ],
    "r_squared": 0.5103393870015575,
    "rmse": 0.807819455399258,
    "loo_rmse": 1.1621547450389262,
    "n_samples": 23,
    "is_calibrated": false
  },
  "rear_ride_height": {
    "name": "rear_ride_height",
    "feature_names": [
      "rear_pushrod_x_rear_third_perch",
      "rear_spring_x_rear_third_perch",
      "front_pushrod_sq",
      "rear_third_x_front_pushrod",
      "torsion_od",
      "rear_third_x_rear_third_perch",
      "inv_front_heave",
      "front_camber",
      "front_heave_x_front_heave_perch",
      "inv_rear_third",
      "front_heave_x_rear_third_perch"
    ],
    "coefficients": [
      -68.38875961599187,
      -0.0037703758067121626,
      -0.00047624906108722955,
      -0.03438402474447879,
      -8.41316644468523e-05,
      2.834922475052653,
      -0.00023109334269294897,
      258.532765648855,
      0.3823752210558786,
      0.00025926836636805113,
      7246.327377184034,
      -0.0001797216068421702
    ],
    "r_squared": 0.9862856761240412,
    "rmse": 0.23131158123766069,
    "loo_rmse": 0.4352171350081998,
    "n_samples": 23,
    "is_calibrated": true
  },
  "torsion_bar_turns": {
    "name": "torsion_bar_turns",
    "feature_names": [],
    "coefficients": [
      0.09704347826086958
    ],
    "r_squared": 1.0,
    "rmse": 0.004867623836611126,
    "loo_rmse": 0.004867623836611126,
    "n_samples": 23,
    "is_calibrated": true
  },
  "torsion_bar_defl": {
    "name": "torsion_bar_defl_load",
    "feature_names": [
      "front_heave",
      "front_heave_perch"
    ],
    "coefficients": [
      3998064.8205397977,
      -3481.184901049184,
      69437.66692757272
    ],
    "r_squared": 0.8353655925667691,
    "rmse": 245779.67012500917,
    "loo_rmse": 282639.6457071966,
    "n_samples": 23,
    "is_calibrated": false
  },
  "front_shock_defl_static": {
    "name": "front_shock_defl_static",
    "feature_names": [
      "front_pushrod",
      "front_heave",
      "torsion_od",
      "front_heave_perch",
      "front_camber",
      "fuel",
      "inv_front_heave"
    ],
    "coefficients": [
      84.05869526706512,
      0.013492933891741665,
      -0.03808253727005046,
      -2.7305618496176605,
      0.17109902279793635,
      1.081916547379644,
      -0.0026103149862446965,
      -294.19068935860923
    ],
    "r_squared": 0.9820550302277169,
    "rmse": 0.3101929058929829,
    "loo_rmse": 0.5216537513773769,
    "n_samples": 23,
    "is_calibrated": true
  },
  "front_shock_defl_max": null,
  "rear_shock_defl_static": {
    "name": "rear_shock_defl_static",
    "feature_names": [
      "rear_pushrod_sq",
      "rear_spring_x_rear_third_perch",
      "front_pushrod_sq",
      "rear_third_x_front_pushrod",
      "inv_rear_spring",
      "rear_third_perch_sq",
      "rear_spring_sq",
      "rear_camber",
      "front_heave_x_rear_pushrod",
      "rear_third_x_rear_pushrod",
      "rear_pushrod_x_front_heave_perch",
      "front_camber"
    ],
    "coefficients": [
      107.75341295298813,
      0.005270633553754322,
      0.0034018131347850547,
      0.018498484838692562,
      9.53249975673429e-05,
      -22597.569027166766,
      0.006143133453544004,
      0.00024299504387714343,
      -0.6806750125730721,
      0.0010924381708466633,
      -0.00014265976539212701,
      -0.0016236196343236483,
      -0.1636618350988545
    ],
    "r_squared": 0.9931740388246988,
    "rmse": 0.13495098237452735,
    "loo_rmse": 0.31206647109813473,
    "n_samples": 23,
    "is_calibrated": true
  },
  "rear_shock_defl_max": null,
  "heave_spring_defl_static": {
    "name": "heave_spring_defl_static",
    "feature_names": [
      "rear_third_perch_x_front_heave_perch",
      "torsion_od",
      "rear_spring_x_front_pushrod",
      "rear_spring_x_front_heave_perch",
      "front_heave_x_rear_pushrod",
      "front_heave_x_front_heave_perch",
      "fuel",
      "rear_camber"
    ],
    "coefficients": [
      86.49636254883258,
      0.010557521546652657,
      -4.201672282491607,
      0.000630537086475519,
      0.0011214133099504563,
      -0.00041862157099768657,
      0.000372942645854502,
      -0.006518985800772668,
      0.9036394071622932
    ],
    "r_squared": 0.9818317366462698,
    "rmse": 0.6883169516326055,
    "loo_rmse": 0.9981555685385951,
    "n_samples": 23,
    "is_calibrated": true
  },
  "heave_spring_defl_max": {
    "name": "heave_spring_defl_max",
    "feature_names": [
      "front_heave",
      "inv_front_heave",
      "rear_third_x_front_heave",
      "rear_third_x_rear_third_perch",
      "front_pushrod_sq",
      "fuel",
      "rear_third_x_rear_spring",
      "rear_third_perch_x_front_heave_perch"
    ],
    "coefficients": [
      94.30887395616875,
      -0.14595562442872445,
      -134.82962604585765,
      2.653440614455158e-05,
      1.6724205774028508e-05,
      0.00022602121692880995,
      -0.0004344120962203063,
      9.619871296967116e-07,
      -2.7899819758763463e-05
    ],
    "r_squared": 0.9997192806127609,
    "rmse": 0.06911841840767328,
    "loo_rmse": 0.10277014599000375,
    "n_samples": 23,
    "is_calibrated": true
  },
  "heave_slider_defl_static": {
    "name": "heave_slider_defl_static",
    "feature_names": [
      "rear_third_perch_x_front_pushrod",
      "front_pushrod_sq",
      "front_camber",
      "inv_rear_spring",
      "rear_spring",
      "fuel",
      "rear_third_x_rear_pushrod",
      "front_heave_x_rear_pushrod",
      "rear_camber",
      "front_heave"
    ],
    "coefficients": [
      -130.33177159377598,
      -0.005460983968612455,
      -0.024928179297149095,
      1.8909598119084068,
      39233.239560546695,
      0.19724621544785104,
      -0.0019236436979834395,
      0.00017495393344702165,
      -0.001032415028142319,
      0.5156132219305191,
      0.0008097795999846145
    ],
    "r_squared": 0.929648992945288,
    "rmse": 1.6047456456984295,
    "loo_rmse": 2.175736255771194,
    "n_samples": 23,
    "is_calibrated": true
  },
  "rear_spring_defl_static": null,
  "rear_spring_defl_max": null,
  "third_spring_defl_static": {
    "name": "third_spring_defl_static",
    "feature_names": [
      "rear_third_perch_sq",
      "rear_pushrod_sq",
      "rear_spring_x_rear_third_perch",
      "front_pushrod_sq",
      "rear_spring",
      "torsion_od",
      "rear_pushrod",
      "rear_spring_x_front_heave_perch",
      "front_pushrod"
    ],
    "coefficients": [
      -145.9188862712835,
      0.012254053210462312,
      0.009726321726982559,
      0.004074058061159696,
      0.014239594286859862,
      0.38925664649156266,
      1.4516741094241161,
      0.06137747216947464,
      -0.00010507813672816487,
      0.10721558775530726
    ],
    "r_squared": 0.9943907750764641,
    "rmse": 0.3280059496401711,
    "loo_rmse": 0.5664310750659718,
    "n_samples": 23,
    "is_calibrated": true
  },
  "third_spring_defl_max": {
    "name": "third_spring_defl_max",