{
  "car": "ferrari",
  "n_sessions": 59,
  "n_unique_setups": 23,
  "calibration_complete": true,
  "front_ride_height": {
    "name": "front_ride_height",
    "feature_names": [
      "front_pushrod",
      "inv_front_heave",
      "front_heave_perch",
      "front_camber",
      "fuel",
      "torsion_od"
    ],
    "coefficients": [
      -33.00980686615351,
      0.3536014670216383,
      25.13806539317171,
      -0.16147595360807218,
      0.588517039861304,
      0.001947019139677513,
      3.0539334553526145
    ],
    "r_squared": 0.714465875584648,
    "rmse": 0.6168729571020475,
    "loo_rmse": 0.9558209472821863,
    "n_samples": 23,
    "is_calibrated": false
  },
  "rear_ride_height": {
    "name": "rear_ride_height",
    "feature_names": [
      "rear_pushrod",
      "inv_rear_third",
      "inv_rear_spring",
      "rear_third_perch",
      "fuel"
    ],
    "coefficients": [
      30.245333412734187,
      0.29915048426228896,
      -859.5950575612578,
      -3917.0900204384975,
      -0.20541556448487688,
      0.025230124365172208
    ],
    "r_squared": 0.6748294190264913,
    "rmse": 1.1263303848323247,
    "loo_rmse": 1.603054611343481,
    "n_samples": 23,
    "is_calibrated": false
  },
  "torsion_bar_turns": {
    "name": "torsion_bar_turns",
    "feature_names": [],
    "coefficients": [
      0.09704347826086958
    ],
    "r_squared": 1.0,
    "rmse": 0.004867623836611126,
    "loo_rmse": 0.004867623836611126,
    "n_samples": 23,
    "is_calibrated": true
  },
  "torsion_bar_defl": {
    "name": "torsion_bar_defl_load",
    "feature_names": [
      "front_heave",
      "front_heave_perch"
    ],
    "coefficients": [
      3998064.8205397977,
      -3481.184901049184,
      69437.66692757272
    ],
    "r_squared": 0.8353655925667691,
    "rmse": 245779.67012500917,
    "loo_rmse": 282639.6457071966,
    "n_samples": 23,
    "is_calibrated": false
  },
  "front_shock_defl_static": {
    "name": "front_shock_defl_static",
    "feature_names": [
      "front_pushrod",
      "front_heave_perch",
      "front_heave",
      "torsion_od"
    ],
    "coefficients": [
      61.99617759144991,
      0.10706220956034829,
      0.11926225962172309,
      0.003970892998165086,
      -2.2098757723524516
    ],
    "r_squared": 0.9585195424769891,
    "rmse": 0.4716091957816172,
    "loo_rmse": 0.6050947433705809,
    "n_samples": 23,
    "is_calibrated": true
  },
  "front_shock_defl_max": null,
  "rear_shock_defl_static": {
    "name": "rear_shock_defl_static",
    "feature_names": [
      "rear_pushrod",
      "inv_rear_third",
      "inv_rear_spring",
      "rear_third_perch",
      "rear_spring_perch"
    ],
    "coefficients": [
      28.619248431084312,
      0.12922908925466675,
      -382.89252821710744,
      3373.7000729221418,
      0.18200387511873362,
      0.0
    ],
    "r_squared": 0.6180281499538407,
    "rmse": 1.0095081339122847,
    "loo_rmse": 1.3411501164900044,
    "n_samples": 23,
    "is_calibrated": false
  },
  "rear_shock_defl_max": null,
  "heave_spring_defl_static": {
    "name": "heave_spring_defl_static",
    "feature_names": [
      "inv_heave_nmm",
      "front_heave_perch",
      "inv_od4"
    ],
    "coefficients": [
      -48.06123205047548,
      -108.6086061113829,
      -0.5594199217866834,
      8482823.55618544
    ],
    "r_squared": 0.928508263617866,
    "rmse": 1.3653993122024788,
    "loo_rmse": 1.72455705836924,
    "n_samples": 23,
    "is_calibrated": true
  },
  "heave_spring_defl_max": {
    "name": "heave_spring_defl_max",
    "feature_names": [
      "front_heave"
    ],
    "coefficients": [
      89.73218623481782,
      -0.10661943319838041
    ],
    "r_squared": 0.9980420091943856,
    "rmse": 0.1825420453215022,
    "loo_rmse": 0.21356002209337904,
    "n_samples": 23,
    "is_calibrated": true
  },
  "heave_slider_defl_static": {
    "name": "heave_slider_defl_static",
    "feature_names": [
      "front_heave",
      "front_heave_perch",
      "torsion_od"
    ],
    "coefficients": [
      227.41263959898092,
      0.00467731172151753,
      0.44002154547830924,
      -8.86102950742944
    ],
    "r_squared": 0.9395685811395357,
    "rmse": 1.4873132337099666,
    "loo_rmse": 1.845175649068836,
    "n_samples": 23,
    "is_calibrated": true
  },
  "rear_spring_defl_static": null,
  "rear_spring_defl_max": null,
  "third_spring_defl_static": {
    "name": "third_spring_defl_static",
    "feature_names": [
      "inv_rear_third",
      "inv_rear_spring",
      "rear_third_perch",
      "rear_spring_perch",
      "rear_pushrod"
    ],
    "coefficients": [
      -85.39497529560066,
      -486.0750065687169,
      4471.960058047997,
      -0.7679807495937158,
      0.0,
      0.18103072457580055
    ],
    "r_squared": 0.9082371321488518,
    "rmse": 1.326672670828421,
    "loo_rmse": 1.7567337839711263,
    "n_samples": 23,
    "is_calibrated": true
  },
  "third_spring_defl_max": {
    "name": "third_spring_defl_max",
    "feature_names": [
      "rear_third",
      "rear_third_perch"
    ],
    "coefficients": [
      98.20567937304112,
      -0.04749670681348425,
      -0.021720413368992855
    ],
    "r_squared": 0.9959953996374039,
    "rmse": 0.3916489649046533,
    "loo_rmse": 0.4727795860085254,
    "n_samples": 23,
    "is_calibrated": true
  },
  "third_slider_defl_static": {
    "name": "third_slider_defl_static",
    "feature_names": [
      "third_spring_defl"
    ],
    "coefficients": [
      25.037815995663532,
      -0.07041837086680161
    ],
    "r_squared": 0.020263361250233647,
    "rmse": 2.1444464142221125,
    "loo_rmse": 2.364893038873663,
    "n_samples": 23,
    "is_calibrated": false
  },
  "front_heave_lookup": null,
  "rear_heave_lookup": null,
  "front_torsion_lookup": null,
  "rear_torsion_lookup": null,
  "m_eff_front_kg": null,
  "m_eff_rear_kg": null,
  "m_eff_is_rate_dependent": false,
  "m_eff_rate_table": [],
  "m_eff_rear_rate_table": [],
  "measured_lltd_target": null,
  "front_ls_zeta": null,
  "rear_ls_zeta": null,
  "front_hs_zeta": null,
  "rear_hs_zeta": null,
  "zeta_n_sessions": 0,
  "aero_front_compression_mm": 15.534782608695656,
  "aero_rear_compression_mm": 6.834782608695653,
  "aero_n_sessions": 23,
  "status": {
    "aero_compression": "calibrated from IBT AeroCalculator (23 sessions, front=15.5mm rear=6.8mm)",
    "arb_stiffness": "insufficient controlled data (need sessions with same springs, different ARB AND roll gradient; have 1 points with roll data)",
    "lltd_target": "DISABLED \u2014 IBT 'lltd_measured' is a geometric proxy (t_f^3/(t_f^3+t_r^3)), not true LLTD. ARB solver uses OptimumG physics.",
    "deflection_model": "calibrated (23 unique setups, best R\u00b2=0.93)"
  }
}