{
  "car": "ferrari",
  "n_sessions": 59,
  "n_unique_setups": 23,
  "calibration_complete": true,
  "front_ride_height": {
    "name": "front_ride_height",
    "feature_names": [
      "front_pushrod",
      "front_heave",
      "inv_front_heave",
      "front_heave_perch",
      "front_camber",
      "fuel",
      "torsion_od"
    ],
    "coefficients": [
      -59.36765458693402,
      0.4802077132795989,
      0.05384679019659622,
      402.1764714591063,
      -0.23132753922129146,
      -0.43144169795588116,
      0.0005043090540714615,
      3.6885389771187267
    ],
    "r_squared": 0.8522175979273283,
    "rmse": 0.443790583673585,
    "loo_rmse": 0.7534414919590893,
    "n_samples": 23,
    "is_calibrated": true
  },
  "rear_ride_height": {
    "name": "rear_ride_height",
    "feature_names": [
      "rear_pushrod",
      "rear_third",
      "rear_spring",
      "inv_rear_third",
      "inv_rear_spring",
      "rear_third_perch",
      "front_heave_perch",
      "fuel"
    ],
    "coefficients": [
      -234.3252740409917,
      0.36307991093706454,
      0.030836137816300166,
      0.2312560543562506,
      13481.813937480405,
      32503.499568139443,
      -0.5716209995137226,
      0.1508663910875215,
      0.02095787581685969
    ],
    "r_squared": 0.8606531431626112,
    "rmse": 0.7373246701528597,
    "loo_rmse": 1.3976801245133406,
    "n_samples": 23,
    "is_calibrated": true
  },
  "torsion_bar_turns": {
    "name": "torsion_bar_turns",
    "feature_names": [],
    "coefficients": [
      0.09704347826086958
    ],
    "r_squared": 1.0,
    "rmse": 0.004867623836611126,
    "loo_rmse": 0.004867623836611126,
    "n_samples": 23,
    "is_calibrated": true
  },
  "torsion_bar_defl": {
    "name": "torsion_bar_defl_load",
    "feature_names": [
      "front_heave",
      "front_heave_perch"
    ],
    "coefficients": [
      3998064.8205397977,
      -3481.184901049184,
      69437.66692757272
    ],
    "r_squared": 0.8353655925667691,
    "rmse": 245779.67012500917,
    "loo_rmse": 282639.6457071966,
    "n_samples": 23,
    "is_calibrated": false
  },
  "front_shock_defl_static": {
    "name": "front_shock_defl_static",
    "feature_names": [
      "front_pushrod",
      "front_heave_perch",
      "front_heave",
      "torsion_od"
    ],
    "coefficients": [
      61.99617759144991,
      0.10706220956034829,
      0.11926225962172309,
      0.003970892998165086,
      -2.2098757723524516
    ],
    "r_squared": 0.9585195424769891,
    "rmse": 0.4716091957816172,
    "loo_rmse": 0.6050947433705809,
    "n_samples": 23,
    "is_calibrated": true
  },
  "front_shock_defl_max": null,
  "rear_shock_defl_static": {
    "name": "rear_shock_defl_static",
    "feature_names": [
      "rear_pushrod",
      "rear_third",
      "rear_spring",
      "inv_rear_third",
      "inv_rear_spring",
      "rear_third_perch"
    ],
    "coefficients": [
      242.2359465711976,
      0.14437573665350592,
      -0.005916902058461851,
      -0.23417814233075973,
      -3768.297537413724,
      -38398.727443592295,
      0.23848164125683485
    ],
    "r_squared": 0.6425387742399532,
    "rmse": 0.9765817713681985,
    "loo_rmse": 1.7358391669950792,
    "n_samples": 23,
    "is_calibrated": false
  },
  "rear_shock_defl_max": null,
  "heave_spring_defl_static": {
    "name": "heave_spring_defl_static",
    "feature_names": [
      "front_pushrod",
      "front_heave",
      "inv_heave_nmm",
      "front_heave_perch",
      "torsion_od",
      "fuel",
      "front_camber"
    ],
    "coefficients": [
      171.2701590007611,
      0.03582808703771945,
      -0.10242657929621958,
      -771.2837002122412,
      -0.5501438553230306,
      -7.116103298852033,
      -0.007635167637955903,
      2.6021058105123585
    ],
    "r_squared": 0.9724809478125745,
    "rmse": 0.8471269396013853,
    "loo_rmse": 1.4303457706762766,
    "n_samples": 23,
    "is_calibrated": true
  },
  "heave_spring_defl_max": {
    "name": "heave_spring_defl_max",
    "feature_names": [
      "front_heave",
      "inv_heave",
      "front_camber",
      "front_heave_perch",
      "fuel"
    ],
    "coefficients": [
      91.94197045156552,
      -0.11603577315685724,
      -67.93991292263848,
      0.11860770352313108,
      0.0028291489562238276,
      -0.001690462172563118
    ],
    "r_squared": 0.9990540546483113,
    "rmse": 0.12687925269085645,
    "loo_rmse": 0.22678997719982652,
    "n_samples": 23,
    "is_calibrated": true
  },
  "heave_slider_defl_static": {
    "name": "heave_slider_defl_static",
    "feature_names": [
      "front_pushrod",
      "front_heave",
      "front_heave_perch",
      "torsion_od",
      "fuel",
      "front_camber"
    ],
    "coefficients": [
      172.40393255685333,
      0.2922790414387251,
      -0.000597256010777773,
      0.3168811060643221,
      -6.061092159694967,
      -0.016294737664952767,
      0.9691705063202803
    ],
    "r_squared": 0.960994277219514,
    "rmse": 1.1949100436817888,
    "loo_rmse": 1.7168153485425544,
    "n_samples": 23,
    "is_calibrated": true
  },
  "rear_spring_defl_static": null,
  "rear_spring_defl_max": null,
  "third_spring_defl_static": {
    "name": "third_spring_defl_static",
    "feature_names": [
      "front_heave",
      "rear_third",
      "rear_spring",
      "inv_rear_third",
      "inv_rear_spring",
      "rear_third_perch",
      "rear_pushrod",
      "fuel"
    ],
    "coefficients": [
      418.2232304182515,
      -0.01834435390336009,
      -0.013596140405771171,
      -0.5398829413667249,
      -9048.954151326303,
      -91084.66265295196,
      -0.5628711823644168,
      0.16385605172752132,
      -0.02804111273795846
    ],
    "r_squared": 0.9382706983316905,
    "rmse": 1.0881179528674985,
    "loo_rmse": 3.6947269644536034,
    "n_samples": 23,
    "is_calibrated": true
  },
  "third_spring_defl_max": {
    "name": "third_spring_defl_max",
    "feature_names": [
      "front_heave",
      "rear_third",
      "inv_rear_third",
      "rear_third_perch",
      "od4"
    ],
    "coefficients": [
      108.66486456533681,
      0.00024404969717329583,
      -0.0542307443706418,
      -3157.9585678451176,
      -0.0005094219933851799,
      6.211245134291337e-06
    ],
    "r_squared": 0.9967653111620322,
    "rmse": 0.35199269201218664,
    "loo_rmse": 0.7286536692425601,
    "n_samples": 23,
    "is_calibrated": true
  },
  "third_slider_defl_static": {
    "name": "third_slider_defl_static",
    "feature_names": [
      "third_spring_defl"
    ],
    "coefficients": [
      25.037815995663532,
      -0.07041837086680161
    ],
    "r_squared": 0.020263361250233647,
    "rmse": 2.1444464142221125,
    "loo_rmse": 2.364893038873663,
    "n_samples": 23,
    "is_calibrated": false
  },
  "torsion_bar_defl_direct": {
    "name": "torsion_bar_defl_direct",
    "feature_names": [
      "front_pushrod",
      "front_heave",
      "front_heave_perch",
      "fuel"
    ],
    "coefficients": [
      20.83354451966244,
      -0.015649980504498735,
      -0.0129010909220956,
      0.424330559315581,
      0.01903162298033014
    ],
    "r_squared": 0.8827564506378348,
    "rmse": 1.2516194011812416,
    "loo_rmse": 1.6578731737688597,
    "n_samples": 23,
    "is_calibrated": true
  },
  "front_heave_lookup": null,
  "rear_heave_lookup": null,
  "front_torsion_lookup": null,
  "rear_torsion_lookup": null,
  "m_eff_front_kg": null,
  "m_eff_rear_kg": null,
  "m_eff_is_rate_dependent": false,
  "m_eff_rate_table": [],
  "m_eff_rear_rate_table": [],
  "measured_lltd_target": null,
  "front_ls_zeta": null,
  "rear_ls_zeta": null,
  "front_hs_zeta": null,
  "rear_hs_zeta": null,
  "zeta_n_sessions": 0,
  "aero_front_compression_mm": 15.534782608695656,
  "aero_rear_compression_mm": 6.834782608695653,
  "aero_n_sessions": 23,
  "status": {
    "aero_compression": "calibrated from IBT AeroCalculator (23 sessions, front=15.5mm rear=6.8mm)",