{
  "lap_number": 12,
  "lap_time_s": 109.26439666748047,
  "dynamic_front_rh_mm": 19.7504825592041,
  "dynamic_rear_rh_mm": 32.54115295410156,
  "front_rh_std_mm": 5.744226455688477,
  "rear_rh_std_mm": 8.58158016204834,
  "front_shock_vel_p95_mps": 0.12867319583892822,
  "rear_shock_vel_p95_mps": 0.1484677493572235,
  "front_shock_vel_p99_mps": 0.238145112991333,
  "rear_shock_vel_p99_mps": 0.2930671274662018,
  "peak_lat_g": 3.2903342247009277,
  "body_roll_p95_deg": 0.0,
  "body_roll_max_deg": 2.5454736222910848,
  "roll_gradient_deg_per_g": 0.7736215984327408,
  "lltd_measured": 0.4836443366094584,
  "understeer_mean_deg": -0.0328642800450325,
  "understeer_high_speed_deg": 0.14045433700084686,
  "understeer_low_speed_deg": 0.26227208971977234,
  "body_slip_p95_deg": 2.8143789768218994,
  "front_bottoming_events": 0,
  "rear_bottoming_events": 3,
  "front_rh_settle_time_ms": 0.0,
  "rear_rh_settle_time_ms": 0.0,
  "front_dominant_freq_hz": 2.94,
  "rear_dominant_freq_hz": 4.9
}