{
  "lap_number": 11,
  "lap_time_s": 109.10013580322266,
  "dynamic_front_rh_mm": 21.739850997924805,
  "dynamic_rear_rh_mm": 28.707395553588867,
  "front_rh_std_mm": 5.098594665527344,
  "rear_rh_std_mm": 7.443786144256592,
  "front_shock_vel_p95_mps": 0.1304507851600647,
  "rear_shock_vel_p95_mps": 0.16329678893089294,
  "front_shock_vel_p99_mps": 0.25980255007743835,
  "rear_shock_vel_p99_mps": 0.31997963786125183,
  "peak_lat_g": 4.069302082061768,
  "body_roll_p95_deg": 0.0,
  "body_roll_max_deg": 3.2166444366960243,
  "roll_gradient_deg_per_g": 0.7904658764154141,
  "lltd_measured": 0.4886012080692674,
  "understeer_mean_deg": 0.00804288499057293,
  "understeer_high_speed_deg": 0.0990048497915268,
  "understeer_low_speed_deg": -0.09387608617544174,
  "body_slip_p95_deg": 3.5932302474975586,
  "front_bottoming_events": 0,
  "rear_bottoming_events": 13,
  "front_rh_settle_time_ms": 0.0,
  "rear_rh_settle_time_ms": 0.0,
  "front_dominant_freq_hz": 2.81,
  "rear_dominant_freq_hz": 4.92
}