{
  "car": "bmw",
  "metadata": {
    "targets": [
      "front_heave_travel_used_pct",
      "front_rh_excursion_measured_mm",
      "rear_rh_std_mm",
      "pitch_range_braking_deg",
      "front_braking_lock_ratio_p95",
      "rear_power_slip_ratio_p95",
      "body_slip_p95_deg",
      "understeer_low_speed_deg",
      "understeer_high_speed_deg"
    ]
  },
  "metrics": {
    "fitted_targets": [
      "body_slip_p95_deg",
      "front_braking_lock_ratio_p95",
      "front_heave_travel_used_pct",
      "front_rh_excursion_measured_mm",
      "pitch_range_braking_deg",
      "rear_power_slip_ratio_p95",
      "rear_rh_std_mm",
      "understeer_high_speed_deg",
      "understeer_low_speed_deg"
    ],
    "mean_rmse": 0.31771,
    "samples": 115
  },
  "model_type": "telemetry_model",
  "parameters": {
    "models": {
      "body_slip_p95_deg": {
        "coefficients": {
          "arb_rear_adjustments": -0.04208504909348773,
          "body_roll_max_deg": 0.16466196740444441,
          "brake_bias_migration": -0.24235955017423771,
          "dynamic_front_rh_mm": -0.011553042030857422,
          "dynamic_rear_rh_mm": -0.04138815804656758,
          "front_bottoming_events": 0.2379710921538901,
          "front_heave_vel_ls_pct": 0.017403978177171313,
          "front_pressure_mean_kpa": 0.06584736115474402,
          "front_rh_excursion_measured_mm": -0.016026842733464042,
          "front_toe_mm": -0.6137234366127626,
          "heave_bottoming_events_front": -0.026090995834579266,
          "lap_time_s": 0.05827956211583298,
          "live_rear_arb_blade": -0.024520429256495977,
          "live_tc_slip": -0.016233304423816954,
          "peak_lat_g": 0.1545240937820603,
          "rear_bottoming_events": 0.013997373558953412,
          "rear_pressure_mean_kpa": -0.06796440359475026,
          "rear_rh_std_mm": -0.20223308565509426,
          "rear_toe_mm": -0.30430821794508084,
          "splitter_rh_min_mm": 0.00878299408559826,
          "splitter_scrape_events": 0.24072104450324808,
          "understeer_mean_deg": 1.8010241767076223,
          "understeer_right_turn_deg": 1.684525355265686,
          "wind_dir_deg": 0.003327719129391008
        },
        "intercept": -1.6562400356294027,
        "r_squared": 0.8770457190510055,
        "rmse": 0.35066653210383086,
        "samples": 107,
        "target": "body_slip_p95_deg"
      },
      "front_braking_lock_ratio_p95": {
        "coefficients": {
          "body_roll_p95_deg": -0.3484284440389796,
          "braking_decel_peak_g": -1.1654730048458108,
          "dynamic_front_rh_mm": 0.05670841105582332,
          "dynamic_rear_rh_mm": 0.035401851992288125,
          "front_dominant_freq_hz": 0.006260336641972751,
          "front_heave_defl_p99_mm": 0.005402109202461395,
          "front_heave_travel_used_braking_pct": -0.011591839313313142,
          "fuel_l": -0.002529728507762481,
          "fuel_level_at_measurement_l": -0.0032167257329488797,
          "fuel_used_per_lap_l": -0.24973602022118763,
          "lap_time_s": 0.010997389547970998,
          "lltd_high_speed": -3.999980632160034,
          "lltd_low_speed": -9.592074980715738,
          "lltd_measured": 8.027657511184229,
          "measured_brake_bias_pct": -0.018528316039122153,
          "mguk_torque_peak_nm": -0.0021922132794537437,
          "pitch_range_braking_deg": -0.23400303738531936,
          "rear_corner_defl_p99_mm": 0.01624687872669378,
          "rear_dominant_freq_hz": 0.44377429483005376,
          "rear_shock_oscillation_hz": 0.014447046198373585,
          "splitter_rh_mean_at_speed_mm": -0.07300167011900975,
          "throttle_raw_mean": 11.023427976023553,
          "understeer_high_speed_deg": 1.1569298681982283,
          "understeer_left_turn_deg": 0.7390372946531643
        },
        "intercept": 0.1349186147287289,
        "r_squared": 0.8661049541005176,
        "rmse": 0.055655318118607605,
        "samples": 36,
        "target": "front_braking_lock_ratio_p95"
      },
      "front_heave_travel_used_pct": {
        "coefficients": {
          "front_corner_defl_p99_mm": -4.755323966628865,
          "front_heave_defl_p99_mm": 1.801339309911624,
          "front_heave_travel_used_braking_pct": 0.9595223495182594,
          "front_heave_vel_hs_pct": 0.36550941202568354,
          "front_heave_vel_ls_pct": 0.6412233187036689,
          "front_heave_vel_p95_hs_mps": -1.8483592015907115,
          "front_heave_vel_p95_mps": 15.827736990598295,
          "front_rh_std_mm": -0.014856152280187771,
          "front_shock_vel_p95_mps": -3.2749843869985655,
          "front_shock_vel_p99_mps": -26.231215145711502,
          "lap_time_s": -0.007334131837975377,
          "lf_shock_vel_p95_mps": -1.6818768441445056,
          "lltd_high_speed": -5.495635164144037,
          "lltd_low_speed": -84.74648346288612,
          "lltd_measured": -217.32707260385808,
          "max_gear": 0.08785551704485205,
          "measured_brake_bias_pct": 0.18195503784329647,
          "pitch_mean_at_speed_deg": -1.0919555543451684,
          "rear_dominant_freq_hz": 0.2622607859972418,
          "rear_rh_std_mm": -0.12424381166214071,
          "rear_shock_vel_p95_mps": 40.64058997134421,
          "rf_shock_vel_p95_mps": -23.64499003563797,
          "splitter_rh_min_mm": -0.024391066032025142,
          "throttle_raw_mean": 23.892362212148882
        },
        "intercept": 94.33191033656433,
        "r_squared": 0.9971818583990815,
        "rmse": 0.6866756268856309,
        "samples": 80,
        "target": "front_heave_travel_used_pct"
      },
      "front_rh_excursion_measured_mm": {
        "coefficients": {
          "arb_rear_adjustments": 0.44314066033182425,
          "body_roll_p95_deg": 9.349154637316994,
          "brake_raw_peak": -83.11829490048115,
          "braking_decel_peak_g": 24.58121779002293,
          "dynamic_front_rh_mm": -2.3686396951782815,
          "front_brake_pressure_peak_bar": 0.7922084886053359,
          "front_heave_travel_used_pct": 0.32880872992223664,
          "front_rh_std_hs_mm": 7.224897296320756,
          "front_rh_std_mm": -2.5125448635937766,
          "front_shock_oscillation_hz": 0.25356038455857793,
          "front_shock_vel_p99_mps": 148.51807786709546,
          "heave_bottoming_events_front": -0.3663875303965246,
          "lap_time_s": 0.4035820673416116,
          "lr_shock_vel_p95_mps": -252.09000672914166,
          "measured_brake_bias_pct": 0.38735382592904555,
          "pitch_range_deg": -0.08160739523237363,
          "rear_brake_pressure_peak_bar": 0.06400057349000292,
          "rear_power_slip_ratio_p95": -47.19095309112647,
          "rear_shock_vel_p95_mps": -51.28325305956014,
          "rear_shock_vel_p99_mps": 6.811738665958326,
          "rr_shock_vel_p95_mps": -36.70665574418563,
          "splitter_rh_mean_at_speed_mm": 2.7897602280730545,
          "splitter_rh_min_mm": -0.06916630240872317,
          "understeer_right_turn_deg": 4.3014276674048375
        },
        "intercept": -268.8023479491052,
        "r_squared": 0.8966390043380781,
        "rmse": 1.2402735846665904,
        "samples": 33,
        "target": "front_rh_excursion_measured_mm"
      },
      "pitch_range_braking_deg": {
        "coefficients": {
          "body_roll_max_deg": -0.5743462234857372,
          "body_roll_p95_deg": 0.2803504192006295,
          "body_slip_p95_deg": 0.15326611705659296,
          "brake_bias_adjustments": -0.052160847949841306,
          "brake_raw_peak": 0.48797037114146946,
          "braking_decel_peak_g": -0.9428278836405557,
          "front_bottoming_events": -0.009049881119045255,
          "front_dominant_freq_hz": 0.08168947310496165,
          "front_shock_oscillation_hz": 0.1172370318517747,
          "fuel_used_per_lap_l": -0.8083282031508326,
          "lf_temp_middle_c": 0.0055011286021071585,
          "live_brake_bias_pct": -0.016502921419858,
          "lltd_high_speed": 0.3933672661571082,