{
  "lap_number": 18,
  "lap_time_s": 109.83433532714844,
  "dynamic_front_rh_mm": 22.342344284057617,
  "dynamic_rear_rh_mm": 22.450878143310547,
  "front_rh_std_mm": 6.046815395355225,
  "rear_rh_std_mm": 8.590513229370117,
  "front_shock_vel_p95_mps": 0.13925570249557495,
  "rear_shock_vel_p95_mps": 0.18245774507522583,
  "front_shock_vel_p99_mps": 0.28692641854286194,
  "rear_shock_vel_p99_mps": 0.35747385025024414,
  "peak_lat_g": 3.529149055480957,
  "body_roll_p95_deg": 0.0,
  "body_roll_max_deg": 2.9180195101443904,
  "roll_gradient_deg_per_g": 0.8268337393153032,
  "lltd_measured": 0.48550511004607855,
  "understeer_mean_deg": -0.030221503227949142,
  "understeer_high_speed_deg": 0.1629587709903717,
  "understeer_low_speed_deg": -0.12701435387134552,
  "body_slip_p95_deg": 3.3004672527313232,
  "front_bottoming_events": 0,
  "rear_bottoming_events": 4,
  "front_rh_settle_time_ms": 0.0,
  "rear_rh_settle_time_ms": 0.0,
  "front_dominant_freq_hz": 2.82,
  "rear_dominant_freq_hz": 4.94
}