{
  "lap_number": 28,
  "lap_time_s": 109.1675033569336,
  "dynamic_front_rh_mm": 18.154863357543945,
  "dynamic_rear_rh_mm": 25.648712158203125,
  "front_rh_std_mm": 6.311643123626709,
  "rear_rh_std_mm": 7.544960975646973,
  "front_shock_vel_p95_mps": 0.13962659239768982,
  "rear_shock_vel_p95_mps": 0.1700156331062317,
  "front_shock_vel_p99_mps": 0.29241061210632324,
  "rear_shock_vel_p99_mps": 0.32420724630355835,
  "peak_lat_g": 3.5596938133239746,
  "body_roll_p95_deg": 0.0,
  "body_roll_max_deg": 2.829551593037443,
  "roll_gradient_deg_per_g": 0.7948862293847856,
  "lltd_measured": 0.4835619315187438,
  "understeer_mean_deg": -0.021310901269316673,
  "understeer_high_speed_deg": 0.07448650896549225,
  "understeer_low_speed_deg": -0.054638370871543884,
  "body_slip_p95_deg": 3.3239541053771973,
  "front_bottoming_events": 0,
  "rear_bottoming_events": 3,
  "front_rh_settle_time_ms": 0.0,
  "rear_rh_settle_time_ms": 0.0,
  "front_dominant_freq_hz": 2.86,
  "rear_dominant_freq_hz": 5.0
}