{
  "car": "ferrari",
  "metadata": {},
  "metrics": {
    "front_rmse": 2.5121479338940402e-14,
    "mean_rmse": 1.8178073219192924e-14,
    "rear_rmse": 1.1234667099445444e-14,
    "samples": 6
  },
  "model_type": "ride_height_model",
  "parameters": {
    "front": {
      "coefficients": {
        "front_camber_deg": -0.00047746889382887354,
        "front_heave_spring_nmm": -0.009799170926617602
      },
      "intercept": 0.00012649239485427316
    },
    "rear": {
      "coefficients": {
        "front_camber_deg": -0.0006328550965506235,
        "front_heave_perch_mm": 0.0011279999479741187,
        "front_heave_spring_nmm": -0.011279999479741204,
        "front_pushrod_offset_mm": -0.0028615169538181635,
        "front_torsion_od_mm": 0.0006055170578699227,
        "fuel_l": 0.00580606807540205,
        "rear_pushrod_offset_mm": -0.005723033907636327,
        "rear_spring_rate_nmm": 0.0637006804938911,
        "rear_third_perch_mm": -0.014473653104622257,
        "rear_third_spring_nmm": 0.029445511215838945
      },
      "intercept": 0.00017335170058443983
    }
  },
  "track": "sebring",
  "version": 1
}