{
  "lap_number": 5,
  "lap_time_s": 109.7204360961914,
  "dynamic_front_rh_mm": 21.78090476989746,
  "dynamic_rear_rh_mm": 26.56548500061035,
  "front_rh_std_mm": 5.051319122314453,
  "rear_rh_std_mm": 7.841156005859375,
  "front_shock_vel_p95_mps": 0.12685668468475342,
  "rear_shock_vel_p95_mps": 0.16844134032726288,
  "front_shock_vel_p99_mps": 0.2664344012737274,
  "rear_shock_vel_p99_mps": 0.3333427309989929,
  "peak_lat_g": 3.89421010017395,
  "body_roll_p95_deg": 0.0,
  "body_roll_max_deg": 3.2067737093606414,
  "roll_gradient_deg_per_g": 0.8234721873936381,
  "lltd_measured": 0.4888727552901493,
  "understeer_mean_deg": -0.11937932670116425,
  "understeer_high_speed_deg": 0.13044197857379913,
  "understeer_low_speed_deg": -0.42185425758361816,
  "body_slip_p95_deg": 2.9397451877593994,
  "front_bottoming_events": 1,
  "rear_bottoming_events": 6,
  "front_rh_settle_time_ms": 0.0,
  "rear_rh_settle_time_ms": 0.0,
  "front_dominant_freq_hz": 2.81,
  "rear_dominant_freq_hz": 4.92
}