{
  "lap_number": 24,
  "lap_time_s": 109.22209930419922,
  "dynamic_front_rh_mm": 17.892202377319336,
  "dynamic_rear_rh_mm": 25.594207763671875,
  "front_rh_std_mm": 6.682243824005127,
  "rear_rh_std_mm": 7.652547836303711,
  "front_shock_vel_p95_mps": 0.13214905560016632,
  "rear_shock_vel_p95_mps": 0.16345563530921936,
  "front_shock_vel_p99_mps": 0.27823203802108765,
  "rear_shock_vel_p99_mps": 0.32538220286369324,
  "peak_lat_g": 3.5113439559936523,
  "body_roll_p95_deg": 1.63,
  "body_roll_max_deg": -0.43189530658721925,
  "roll_gradient_deg_per_g": -0.123,
  "lltd_measured": 0.509949961918872,
  "understeer_mean_deg": -0.01047923881560564,
  "understeer_high_speed_deg": 0.08904065936803818,
  "understeer_low_speed_deg": -0.09852869063615799,
  "body_slip_p95_deg": 3.3008837699890137,
  "front_bottoming_events": 1,
  "rear_bottoming_events": 3,
  "front_heave_defl_p99_mm": 90.09,
  "front_heave_travel_used_pct": 92.5,
  "front_heave_travel_used_braking_pct": 94.2,
  "rear_heave_defl_p99_mm": 0.0,
  "rear_heave_travel_used_pct": 0.0,
  "heave_bottoming_events_front": 11,
  "heave_bottoming_events_rear": 0,
  "front_rh_settle_time_ms": 0.0,
  "rear_rh_settle_time_ms": 0.0,
  "front_dominant_freq_hz": 2.79,
  "rear_dominant_freq_hz": 4.88,
  "splitter_rh_mean_at_speed_mm": 53.05,
  "splitter_rh_min_mm": 28.66,
  "splitter_scrape_events": 0,
  "front_corner_defl_p99_mm": 32.35,
  "rear_corner_defl_p99_mm": 42.97,
  "front_heave_vel_p95_mps": 0.3412,
  "rear_heave_vel_p95_mps": 0.0,
  "front_heave_vel_ls_pct": 24.0,
  "front_heave_vel_hs_pct": 30.7,
  "lltd_low_speed": 0.5080753535760691,
  "lltd_high_speed": 0.5126113064660347,
  "measured_brake_bias_pct": 69.6,
  "abs_active_pct": 0.0,
  "abs_cut_mean_pct": 100.0,
  "brake_bias_adjustments": 21,
  "tc_adjustments": 0,
  "fuel_level_at_measurement_l": 77.7,
  "ers_battery_mean_pct": 62.3,
  "mguk_torque_peak_nm": 353.4,
  "air_temp_c": 27.8,
  "track_temp_c": 39.4,
  "rpm_at_braking_pct_at_limiter": 0.0,
  "understeer_left_turn_deg": 0.046578384935855865,
  "understeer_right_turn_deg": -0.043768420815467834,
  "lf_shock_vel_p95_mps": 0.1407998651266098,
  "rf_shock_vel_p95_mps": 0.12395668029785156,
  "lr_shock_vel_p95_mps": 0.1748483031988144,
  "rr_shock_vel_p95_mps": 0.15404680371284485,
  "lf_pressure_kpa": 181.2,
  "rf_pressure_kpa": 180.3,
  "lr_pressure_kpa": 178.0,
  "rr_pressure_kpa": 177.4,
  "lf_cold_pressure_kpa": 151.6,
  "rf_cold_pressure_kpa": 151.6,
  "lr_cold_pressure_kpa": 151.6,
  "rr_cold_pressure_kpa": 151.6,
  "lf_wear_pct": 96.0,
  "rf_wear_pct": 96.2,
  "lr_wear_pct": 92.8,
  "rr_wear_pct": 93.7,
  "lf_temp_middle_c": 61.8,
  "rf_temp_middle_c": 62.9,
  "lr_temp_middle_c": 68.9,
  "rr_temp_middle_c": 68.3,
  "throttle_raw_mean": 0.71,
  "tc_intervention_pct": 0.0,
  "brake_raw_peak": 0.822,
  "gear_at_apex_mode": 0,
  "max_gear": 7,
  "pitch_mean_at_speed_deg": 0.127,
  "pitch_range_deg": 1.77,
  "arb_front_adjustments": 0,
  "arb_rear_adjustments": 8,
  "tc2_adjustments": 0,
  "abs_adjustments": 0,
  "deploy_mode_adjustments": 0,
  "wind_speed_ms": 4.02,
  "wind_dir_deg": 90.0
}