{
  "car": "bmw",
  "track": "Sebring International Raceway",
  "relationships": {
    "roll_gradient": {
      "name": "Roll gradient (measured)",
      "x_param": "peak_lat_g",
      "y_param": "roll_gradient_deg_per_g",
      "fit_type": "linear",
      "coefficients": [
        0.0,
        0.8052369107730281
      ],
      "r_squared": 0.0,
      "sample_count": 13,
      "residual_std": 0.01977149926350982,
      "x_values": [
        4.525352954864502,
        3.224515438079834,
        3.921778917312622,
        4.246187210083008,
        3.5113439559936523,
        3.684354543685913,
        4.220991611480713,
        3.848367214202881,
        3.529149055480957,
        3.6153066158294678,
        3.029893159866333,
        3.2903342247009277,
        3.1514835357666016
      ],
      "y_values": [
        0.8378423085084316,
        0.8148626644856349,
        0.7835754211229855,
        0.7876229850038508,
        0.780707818760611,
        0.8201830055801933,
        0.8085084267519157,
        0.8148780547276299,
        0.8268337393153032,
        0.7922702024484173,
        0.798680833153262,
        0.7736215984327408,
        0.828492781758391
      ],
      "x_min": 3.029893159866333,
      "x_max": 4.525352954864502,
      "physics_prediction_at_mean": 0.0,
      "empirical_prediction_at_mean": 0.0,
      "correction_factor": 1.0
    },
    "lltd_vs_rear_arb": {
      "name": "LLTD vs rear ARB blade",
      "x_param": "rear_arb_blade",
      "y_param": "lltd_measured",
      "fit_type": "linear",
      "coefficients": [
        8.944085638194635e-05,
        0.4856913414365375
      ],
      "r_squared": 0.004048378354058135,
      "sample_count": 13,
      "residual_std": 0.0019543758744430687,
      "x_values": [
        5.0,
        3.0,
        1.0,
        3.0,
        3.0,
        2.0,
        1.0,
        4.0,
        4.0,
        4.0,
        1.0,
        1.0,
        1.0
      ],
      "y_values": [
        0.48820069927934046,
        0.48780724250325774,
        0.4840789011048564,
        0.48369137551311614,
        0.4862816591647723,
        0.4834734497810029,
        0.48966931861680474,
        0.485884856610933,
        0.48550511004607855,
        0.4848725441946962,
        0.488352588517692,
        0.4836443366094584,
        0.48547690499358387
      ],
      "x_min": 1.0,
      "x_max": 5.0,
      "physics_prediction_at_mean": 0.0,
      "empirical_prediction_at_mean": 0.0,
      "correction_factor": 1.0
    },
    "front_rh_var_vs_heave": {
      "name": "Front RH variance vs heave spring",
      "x_param": "front_heave_nmm",
      "y_param": "front_rh_std_mm",
      "fit_type": "linear",
      "coefficients": [
        -0.023268435043948037,
        7.015963571412221
      ],
      "r_squared": 0.5091783073473553,
      "sample_count": 13,
      "residual_std": 0.0,
      "x_values": [
        50.0,
        50.0,
        50.0,
        60.0,
        30.0,
        50.0,
        50.0,
        70.0,
        70.0,
        70.0,
        70.0,
        50.0,
        50.0
      ],
      "y_values": [
        5.880991458892822,
        5.581172943115234,
        5.53670072555542,
        5.5496907234191895,
        6.682243824005127,
        5.693735599517822,
        5.721834182739258,
        5.255040168762207,
        6.046815395355225,
        5.364407539367676,
        5.281846046447754,
        5.744226455688477,
        6.115548133850098
      ],
      "x_min": 30.0,
      "x_max": 70.0,
      "physics_prediction_at_mean": 0.0,
      "empirical_prediction_at_mean": 0.0,
      "correction_factor": 1.0
    },
    "rear_rh_var_vs_third": {
      "name": "Rear RH variance vs third spring",
      "x_param": "rear_third_nmm",
      "y_param": "rear_rh_std_mm",
      "fit_type": "linear",
      "coefficients": [
        -0.0040291827224560855,
        9.592304950903268
      ],
      "r_squared": 0.23405313924469406,
      "sample_count": 13,
      "residual_std": 0.0,
      "x_values": [
        530.0,
        530.0,
        450.0,
        450.0,
        320.0,
        540.0,
        540.0,
        420.0,
        420.0,
        540.0,
        460.0,
        540.0,
        380.0
      ],
      "y_values": [
        7.460980415344238,
        7.0153632164001465,
        7.443507671356201,
        7.477164268493652,
        7.652547836303711,
        7.015622138977051,
        7.048081398010254,
        8.120196342468262,
        8.590513229370117,
        7.188198089599609,
        7.83912992477417,
        8.58158016204834,
        8.608481407165527
      ],
      "x_min": 320.0,
      "x_max": 540.0,
      "physics_prediction_at_mean": 0.0,
      "empirical_prediction_at_mean": 0.0,
      "correction_factor": 1.0
    }
  },
  "last_updated": "2026-03-13T08:51:06.876292+00:00",
  "observation_count": 13,
  "most_sensitive_parameters": [],
  "corrections": {
    "aero_compression_front_mean_mm": 9.491177602914663,
    "aero_compression_front_std_mm": 1.1583872219841833,
    "aero_compression_rear_mean_mm": 20.806072381826546,
    "aero_compression_rear_std_mm": 1.793097576176943,
    "roll_gradient_measured_mean": 0.8052369107730281,
    "roll_gradient_measured_std": 0.01977149926350982,
    "roll_gradient_sample_count": 13,
    "lltd_measured_mean": 0.48591838361043027,
    "lltd_measured_std": 0.001958343953222032,
    "m_eff_front_samples": [
      167.0,
      134.1,
      126.6,
      145.7,
      93.9,
      101.7,
      138.1,
      150.7,
      168.8,
      168.4,
      170.6,
      157.9,
      164.2
    ],
    "m_eff_front_empirical_mean": 145.2076923076923,
    "m_eff_front_empirical_std": 24.51358999972375
  }
}