{
  "car": "ferrari",
  "track": "Sebring International Raceway",
  "relationships": {
    "lltd_vs_rear_arb": {
      "name": "LLTD vs rear ARB blade",
      "x_param": "rear_arb_blade",
      "y_param": "lltd_measured",
      "fit_type": "linear",
      "coefficients": [
        -0.00021902850495265897,
        0.5110421078951205
      ],
      "r_squared": 0.06440272080941711,
      "sample_count": 9,
      "residual_std": 0.0009459477888934216,
      "x_values": [
        4.0,
        2.0,
        2.0,
        2.0,
        5.0,
        4.0,
        4.0,
        4.0,
        2.0
      ],
      "y_values": [
        0.5099881136928921,
        0.5106937303132959,
        0.508733728185979,
        0.5104823520756308,
        0.5098514807447814,
        0.5110967131220505,
        0.5098658896119836,
        0.5098564860126769,
        0.5124586506531672
      ],
      "x_min": 2.0,
      "x_max": 5.0,
      "physics_prediction_at_mean": 0.0,
      "empirical_prediction_at_mean": 0.0,
      "correction_factor": 1.0
    },
    "front_rh_var_vs_heave": {
      "name": "Front RH variance vs heave spring",
      "x_param": "front_heave_nmm",
      "y_param": "front_rh_std_mm",
      "fit_type": "linear",
      "coefficients": [
        2.361395862367417,
        2.361395862367417
      ],
      "r_squared": 0.0,
      "sample_count": 9,
      "residual_std": 0.0,
      "x_values": [
        1.0,
        1.0,
        1.0,
        1.0,
        1.0,
        1.0,
        1.0,
        1.0,
        1.0
      ],
      "y_values": [
        4.629246711730957,
        4.283428192138672,
        4.615478038787842,
        5.256772041320801,
        4.9577155113220215,
        5.0001983642578125,
        5.024736404418945,
        4.56614351272583,
        4.1714067459106445
      ],
      "x_min": 1.0,
      "x_max": 1.0,
      "physics_prediction_at_mean": 0.0,
      "empirical_prediction_at_mean": 0.0,
      "correction_factor": 1.0
    },
    "rear_rh_var_vs_third": {
      "name": "Rear RH variance vs third spring",
      "x_param": "rear_third_nmm",
      "y_param": "rear_rh_std_mm",
      "fit_type": "linear",
      "coefficients": [
        -0.15045849084854068,
        6.072892320156099
      ],
      "r_squared": 0.7166863234582613,
      "sample_count": 9,
      "residual_std": 0.0,
      "x_values": [
        2.0,
        7.0,
        2.0,
        2.0,
        2.0,
        2.0,
        2.0,
        2.0,
        2.0
      ],
      "y_values": [
        5.726350784301758,
        5.019682884216309,
        5.748506546020508,
        5.984736919403076,
        5.735327243804932,
        5.838437557220459,
        5.921528339385986,
        5.79842472076416,
        5.42249059677124
      ],
      "x_min": 2.0,
      "x_max": 7.0,
      "physics_prediction_at_mean": 0.0,
      "empirical_prediction_at_mean": 0.0,
      "correction_factor": 1.0
    }
  },
  "last_updated": "2026-03-22T22:56:25.843914+00:00",
  "observation_count": 9,
  "most_sensitive_parameters": [],
  "corrections": {
    "aero_compression_front_mean_mm": 7.9970729827880875,
    "aero_compression_front_std_mm": 0.16312877457669928,
    "aero_compression_rear_mean_mm": 17.851479424370655,
    "aero_compression_rear_std_mm": 0.8195469554618673,
    "lap_time_surrogate_regularized": 1.0,
    "lap_time_surrogate_sample_weight": 0.0,
    "lltd_measured_mean": 0.510379693776478,
    "lltd_measured_std": 0.0009779636017009778,
    "m_eff_front_values": [
      2.4,
      3.8,
      2.3,
      3.6,
      3.3,
      3.2,
      3.3,
      2.4,
      3.1
    ],
    "m_eff_front_empirical_mean": 3.0444444444444443,
    "m_eff_front_empirical_std": 0.5187830013301667,
    "prediction_correction_front_rh_std_mm": 4.5631,
    "prediction_correction_front_rh_std_mm_std": 0.3423,
    "prediction_correction_front_rh_std_mm_n": 3,
    "prediction_correction_rear_rh_std_mm": 5.7026,
    "prediction_correction_rear_rh_std_mm_std": 0.2122,
    "prediction_correction_rear_rh_std_mm_n": 3,
    "prediction_correction_lltd_predicted": 0.0462,
    "prediction_correction_lltd_predicted_std": 0.1128,
    "prediction_correction_lltd_predicted_n": 3,
    "prediction_correction_body_roll_predicted_deg_per_g": 0.0033,
    "prediction_correction_body_roll_predicted_deg_per_g_std": 0.053,
    "prediction_correction_body_roll_predicted_deg_per_g_n": 3,
    "prediction_correction_front_bottoming_predicted": 0.3517,
    "prediction_correction_front_bottoming_predicted_std": 0.4775,
    "prediction_correction_front_bottoming_predicted_n": 3,
    "prediction_correction_front_heave_travel_used_pct": -0.1008,
    "prediction_correction_front_heave_travel_used_pct_std": 1.0181,
    "prediction_correction_front_heave_travel_used_pct_n": 3,
    "prediction_correction_body_slip_p95_deg": 0.1016,
    "prediction_correction_body_slip_p95_deg_std": 0.1872,
    "prediction_correction_body_slip_p95_deg_n": 3,
    "prediction_correction_understeer_low_deg": -0.0257,
    "prediction_correction_understeer_low_deg_std": 0.0633,
    "prediction_correction_understeer_low_deg_n": 3,
    "prediction_correction_understeer_high_deg": -0.0368,
    "prediction_correction_understeer_high_deg_std": 0.0635,
    "prediction_correction_understeer_high_deg_n": 3
  }
}