{
  "car": "ferrari",
  "track": "Sebring International Raceway",
  "relationships": {
    "roll_gradient": {
      "name": "Roll gradient (measured)",
      "x_param": "peak_lat_g",
      "y_param": "roll_gradient_deg_per_g",
      "fit_type": "linear",
      "coefficients": [
        0.0,
        0.8527148556322767
      ],
      "r_squared": 0.9948132249757311,
      "sample_count": 6,
      "residual_std": 0.06141190007656222,
      "x_values": [
        2.546821355819702,
        2.94332218170166,
        3.140993356704712,
        3.3005661964416504,
        3.5619735717773438,
        3.54762601852417
      ],
      "y_values": [
        0.9798537774167344,
        0.8708920486048005,
        0.8393011904275585,
        0.8175805063509657,
        0.8086569770454782,
        0.8000046339481227
      ],
      "x_min": 2.546821355819702,
      "x_max": 3.5619735717773438,
      "physics_prediction_at_mean": 0.0,
      "empirical_prediction_at_mean": 0.0,
      "correction_factor": 1.0
    },
    "lltd_vs_rear_arb": {
      "name": "LLTD vs rear ARB blade",
      "x_param": "rear_arb_blade",
      "y_param": "lltd_measured",
      "fit_type": "linear",
      "coefficients": [
        -0.0004552721925983692,
        0.488559223773534
      ],
      "r_squared": 0.3214944179879965,
      "sample_count": 6,
      "residual_std": 0.0008025051044556279,
      "x_values": [
        2.0,
        2.0,
        2.0,
        5.0,
        4.0,
        4.0
      ],
      "y_values": [
        0.48702112882281734,
        0.48906119882075927,
        0.48681388614486865,
        0.4861832140574102,
        0.4874281256030098,
        0.4861976175329693
      ],
      "x_min": 2.0,
      "x_max": 5.0,
      "physics_prediction_at_mean": 0.0,
      "empirical_prediction_at_mean": 0.0,
      "correction_factor": 1.0
    },
    "front_rh_var_vs_heave": {
      "name": "Front RH variance vs heave spring",
      "x_param": "front_heave_nmm",
      "y_param": "front_rh_std_mm",
      "fit_type": "linear",
      "coefficients": [
        2.4011076291402187,
        2.401107629140219
      ],
      "r_squared": 1.1102230246251565e-16,
      "sample_count": 6,
      "residual_std": 0.0,
      "x_values": [
        1.0,
        1.0,
        1.0,
        1.0,
        1.0,
        1.0
      ],
      "y_values": [
        4.171586036682129,
        4.402283191680908,
        5.256772041320801,
        4.9577155113220215,
        5.0001983642578125,
        5.024736404418945
      ],
      "x_min": 1.0,
      "x_max": 1.0,
      "physics_prediction_at_mean": 0.0,
      "empirical_prediction_at_mean": 0.0,
      "correction_factor": 1.0
    }
  },
  "last_updated": "2026-03-13T17:20:40.379943+00:00",
  "observation_count": 6,
  "most_sensitive_parameters": [
    [
      "front_rh_static",
      -114.0500000000004
    ],
    [
      "rear_rh_static",
      -114.0500000000004
    ],
    [
      "rear_arb_blade",
      -0.2986666666666667
    ]
  ],
  "corrections": {
    "aero_compression_front_mean_mm": 8.276029014587403,
    "aero_compression_front_std_mm": 0.4345024184286509,
    "aero_compression_rear_mean_mm": 18.288154792785644,
    "aero_compression_rear_std_mm": 0.3435341781344483,
    "roll_gradient_measured_mean": 0.8527148556322767,
    "roll_gradient_measured_std": 0.06141190007656222,
    "roll_gradient_sample_count": 6,
    "lltd_measured_mean": 0.4871175284969725,
    "lltd_measured_std": 0.0009742515177205144,
    "m_eff_front_values": [
      3.2,
      3.3,
      3.6,
      3.3,
      3.2,
      3.3
    ],
    "m_eff_front_empirical_mean": 3.3166666666666664,
    "m_eff_front_empirical_std": 0.1343709624716425
  }
}