{
  "car": "ferrari",
  "track": "Sebring International Raceway",
  "relationships": {
    "lltd_vs_rear_arb": {
      "name": "LLTD vs rear ARB blade",
      "x_param": "rear_arb_blade",
      "y_param": "lltd_measured",
      "fit_type": "linear",
      "coefficients": [
        0.00019046119176276962,
        0.5093364320677163
      ],
      "r_squared": 0.08836132453130885,
      "sample_count": 6,
      "residual_std": 0.0006839774221886076,
      "x_values": [
        4.0,
        2.0,
        2.0,
        5.0,
        4.0,
        4.0
      ],
      "y_values": [
        0.5099881136928921,
        0.508733728185979,
        0.5104823520756308,
        0.5098514807447814,
        0.5110967131220505,
        0.5098658896119836
      ],
      "x_min": 2.0,
      "x_max": 5.0,
      "physics_prediction_at_mean": 0.0,
      "empirical_prediction_at_mean": 0.0,
      "correction_factor": 1.0
    },
    "front_rh_var_vs_heave": {
      "name": "Front RH variance vs heave spring",
      "x_param": "front_heave_nmm",
      "y_param": "front_rh_std_mm",
      "fit_type": "linear",
      "coefficients": [
        2.4570122559865313,
        2.457012255986532
      ],
      "r_squared": 0.0,
      "sample_count": 6,
      "residual_std": 0.0,
      "x_values": [
        1.0,
        1.0,
        1.0,
        1.0,
        1.0,
        1.0
      ],
      "y_values": [
        4.629246711730957,
        4.615478038787842,
        5.256772041320801,
        4.9577155113220215,
        5.0001983642578125,
        5.024736404418945
      ],
      "x_min": 1.0,
      "x_max": 1.0,
      "physics_prediction_at_mean": 0.0,
      "empirical_prediction_at_mean": 0.0,
      "correction_factor": 1.0
    },
    "rear_rh_var_vs_third": {
      "name": "Rear RH variance vs third spring",
      "x_param": "rear_third_nmm",
      "y_param": "rear_rh_std_mm",
      "fit_type": "linear",
      "coefficients": [
        1.4564536412556972,
        2.9129072825113953
      ],
      "r_squared": 0.0,
      "sample_count": 6,
      "residual_std": 0.0,
      "x_values": [
        2.0,
        2.0,
        2.0,
        2.0,
        2.0,
        2.0
      ],
      "y_values": [
        5.726350784301758,
        5.748506546020508,
        5.984736919403076,
        5.735327243804932,
        5.838437557220459,
        5.921528339385986
      ],
      "x_min": 2.0,
      "x_max": 2.0,
      "physics_prediction_at_mean": 0.0,
      "empirical_prediction_at_mean": 0.0,
      "correction_factor": 1.0
    }
  },
  "last_updated": "2026-03-17T16:35:20.650025+00:00",
  "observation_count": 6,
  "most_sensitive_parameters": [],
  "corrections": {
    "aero_compression_front_mean_mm": 8.033053398132326,
    "aero_compression_front_std_mm": 0.13238581237114397,
    "aero_compression_rear_mean_mm": 18.02538890838623,
    "aero_compression_rear_std_mm": 0.14700714013730629,
    "lap_time_surrogate_regularized": 1.0,
    "lap_time_surrogate_sample_weight": 0.0,
    "lltd_measured_mean": 0.5100030460516686,
    "lltd_measured_std": 0.0007163584619611876,
    "m_eff_front_values": [
      2.4,
      2.3,
      3.6,
      3.3,
      3.2,
      3.3
    ],
    "m_eff_front_empirical_mean": 3.016666666666666,
    "m_eff_front_empirical_std": 0.4879093722768149
  }
}