{
  "car": "porsche",
  "track": "WeatherTech Raceway Laguna Seca",
  "relationships": {
    "roll_gradient": {
      "name": "Roll gradient (measured)",
      "x_param": "peak_lat_g",
      "y_param": "roll_gradient_deg_per_g",
      "fit_type": "linear",
      "coefficients": [
        0.0,
        1.9344
      ],
      "r_squared": 0.9640956414224444,
      "sample_count": 15,
      "residual_std": 0.36653872919515607,
      "x_values": [
        3.564099073410034,
        3.2494070529937744,
        3.5019137859344482,
        3.656069755554199,
        3.564099073410034,
        4.223202705383301,
        4.232593059539795,
        4.223202705383301,
        4.287039756774902,
        4.066082954406738,
        3.8376638889312744,
        3.7415401935577393,
        4.373505592346191,
        4.550272464752197,
        4.103103160858154
      ],
      "y_values": [
        1.793,
        2.099,
        2.651,
        1.611,
        1.793,
        1.558,
        1.992,
        1.558,
        2.722,
        2.211,
        1.619,
        1.471,
        1.861,
        2.09,
        1.987
      ],
      "x_min": 3.2494070529937744,
      "x_max": 4.550272464752197,
      "physics_prediction_at_mean": 0.0,
      "empirical_prediction_at_mean": 0.0,
      "correction_factor": 1.0
    },
    "front_rh_var_vs_heave": {
      "name": "Front RH variance vs heave spring",
      "x_param": "front_heave_nmm",
      "y_param": "front_rh_std_mm",
      "fit_type": "linear",
      "coefficients": [
        -0.004237621527228201,
        5.745222088768788
      ],
      "r_squared": 0.6910819846883727,
      "sample_count": 15,
      "residual_std": 0.0,
      "x_values": [
        230.0,
        230.0,
        230.0,
        230.0,
        230.0,
        290.0,
        290.0,
        290.0,
        290.0,
        290.0,
        290.0,
        340.0,
        430.0,
        450.0,
        550.0
      ],
      "y_values": [
        4.647532939910889,
        4.7926788330078125,
        4.64597225189209,
        4.616583347320557,
        4.647532939910889,
        4.724948406219482,
        5.0611701011657715,
        4.724948406219482,
        4.204696178436279,
        4.7536139488220215,
        4.613492488861084,
        3.9637603759765625,
        4.1226582527160645,
        3.3613133430480957,
        3.5501132011413574
      ],
      "x_min": 230.0,
      "x_max": 550.0,
      "physics_prediction_at_mean": 0.0,
      "empirical_prediction_at_mean": 0.0,
      "correction_factor": 1.0
    },
    "rear_rh_var_vs_third": {
      "name": "Rear RH variance vs third spring",
      "x_param": "rear_third_nmm",
      "y_param": "rear_rh_std_mm",
      "fit_type": "linear",
      "coefficients": [
        -0.000984828845453761,
        4.9541050792312955
      ],
      "r_squared": 0.029698403573097054,
      "sample_count": 15,
      "residual_std": 0.0,
      "x_values": [
        220.0,
        220.0,
        220.0,
        220.0,
        220.0,
        250.0,
        250.0,
        250.0,
        250.0,
        250.0,
        250.0,
        270.0,
        310.0,
        330.0,
        420.0
      ],
      "y_values": [
        4.741629123687744,
        4.410686492919922,
        4.841543197631836,
        4.602764129638672,
        4.741629123687744,
        4.798459053039551,
        5.410775184631348,
        4.798459053039551,
        4.485287666320801,
        4.933697700500488,
        4.6612725257873535,
        4.5746846199035645,
        4.710029125213623,
        3.9312186241149902,
        4.799063205718994
      ],
      "x_min": 220.0,
      "x_max": 420.0,
      "physics_prediction_at_mean": 0.0,
      "empirical_prediction_at_mean": 0.0,
      "correction_factor": 1.0
    },
    "front_ls_rbd_vs_rh_var": {
      "name": "Front LS rbd \u2192 front RH variance",
      "x_param": "front_ls_rbd",
      "y_param": "front_rh_std_mm",
      "fit_type": "linear",
      "coefficients": [
        -0.9413797855377164,
        13.90529084205624
      ],
      "r_squared": 0.2508493308830205,
      "sample_count": 15,
      "residual_std": 0.40580345432565607,
      "x_values": [
        10.0,
        10.0,
        10.0,
        10.0,
        10.0,
        10.0,
        10.0,
        10.0,
        10.0,
        10.0,
        10.0,
        10.0,
        10.0,
        10.0,
        11.0
      ],
      "y_values": [
        4.647532939910889,
        4.7926788330078125,
        4.64597225189209,
        4.616583347320557,
        4.647532939910889,
        4.724948406219482,
        5.0611701011657715,
        4.724948406219482,
        4.204696178436279,
        4.7536139488220215,
        4.613492488861084,
        3.9637603759765625,
        4.1226582527160645,
        3.3613133430480957,
        3.5501132011413574
      ],
      "x_min": 10.0,
      "x_max": 11.0,
      "physics_prediction_at_mean": 0.0,
      "empirical_prediction_at_mean": 0.0,
      "correction_factor": 1.0
    },
    "front_ls_rbd_vs_osc": {
      "name": "Front LS rbd \u2192 front shock oscillation",
      "x_param": "front_ls_rbd",
      "y_param": "front_shock_oscillation_hz",
      "fit_type": "linear",
      "coefficients": [
        0.9621428571428512,
        1.846428571428631
      ],
      "r_squared": 0.29353555218189786,
      "sample_count": 15,
      "residual_std": 0.37232921940004604,
      "x_values": [
        10.0,
        10.0,
        10.0,
        10.0,
        10.0,
        10.0,
        10.0,
        10.0,
        10.0,
        10.0,
        10.0,
        10.0,
        10.0,
        10.0,
        11.0
      ],
      "y_values": [
        10.93,
        11.09,
        11.2,
        11.13,
        10.93,
        11.49,
        11.5,
        11.49,
        11.3,
        11.65,
        11.72,
        11.84,
        12.18,
        12.1,
        12.43
      ],
      "x_min": 10.0,
      "x_max": 11.0,
      "physics_prediction_at_mean": 0.0,
      "empirical_prediction_at_mean": 0.0,
      "correction_factor": 1.0
    },
    "front_hs_comp_vs_sv99": {
      "name": "Front HS comp \u2192 front shock vel p99",
      "x_param": "front_hs_comp",
      "y_param": "front_shock_vel_p99_mps",
      "fit_type": "linear",
      "coefficients": [
        -0.0032531029521570597,
        0.204304359667666
      ],
      "r_squared": 0.19678075434426967,
      "sample_count": 15,
      "residual_std": 0.014689785245591128,
      "x_values": [
        2.0,
        2.0,
        2.0,
        2.0,
        2.0,
        7.0,
        7.0,
        7.0,
        7.0,
        7.0,
        7.0,
        7.0,
        5.0,
        6.0,
        6.0
      ],
      "y_values": [
        0.20215244591236115,
        0.22219358384609222,
        0.17782777547836304,
        0.1760922223329544,
        0.20215244591236115,
        0.17412474751472473,
        0.21088552474975586,
        0.17412474751472473,
        0.17952360212802887,
        0.1751853972673416,
        0.16440151631832123,
        0.1718977391719818,
        0.20174282789230347,
        0.18900208175182343,
        0.1960229128599167
      ],
      "x_min": 2.0,
      "x_max": 7.0,
      "physics_prediction_at_mean": 0.0,
      "empirical_prediction_at_mean": 0.0,
      "correction_factor": 1.0
    },
    "front_hs_comp_vs_excursion": {
      "name": "Front HS comp \u2192 front excursion",
      "x_param": "front_hs_comp",
      "y_param": "front_rh_excursion_measured_mm",
      "fit_type": "linear",
      "coefficients": [
        -0.15207795740446636,
        14.522086812083831
      ],
      "r_squared": 0.04276528403444113,
      "sample_count": 15,
      "residual_std": 1.6081320493121034,
      "x_values": [
        2.0,
        2.0,
        2.0,
        2.0,
        2.0,
        7.0,
        7.0,
        7.0,
        7.0,
        7.0,
        7.0,
        7.0,
        5.0,
        6.0,
        6.0
      ],