{
  "lap_number": 12,
  "lap_time_s": 109.6052017211914,
  "rear_rh_std_mm": 7.477164268493652,
  "body_slip_p95_deg": 3.376377820968628,
  "understeer_low_speed_deg": 0.07098522037267685,
  "understeer_high_speed_deg": 0.13734093308448792
}
