{
  "lap_number": 5,
  "lap_time_s": 109.3398666381836,
  "dynamic_front_rh_mm": 22.356143951416016,
  "dynamic_rear_rh_mm": 29.267471313476562,
  "front_rh_std_mm": 4.900136947631836,
  "rear_rh_std_mm": 7.350151062011719,
  "front_shock_vel_p95_mps": 0.13384906947612762,
  "rear_shock_vel_p95_mps": 0.1715405285358429,
  "front_shock_vel_p99_mps": 0.25664493441581726,
  "rear_shock_vel_p99_mps": 0.3309916853904724,
  "peak_lat_g": 3.8738653659820557,
  "body_roll_p95_deg": 0.0,
  "body_roll_max_deg": 2.9564725638577283,
  "roll_gradient_deg_per_g": 0.7631841286534332,
  "lltd_measured": 0.48614372314853,
  "understeer_mean_deg": -0.012550770305097103,
  "understeer_high_speed_deg": 0.11824598908424377,
  "understeer_low_speed_deg": -0.17017695307731628,
  "body_slip_p95_deg": 3.4452481269836426,
  "front_bottoming_events": 2,
  "rear_bottoming_events": 8,
  "front_rh_settle_time_ms": 0.0,
  "rear_rh_settle_time_ms": 0.0,
  "front_dominant_freq_hz": 2.81,
  "rear_dominant_freq_hz": 4.92
}