{
  "car": "bmw",
  "n_sessions": 12,
  "n_unique_setups": 9,
  "calibration_complete": true,
  "front_ride_height": {
    "name": "front_ride_height",
    "feature_names": [],
    "coefficients": [
      30.011111111111113
    ],
    "r_squared": 1.0,
    "rmse": 0.03142696805273589,
    "loo_rmse": 0.03142696805273589,
    "n_samples": 9,
    "is_calibrated": true
  },
  "rear_ride_height": {
    "name": "rear_ride_height",
    "feature_names": [
      "front_heave_perch",
      "inv_rear_spring",
      "rear_pushrod",
      "fuel",
      "inv_rear_third",
      "rear_third_perch",
      "rear_spring"
    ],
    "coefficients": [
      63.784887761948454,
      0.6905241029508795,
      7508.790490174216,
      0.39999999999277797,
      -0.12893477916771834,
      597.568834068021,
      -1.7201014176005145,
      0.23601423628213494
    ],
    "r_squared": 1.0,
    "rmse": 2.0457593986947206e-11,
    "loo_rmse": 4.347983476983912,
    "n_samples": 9,
    "is_calibrated": true
  },
  "torsion_bar_turns": {
    "name": "torsion_bar_turns",
    "feature_names": [],
    "coefficients": [
      0.09755555555555556
    ],
    "r_squared": 1.0,
    "rmse": 0.004139541335599367,
    "loo_rmse": 0.004139541335599367,
    "n_samples": 9,
    "is_calibrated": true
  },
  "torsion_bar_defl": {
    "name": "torsion_bar_defl_load",
    "feature_names": [
      "front_heave",
      "front_heave_perch"
    ],
    "coefficients": [
      1199933.8806700085,
      -3287.889675517091,
      10798.25999628004
    ],
    "r_squared": 0.8146679777068173,
    "rmse": 32029.280843940756,
    "loo_rmse": 58674.50686760141,
    "n_samples": 9,
    "is_calibrated": false
  },
  "front_shock_defl_static": {
    "name": "front_shock_defl_static",
    "feature_names": [
      "front_pushrod",
      "front_heave_perch",
      "front_heave",
      "torsion_od"
    ],
    "coefficients": [
      -35.17946202954883,
      0.20395099139076478,
      0.3920929384132357,
      -0.06141971485832364,
      4.5213757871815625
    ],
    "r_squared": 0.985225975885247,
    "rmse": 0.1371311837563135,
    "loo_rmse": 0.6270581139959652,
    "n_samples": 9,
    "is_calibrated": true
  },
  "front_shock_defl_max": null,
  "rear_shock_defl_static": {
    "name": "rear_shock_defl_static",
    "feature_names": [
      "rear_pushrod",
      "rear_spring_perch",
      "inv_od4",
      "inv_rear_spring",
      "rear_third_perch",
      "rear_third",
      "inv_rear_third"
    ],
    "coefficients": [
      -30.98401960998666,
      -1.0918352333355585e-10,
      0.6161315512126039,
      237936.6983883137,
      2337.077165588088,
      0.38709475923880565,
      -0.01198674493117642,
      0.8346057906563074
    ],
    "r_squared": 1.0,
    "rmse": 5.059501837850326e-10,
    "loo_rmse": 3.436443431775235,
    "n_samples": 9,
    "is_calibrated": true
  },
  "rear_shock_defl_max": null,
  "heave_spring_defl_static": {
    "name": "heave_spring_defl_static",
    "feature_names": [
      "front_heave_perch",
      "front_pushrod",
      "front_heave",
      "fuel",
      "inv_od4",
      "front_camber",
      "inv_heave_nmm"
    ],
    "coefficients": [
      2.495841643648535,
      0.15800935152631226,
      -1.7908493510851786,
      -0.40201157464255194,
      0.08317870349375651,
      -0.002542414169049807,
      7.807112524192323,
      -13.349134694861647
    ],
    "r_squared": 1.0,
    "rmse": 8.901499613484577e-15,
    "loo_rmse": 0.9395996111941223,
    "n_samples": 9,
    "is_calibrated": true
  },
  "heave_spring_defl_max": {
    "name": "heave_spring_defl_max",
    "feature_names": [
      "front_heave",
      "inv_heave",
      "front_camber",
      "inv_od4",
      "front_heave_perch",
      "fuel"
    ],
    "coefficients": [
      108.9191903610977,
      -0.28703153439060913,
      113.84399760739001,
      2.2047506317438974,
      0.014239633030258032,
      -0.0009755530861548534,
      -0.0029266592581101308
    ],
    "r_squared": 1.0,
    "rmse": 8.179304031535326e-13,
    "loo_rmse": 10.754120305077155,
    "n_samples": 9,
    "is_calibrated": true
  },
  "heave_slider_defl_static": {
    "name": "heave_slider_defl_static",
    "feature_names": [
      "front_pushrod",
      "front_heave",
      "front_heave_perch",
      "torsion_od",
      "fuel",
      "front_camber"
    ],
    "coefficients": [
      0.7679336567108255,
      -4.268783766897905,
      -0.643059701503298,
      2.005287536535855,
      0.6200238488166769,
      0.14707884270963947,
      8.397395984327195
    ],
    "r_squared": 1.0,
    "rmse": 4.635198486554024e-14,
    "loo_rmse": 2.1519821005580795,
    "n_samples": 9,
    "is_calibrated": true
  },
  "rear_spring_defl_static": {
    "name": "rear_spring_defl_static",
    "feature_names": [
      "rear_spring_perch",
      "rear_third_perch",
      "inv_rear_spring",
      "rear_third",
      "inv_od4",
      "rear_pushrod",
      "inv_rear_third"
    ],
    "coefficients": [
      -3.184019591029818,
      -0.38386844892921046,
      0.3870947591415041,
      2337.0771648018986,
      -0.011986744929229187,
      237936.6982616553,
      1.2749165032816244e-12,
      0.8346055466858192
    ],
    "r_squared": 1.0,
    "rmse": 3.714679907151596e-12,
    "loo_rmse": 3.4364433986547183,
    "n_samples": 9,
    "is_calibrated": true
  },
  "rear_spring_defl_max": {
    "name": "rear_spring_defl_max",
    "feature_names": [
      "rear_spring",
      "rear_spring_perch"
    ],
    "coefficients": [
      100.55204742904097,
      -0.1230533152220063,
      -0.03842997424796674
    ],
    "r_squared": 0.9988592137222726,
    "rmse": 0.1557910839194717,
    "loo_rmse": 1.300488892455439,
    "n_samples": 9,
    "is_calibrated": true
  },
  "third_spring_defl_static": {
    "name": "third_spring_defl_static",
    "feature_names": [
      "rear_spring_perch",
      "inv_rear_third",
      "inv_rear_spring",
      "rear_third",
      "rear_third_perch",
      "front_heave",
      "rear_spring"
    ],
    "coefficients": [
      18.162759743520247,
      0.5762977955008421,
      103.31412612763413,
      38.36773341623721,
      -0.006200041830973057,
      -0.5010382364007401,
      0.010140014744091288,
      -0.04165521956375228
    ],
    "r_squared": 1.0,
    "rmse": 2.5345740250302027e-12,
    "loo_rmse": 0.255424513132434,
    "n_samples": 9,
    "is_calibrated": true
  },
  "third_spring_defl_max": {
    "name": "third_spring_defl_max",
    "feature_names": [
      "front_heave",
      "rear_third",
      "inv_rear_third",
      "rear_third_perch",
      "od4"
    ],
    "coefficients": [
      67.73329010983174,
      -0.006311479179600311,
      -0.05438077853320747,
      2829.59061061267,
      -0.0005639930934260621,
      4.255040744388215e-05
    ],
    "r_squared": 0.9999999990248359,
    "rmse": 0.00036545651388200607,
    "loo_rmse": 0.16239807634851616,
    "n_samples": 9,
    "is_calibrated": true
  },
  "third_slider_defl_static": {
    "name": "third_slider_defl_static",
    "feature_names": [
      "third_spring_defl"
    ],
    "coefficients": [
      17.54127408993575,
      0.39894123245301055
    ],
    "r_squared": 0.6857249733629773,
    "rmse": 1.1672860993383387,
    "loo_rmse": 1.3927560536699453,
    "n_samples": 9,
    "is_calibrated": false
  },
  "torsion_bar_defl_direct": {
    "name": "torsion_bar_defl_direct",
    "feature_names": [
      "front_pushrod",
      "front_heave",
      "front_heave_perch",
      "rear_spring_perch",
      "fuel",
      "inv_od4"
    ],
    "coefficients": [
      12.315049094489448,
      -1.5314204418160497,
      -0.2737654947609887,
      0.9812964844679061,
      -0.1856119732877022,
      0.07002111843686502,
      -0.0005890696742132546
    ],
    "r_squared": 1.0,
    "rmse": 6.540167528841833e-15,
    "loo_rmse": 0.2300979263759664,
    "n_samples": 9,
    "is_calibrated": true
  },
  "front_heave_lookup": null,
  "rear_heave_lookup": null,
  "front_torsion_lookup": null,