{
  "car": "bmw",
  "n_sessions": 12,
  "n_unique_setups": 9,
  "calibration_complete": true,
  "front_ride_height": {
    "name": "front_ride_height",
    "feature_names": [],
    "coefficients": [
      30.011111111111113
    ],
    "r_squared": 1.0,
    "rmse": 0.03142696805273589,
    "loo_rmse": 0.03142696805273589,
    "n_samples": 9,
    "is_calibrated": true
  },
  "rear_ride_height": {
    "name": "rear_ride_height",
    "feature_names": [
      "rear_spring_perch",
      "fuel",
      "inv_rear_spring"
    ],
    "coefficients": [
      52.87608129242045,
      -0.13857339680326758,
      0.03154345485469659,
      -349.56043068758606
    ],
    "r_squared": 0.7393048838934446,
    "rmse": 0.6550948172032192,
    "loo_rmse": 1.264480624262762,
    "n_samples": 9,
    "is_calibrated": false
  },
  "torsion_bar_turns": {
    "name": "torsion_bar_turns",
    "feature_names": [],
    "coefficients": [
      0.09755555555555556
    ],
    "r_squared": 1.0,
    "rmse": 0.004139541335599367,
    "loo_rmse": 0.004139541335599367,
    "n_samples": 9,
    "is_calibrated": true
  },
  "torsion_bar_defl": {
    "name": "torsion_bar_defl_load",
    "feature_names": [
      "front_heave",
      "front_heave_perch"
    ],
    "coefficients": [
      1199933.8806700085,
      -3287.889675517091,
      10798.25999628004
    ],
    "r_squared": 0.8146679777068173,
    "rmse": 32029.280843940756,
    "loo_rmse": 58674.50686760141,
    "n_samples": 9,
    "is_calibrated": false
  },
  "front_shock_defl_static": {
    "name": "front_shock_defl_static",
    "feature_names": [
      "front_pushrod",
      "torsion_od",
      "front_heave_perch"
    ],
    "coefficients": [
      14.121928682871951,
      0.45980296253235947,
      0.9506659387279498,
      0.07012629860758918
    ],
    "r_squared": 0.974749906562573,
    "rmse": 0.17927441664027974,
    "loo_rmse": 0.5133067712354811,
    "n_samples": 9,
    "is_calibrated": true
  },
  "front_shock_defl_max": null,
  "rear_shock_defl_static": {
    "name": "rear_shock_defl_static",
    "feature_names": [
      "rear_pushrod",
      "rear_spring_perch",
      "rear_third_perch"
    ],
    "coefficients": [
      -11.77996500337868,
      0.23137012170922244,
      0.3913342316055575,
      0.5968885758539102
    ],
    "r_squared": 0.9052566142457813,
    "rmse": 0.5977355893051878,
    "loo_rmse": 1.87310823939536,
    "n_samples": 9,
    "is_calibrated": true
  },
  "rear_shock_defl_max": null,
  "heave_spring_defl_static": {
    "name": "heave_spring_defl_static",
    "feature_names": [
      "inv_heave_nmm",
      "front_heave_perch",
      "inv_od4"
    ],
    "coefficients": [
      4.267053344119209,
      72.63232258983241,
      -0.5454474441539775,
      -192711.65703726097
    ],
    "r_squared": 0.9892259768768631,
    "rmse": 0.6233664739892257,
    "loo_rmse": 8.717818457104128,
    "n_samples": 9,
    "is_calibrated": true
  },
  "heave_spring_defl_max": {
    "name": "heave_spring_defl_max",
    "feature_names": [
      "front_heave"
    ],
    "coefficients": [
      110.29166666666663,
      -0.38312500000000066
    ],
    "r_squared": 0.9316709973024437,
    "rmse": 1.9564352503696325,
    "loo_rmse": 3.5769422692659103,
    "n_samples": 9,
    "is_calibrated": true
  },
  "heave_slider_defl_static": {
    "name": "heave_slider_defl_static",
    "feature_names": [
      "front_heave",
      "front_heave_perch",
      "torsion_od"
    ],
    "coefficients": [
      -181.6983868337056,
      -0.2809204027079035,
      1.6667400769500587,
      18.46319127420602
    ],
    "r_squared": 0.978663183412478,
    "rmse": 0.4584892848913439,
    "loo_rmse": 1.309213145522081,
    "n_samples": 9,
    "is_calibrated": true
  },
  "rear_spring_defl_static": {
    "name": "rear_spring_defl_static",
    "feature_names": [
      "rear_spring_perch",
      "rear_third_perch",
      "inv_rear_spring"
    ],
    "coefficients": [
      -4.72501808867401,
      -0.34347426432487965,
      0.609394527128768,
      990.2764860842958
    ],
    "r_squared": 0.9953769521581433,
    "rmse": 0.2460307021682012,
    "loo_rmse": 0.4369021751444885,
    "n_samples": 9,
    "is_calibrated": true
  },
  "rear_spring_defl_max": {
    "name": "rear_spring_defl_max",
    "feature_names": [
      "rear_spring",
      "rear_spring_perch"
    ],
    "coefficients": [
      100.55204742904097,
      -0.1230533152220063,
      -0.03842997424796674
    ],
    "r_squared": 0.9988592137222726,
    "rmse": 0.1557910839194717,
    "loo_rmse": 1.300488892455439,
    "n_samples": 9,
    "is_calibrated": true
  },
  "third_spring_defl_static": {
    "name": "third_spring_defl_static",
    "feature_names": [
      "rear_spring_perch",
      "inv_rear_third",
      "inv_rear_spring"
    ],
    "coefficients": [
      -21.134619527520584,
      0.8628073891257856,
      -325.93139667033813,
      302.7943663856429
    ],
    "r_squared": 0.9887726222825741,
    "rmse": 0.45796005913345345,
    "loo_rmse": 0.7321843552609008,
    "n_samples": 9,
    "is_calibrated": true
  },
  "third_spring_defl_max": {
    "name": "third_spring_defl_max",
    "feature_names": [
      "rear_third",
      "rear_third_perch"
    ],
    "coefficients": [
      85.31934237919126,
      -0.09770731587841977,
      0.23209042592275123
    ],
    "r_squared": 0.9705345366440059,
    "rmse": 2.008877761646277,
    "loo_rmse": 4.535897224841063,
    "n_samples": 9,
    "is_calibrated": true
  },
  "third_slider_defl_static": {
    "name": "third_slider_defl_static",
    "feature_names": [
      "third_spring_defl"
    ],
    "coefficients": [
      17.54127408993575,
      0.39894123245301055
    ],
    "r_squared": 0.6857249733629773,
    "rmse": 1.1672860993383387,
    "loo_rmse": 1.3927560536699453,
    "n_samples": 9,
    "is_calibrated": false
  },
  "front_heave_lookup": null,
  "rear_heave_lookup": null,
  "front_torsion_lookup": null,
  "rear_torsion_lookup": null,
  "m_eff_front_kg": null,
  "m_eff_rear_kg": 986.2312370556938,
  "m_eff_is_rate_dependent": true,
  "m_eff_rate_table": [
    {
      "setting": 30.0,
      "m_eff_kg": 67.30114836024394
    },
    {
      "setting": 30.0,
      "m_eff_kg": 89.7244675479849
    },
    {
      "setting": 30.0,
      "m_eff_kg": 109.99941499253138
    },
    {
      "setting": 50.0,
      "m_eff_kg": 101.32775248127356
    },
    {
      "setting": 50.0,
      "m_eff_kg": 120.85354045606363
    },
    {
      "setting": 50.0,
      "m_eff_kg": 138.350976655284
    }
  ],
  "m_eff_rear_rate_table": [
    {
      "setting": 120.0,
      "m_eff_kg": 291.1606228378261
    },
    {
      "setting": 320.0,
      "m_eff_kg": 776.5947255079858
    },
    {
      "setting": 380.0,
      "m_eff_kg": 1020.7048855650471
    },
    {
      "setting": 380.0,
      "m_eff_kg": 1288.8686371072129
    },
    {
      "setting": 450.0,
      "m_eff_kg": 997.8536544683242
    },
    {
      "setting": 530.0,
      "m_eff_kg": 1221.413387995989
    },
    {
      "setting": 530.0,
      "m_eff_kg": 1307.022745907471
    }
  ],
  "measured_lltd_target": null,
  "front_ls_zeta": null,
  "rear_ls_zeta": null,
  "front_hs_zeta": null,
  "rear_hs_zeta": null,
  "zeta_n_sessions": 0,
  "aero_front_compression_mm": 15.011111111111111,
  "aero_rear_compression_mm": 5.875,
  "aero_n_sessions": 9,
  "status": {
    "aero_compression": "calibrated from IBT AeroCalculator (9 sessions, front=15.0mm rear=5.9mm)",
    "arb_stiffness": "insufficient data (need sessions with varied ARB settings and driving telemetry)",
    "m_eff": "rate-dependent (6 points, range 67-138 kg)",
    "m_eff_rear": "rate-dependent (7 points, range 291-1307 kg)",
    "lltd_target": "DISABLED \u2014 IBT 'lltd_measured' is a geometric proxy (t_f^3/(t_f^3+t_r^3)), not true LLTD. ARB solver uses OptimumG physics.",
    "deflection_model": "calibrated (9 unique setups, best R\u00b2=1.00)"
  }
}