{
  "car": "bmw",
  "n_sessions": 12,
  "n_unique_setups": 9,
  "calibration_complete": true,
  "front_ride_height": {
    "name": "front_ride_height",
    "feature_names": [],
    "coefficients": [
      30.011111111111113
    ],
    "r_squared": 1.0,
    "rmse": 0.03142696805273589,
    "loo_rmse": 0.03142696805273589,
    "n_samples": 9,
    "is_calibrated": true
  },
  "rear_ride_height": {
    "name": "rear_ride_height",
    "feature_names": [
      "rear_third_perch_x_front_pushrod",
      "rear_third_x_front_heave_perch",
      "rear_third_perch_sq",
      "rear_third_perch",
      "front_pushrod",
      "rear_pushrod_x_rear_spring_perch",
      "inv_front_heave"
    ],
    "coefficients": [
      14.653461194680883,
      -0.13610843642822426,
      -0.0002500000000000626,
      -0.12692634548648482,
      6.541016020629627,
      6.060436768648881,
      0.013333333333331093,
      47.142942469594466
    ],
    "r_squared": 1.0,
    "rmse": 1.1093976987913236e-13,
    "loo_rmse": 0.05448711732227886,
    "n_samples": 9,
    "is_calibrated": true
  },
  "torsion_bar_turns": {
    "name": "torsion_bar_turns",
    "feature_names": [],
    "coefficients": [
      0.09755555555555556
    ],
    "r_squared": 1.0,
    "rmse": 0.004139541335599367,
    "loo_rmse": 0.004139541335599367,
    "n_samples": 9,
    "is_calibrated": true
  },
  "torsion_bar_defl": {
    "name": "torsion_bar_defl_load",
    "feature_names": [
      "front_heave",
      "front_heave_perch"
    ],
    "coefficients": [
      1199933.8806700085,
      -3287.889675517091,
      10798.25999628004
    ],
    "r_squared": 0.8146679777068173,
    "rmse": 32029.280843940756,
    "loo_rmse": 58674.50686760141,
    "n_samples": 9,
    "is_calibrated": false
  },
  "front_shock_defl_static": {
    "name": "front_shock_defl_static",
    "feature_names": [
      "front_pushrod_sq",
      "front_camber",
      "rear_pushrod_x_rear_third_perch",
      "rear_pushrod_x_front_pushrod",
      "front_heave_x_front_heave_perch"
    ],
    "coefficients": [
      24.338901211378467,
      -0.009809617212049813,
      1.1836390653844275,
      -0.00047526631373352935,
      -0.000497459767859362,
      9.059244317240856e-05
    ],
    "r_squared": 0.9999843882297346,
    "rmse": 0.004457721161666906,
    "loo_rmse": 0.37712032030594345,
    "n_samples": 9,
    "is_calibrated": true
  },
  "front_shock_defl_max": null,
  "rear_shock_defl_static": {
    "name": "rear_shock_defl_static",
    "feature_names": [
      "front_heave_x_front_heave_perch",
      "rear_third_perch_x_rear_spring_perch",
      "rear_spring_x_rear_spring_perch",
      "rear_pushrod_x_front_pushrod",
      "rear_camber",
      "rear_third_perch_x_front_heave_perch"
    ],
    "coefficients": [
      46.04782360773034,
      -0.003655077542291366,
      0.014187350025907286,
      0.00033195113214997557,
      -1.487900782866741e-05,
      27.385148771596864,
      -0.0009356031860048659
    ],
    "r_squared": 0.9999999318156706,
    "rmse": 0.0005070805479920394,
    "loo_rmse": 0.005384558401695918,
    "n_samples": 9,
    "is_calibrated": true
  },
  "rear_shock_defl_max": null,
  "heave_spring_defl_static": {
    "name": "heave_spring_defl_static",
    "feature_names": [
      "rear_spring_x_front_heave_perch",
      "rear_spring_x_front_pushrod",
      "inv_rear_spring",
      "rear_third_sq",
      "rear_third_perch_x_rear_spring_perch"
    ],
    "coefficients": [
      15.943833814252876,
      -0.004469204765350038,
      0.003626674967509315,
      -496.0359731800084,
      -2.6448811021903352e-06,
      0.0004830900203983995
    ],
    "r_squared": 0.9999999171711177,
    "rmse": 0.001728404506975374,
    "loo_rmse": 0.020803886994510412,
    "n_samples": 9,
    "is_calibrated": true
  },
  "heave_spring_defl_max": {
    "name": "heave_spring_defl_max",
    "feature_names": [
      "front_heave",
      "inv_rear_third",
      "inv_rear_spring",
      "fuel",
      "rear_spring_perch_x_front_pushrod"
    ],
    "coefficients": [
      90.08869471130522,
      -0.31219627929920246,
      2026.9789848937996,
      1849.4564141753585,
      0.003290854652953759,
      -6.473655674423639e-05
    ],
    "r_squared": 0.9999999992286358,
    "rmse": 0.0002078704062876769,
    "loo_rmse": 0.02169072312937348,
    "n_samples": 9,
    "is_calibrated": true
  },
  "heave_slider_defl_static": {
    "name": "heave_slider_defl_static",
    "feature_names": [
      "rear_third_x_front_heave_perch",
      "rear_third_x_rear_spring",
      "front_heave_x_rear_pushrod",
      "rear_third_sq",
      "rear_third_x_front_pushrod",
      "inv_rear_third"
    ],
    "coefficients": [
      61.83431979443693,
      0.0009016704470024789,
      -7.250223111681813e-05,
      -2.5265961375910557e-05,
      4.7146353840707046e-05,
      0.0014833173418620244,
      -1062.4641365220568
    ],
    "r_squared": 0.9999997059956691,
    "rmse": 0.0017019282315576406,
    "loo_rmse": 0.08644747181867435,
    "n_samples": 9,
    "is_calibrated": true
  },
  "rear_spring_defl_static": {
    "name": "rear_spring_defl_static",
    "feature_names": [
      "rear_third_perch",
      "rear_camber",
      "rear_third_x_rear_spring_perch",
      "front_camber",
      "rear_spring_x_front_pushrod",
      "front_heave_x_front_pushrod"
    ],
    "coefficients": [
      357.161794081155,
      0.13069534715512127,
      226.0969049849758,
      0.001288017125783342,
      3.776039409951229,
      -0.013874961312457145,
      0.00029103476738543674
    ],
    "r_squared": 1.0,
    "rmse": 5.039614655752689e-12,
    "loo_rmse": 8.785362407299196,
    "n_samples": 9,
    "is_calibrated": true
  },
  "rear_spring_defl_max": {
    "name": "rear_spring_defl_max",
    "feature_names": [
      "rear_spring",
      "inv_rear_spring",
      "rear_spring_x_rear_pushrod"
    ],
    "coefficients": [
      80.68333198597863,
      -0.07990667921910592,
      1894.4110093090965,
      8.393960278397297e-06
    ],
    "r_squared": 0.9999999418913074,
    "rmse": 0.0011118879073327083,
    "loo_rmse": 0.030118998224660153,
    "n_samples": 9,
    "is_calibrated": true
  },
  "third_spring_defl_static": {
    "name": "third_spring_defl_static",
    "feature_names": [
      "rear_spring_perch_sq",
      "rear_spring_x_rear_third_perch",
      "rear_spring_sq",
      "rear_third_x_front_pushrod",
      "rear_spring_x_front_heave"
    ],
    "coefficients": [
      17.279367648453615,
      0.008521196655642844,
      -0.00290084019269866,
      0.00016796389625776828,
      0.00038837414414721525,
      5.187740557193512e-05
    ],
    "r_squared": 0.99999979968261,
    "rmse": 0.001934406587655013,
    "loo_rmse": 0.0423796468359136,
    "n_samples": 9,
    "is_calibrated": true
  },
  "third_spring_defl_max": {
    "name": "third_spring_defl_max",
    "feature_names": [
      "rear_third_x_front_pushrod",
      "rear_third_x_rear_spring",
      "rear_spring",
      "rear_third_x_front_heave_perch",
      "rear_third_x_rear_spring_perch"
    ],
    "coefficients": [
      58.72644892756419,
      0.0004160954492630809,
      -0.0003898566719280788,
      0.14815418210942546,
      -0.00017468562905190803,
      1.7269069312672498e-05
    ],
    "r_squared": 0.9999999739115452,
    "rmse": 0.0018902578590685565,
    "loo_rmse": 0.06696446808675166,
    "n_samples": 9,
    "is_calibrated": true
  },
  "third_slider_defl_static": {
    "name": "third_slider_defl_static",
    "feature_names": [
      "third_spring_defl"
    ],
    "coefficients": [
      17.54127408993575,
      0.39894123245301055
    ],
    "r_squared": 0.6857249733629773,
    "rmse": 1.1672860993383387,
    "loo_rmse": 1.3927560536699453,
    "n_samples": 9,
    "is_calibrated": false
  },
  "torsion_bar_defl_direct": {
    "name": "torsion_bar_defl_direct",