{
  "car": "bmw",
  "n_sessions": 12,
  "n_unique_setups": 9,
  "calibration_complete": true,
  "front_ride_height": {
    "name": "front_ride_height",
    "feature_names": [],
    "coefficients": [
      30.011111111111113
    ],
    "r_squared": 1.0,
    "rmse": 0.03142696805273589,
    "loo_rmse": 0.03142696805273589,
    "n_samples": 9,
    "is_calibrated": true
  },
  "rear_ride_height": {
    "name": "rear_ride_height",
    "feature_names": [
      "rear_third_x_front_heave_perch",
      "rear_third_perch_sq",
      "rear_third_perch",
      "rear_third_x_rear_spring"
    ],
    "coefficients": [
      -133.1776407575336,
      0.0001773848616964278,
      -0.12007739801593606,
      9.44036776699439,
      -2.072847580381679e-05
    ],
    "r_squared": 0.9053075991940135,
    "rmse": 0.39481648688276333,
    "loo_rmse": 0.9924693685451003,
    "n_samples": 9,
    "is_calibrated": true
  },
  "torsion_bar_turns": {
    "name": "torsion_bar_turns",
    "feature_names": [],
    "coefficients": [
      0.09755555555555556
    ],
    "r_squared": 1.0,
    "rmse": 0.004139541335599367,
    "loo_rmse": 0.004139541335599367,
    "n_samples": 9,
    "is_calibrated": true
  },
  "torsion_bar_defl": {
    "name": "torsion_bar_defl_load",
    "feature_names": [
      "front_heave",
      "front_heave_perch"
    ],
    "coefficients": [
      1199933.8806700085,
      -3287.889675517091,
      10798.25999628004
    ],
    "r_squared": 0.8146679777068173,
    "rmse": 32029.280843940756,
    "loo_rmse": 58674.50686760141,
    "n_samples": 9,
    "is_calibrated": false
  },
  "front_shock_defl_static": {
    "name": "front_shock_defl_static",
    "feature_names": [
      "front_pushrod_sq",
      "rear_third_x_front_heave_perch",
      "rear_third_sq",
      "rear_camber",
      "rear_third_x_rear_pushrod"
    ],
    "coefficients": [
      16.565551120331396,
      -0.0037039282353939626,
      0.0002831710278609799,
      3.1157993367162786e-06,
      -1.1841960862464136,
      1.440082995770168e-05
    ],
    "r_squared": 0.9999346532078709,
    "rmse": 0.00912008654693868,
    "loo_rmse": 0.03989512644573502,
    "n_samples": 9,
    "is_calibrated": true
  },
  "front_shock_defl_max": null,
  "rear_shock_defl_static": {
    "name": "rear_shock_defl_static",
    "feature_names": [
      "front_heave_x_front_heave_perch",
      "rear_third_perch_x_rear_spring_perch",
      "rear_spring_x_rear_spring_perch",
      "rear_pushrod_x_front_pushrod",
      "rear_camber",
      "rear_third_perch_x_front_heave_perch"
    ],
    "coefficients": [
      46.04782360773034,
      -0.003655077542291366,
      0.014187350025907286,
      0.00033195113214997557,
      -1.487900782866741e-05,
      27.385148771596864,
      -0.0009356031860048659
    ],
    "r_squared": 0.9999999318156706,
    "rmse": 0.0005070805479920394,
    "loo_rmse": 0.005384558401695918,
    "n_samples": 9,
    "is_calibrated": true
  },
  "rear_shock_defl_max": null,
  "heave_spring_defl_static": {
    "name": "heave_spring_defl_static",
    "feature_names": [
      "rear_spring_x_front_heave_perch",
      "rear_spring_x_front_pushrod",
      "rear_spring_x_rear_spring_perch",
      "rear_third_x_front_pushrod",
      "rear_third_perch_x_front_pushrod",
      "inv_rear_spring",
      "inv_od4"
    ],
    "coefficients": [
      17.01859190126493,
      -0.004599247031713951,
      0.004116301229116501,
      0.00010805191445685354,
      0.00024092247465529415,
      0.00012970430063767276,
      -30.223692957458894,
      0.23832591437204406
    ],
    "r_squared": 1.0,
    "rmse": 1.4278540485420277e-14,
    "loo_rmse": 0.017388818188248067,
    "n_samples": 9,
    "is_calibrated": true
  },
  "heave_spring_defl_max": {
    "name": "heave_spring_defl_max",
    "feature_names": [
      "rear_third_x_front_heave",
      "rear_spring_x_rear_pushrod",
      "rear_spring_perch_x_front_heave_perch"
    ],
    "coefficients": [
      90.65029718879485,
      -0.0004433518651586342,
      -0.0020145431568159926,
      -0.00408403112098388
    ],
    "r_squared": 0.9891185008481702,
    "rmse": 0.7807415714410758,
    "loo_rmse": 1.05034564888631,
    "n_samples": 9,
    "is_calibrated": true
  },
  "heave_slider_defl_static": {
    "name": "heave_slider_defl_static",
    "feature_names": [
      "front_pushrod_sq",
      "rear_third_x_front_heave_perch",
      "rear_third_x_front_heave",
      "front_heave",
      "rear_third_perch_x_rear_spring_perch"
    ],
    "coefficients": [
      51.28702459262973,
      -0.009659663713781484,
      0.0007577445584165124,
      0.00015158904501983924,
      -0.05834858172557945,
      0.0006824027785664488
    ],
    "r_squared": 0.9999999975725281,
    "rmse": 0.00015464699408793768,
    "loo_rmse": 0.002353968919290123,
    "n_samples": 9,
    "is_calibrated": true
  },
  "rear_spring_defl_static": {
    "name": "rear_spring_defl_static",
    "feature_names": [
      "rear_spring_perch",
      "front_heave_x_front_heave_perch",
      "inv_rear_spring",
      "rear_third_perch_sq",
      "rear_spring_x_rear_spring_perch",
      "inv_od4",
      "rear_pushrod_x_front_heave_perch"
    ],
    "coefficients": [
      27.75284628419695,
      -0.3081329649268526,
      -0.003427054218933205,
      -1407.7198807788373,
      0.006472519840482879,
      -0.001391813579475075,
      6579.958654337975,
      -1.0234540724709797e-12
    ],
    "r_squared": 1.0,
    "rmse": 3.128158935880254e-11,
    "loo_rmse": 0.4585821114863716,
    "n_samples": 9,
    "is_calibrated": true
  },
  "rear_spring_defl_max": {
    "name": "rear_spring_defl_max",
    "feature_names": [
      "rear_spring",
      "inv_rear_spring",
      "rear_spring_x_rear_pushrod",
      "inv_rear_third"
    ],
    "coefficients": [
      80.76977948777065,
      -0.0802336268772284,
      1887.4943928885764,
      7.885264695053299e-06,
      3.028434338633915
    ],
    "r_squared": 0.999999973675426,
    "rmse": 0.0007483782032705738,
    "loo_rmse": 0.00245475696045471,
    "n_samples": 9,
    "is_calibrated": true
  },
  "third_spring_defl_static": {
    "name": "third_spring_defl_static",
    "feature_names": [
      "rear_spring_perch_sq",
      "inv_front_heave",
      "rear_third_perch_x_rear_spring_perch",
      "front_heave_x_front_heave_perch",
      "rear_pushrod_x_rear_spring_perch"
    ],
    "coefficients": [
      4.498328921807841,
      0.013944691122133271,
      -23.643253041150324,
      -0.01016551852331846,
      -0.002511383482726656,
      -0.0007122001862447366
    ],
    "r_squared": 0.9999700035983352,
    "rmse": 0.02367134941438129,
    "loo_rmse": 0.04546256677564696,
    "n_samples": 9,
    "is_calibrated": true
  },
  "third_spring_defl_max": {
    "name": "third_spring_defl_max",
    "feature_names": [
      "rear_third_x_front_pushrod",
      "rear_third_x_rear_spring",
      "inv_front_heave",
      "rear_pushrod_x_rear_spring_perch",
      "rear_pushrod_x_front_pushrod"
    ],
    "coefficients": [
      92.22515992257543,
      0.0020881011776382225,
      -0.00020698801027106172,
      143.70083146971555,
      0.005795671435038976,
      -0.0026907646391076045
    ],
    "r_squared": 0.9998616854123106,
    "rmse": 0.1376356274005671,
    "loo_rmse": 0.4687070166200257,
    "n_samples": 9,
    "is_calibrated": true
  },
  "third_slider_defl_static": {
    "name": "third_slider_defl_static",
    "feature_names": [
      "third_spring_defl"
    ],
    "coefficients": [
      17.54127408993575,
      0.39894123245301055
    ],
    "r_squared": 0.6857249733629773,
    "rmse": 1.1672860993383387,
    "loo_rmse": 1.3927560536699453,
    "n_samples": 9,
    "is_calibrated": false
  },
  "torsion_bar_defl_direct": {
    "name": "torsion_bar_defl_direct",
    "feature_names": [
      "inv_od4",
      "inv_rear_spring",
      "rear_third_x_front_heave",
      "rear_spring_x_front_heave"
    ],