{
  "car": "bmw",
  "n_sessions": 12,
  "n_unique_setups": 9,
  "calibration_complete": true,
  "front_ride_height": {
    "name": "front_ride_height",
    "feature_names": [],
    "coefficients": [
      30.011111111111113
    ],
    "r_squared": 1.0,
    "rmse": 0.03142696805273589,
    "loo_rmse": 0.03142696805273589,
    "n_samples": 9,
    "is_calibrated": true
  },
  "rear_ride_height": {
    "name": "rear_ride_height",
    "feature_names": [
      "rear_third_perch_x_front_pushrod",
      "rear_third_x_front_heave_perch",
      "rear_third_perch_sq",
      "rear_third_perch",
      "front_pushrod",
      "rear_pushrod_x_rear_spring_perch",
      "inv_front_heave"
    ],
    "coefficients": [
      14.653461194680883,
      -0.13610843642822426,
      -0.0002500000000000626,
      -0.12692634548648482,
      6.541016020629627,
      6.060436768648881,
      0.013333333333331093,
      47.142942469594466
    ],
    "r_squared": 1.0,
    "rmse": 1.1093976987913236e-13,
    "loo_rmse": 0.05448711732227886,
    "n_samples": 9,
    "is_calibrated": true
  },
  "torsion_bar_turns": {
    "name": "torsion_bar_turns",
    "feature_names": [],
    "coefficients": [
      0.09755555555555556
    ],
    "r_squared": 1.0,
    "rmse": 0.004139541335599367,
    "loo_rmse": 0.004139541335599367,
    "n_samples": 9,
    "is_calibrated": true
  },
  "torsion_bar_defl": {
    "name": "torsion_bar_defl_load",
    "feature_names": [
      "front_heave",
      "front_heave_perch"
    ],
    "coefficients": [
      1199933.8806700085,
      -3287.889675517091,
      10798.25999628004
    ],
    "r_squared": 0.8146679777068173,
    "rmse": 32029.280843940756,
    "loo_rmse": 58674.50686760141,
    "n_samples": 9,
    "is_calibrated": false
  },
  "front_shock_defl_static": {
    "name": "front_shock_defl_static",
    "feature_names": [
      "front_pushrod",
      "front_camber",
      "fuel"
    ],
    "coefficients": [
      32.48329273258098,
      0.5477063622429692,
      1.2953483246036217,
      -0.0024973541826346923
    ],
    "r_squared": 0.9999274584291138,
    "rmse": 0.009609046636572279,
    "loo_rmse": 0.6409896659880271,
    "n_samples": 9,
    "is_calibrated": true
  },
  "front_shock_defl_max": null,
  "rear_shock_defl_static": {
    "name": "rear_shock_defl_static",
    "feature_names": [
      "front_heave_x_front_heave_perch",
      "rear_third_perch_x_rear_spring_perch",
      "rear_spring_x_rear_spring_perch",
      "rear_pushrod_x_front_pushrod",
      "rear_camber",
      "rear_third_perch_x_front_heave_perch"
    ],
    "coefficients": [
      46.04782360773034,
      -0.003655077542291366,
      0.014187350025907286,
      0.00033195113214997557,
      -1.487900782866741e-05,
      27.385148771596864,
      -0.0009356031860048659
    ],
    "r_squared": 0.9999999318156706,
    "rmse": 0.0005070805479920394,
    "loo_rmse": 0.005384558401695918,
    "n_samples": 9,
    "is_calibrated": true
  },
  "rear_shock_defl_max": null,
  "heave_spring_defl_static": {
    "name": "heave_spring_defl_static",
    "feature_names": [
      "rear_spring_x_front_heave_perch",
      "rear_spring_x_front_pushrod",
      "inv_rear_spring",
      "rear_third_sq",
      "rear_third_perch_x_rear_spring_perch"
    ],
    "coefficients": [
      15.943833814252876,
      -0.004469204765350038,
      0.003626674967509315,
      -496.0359731800084,
      -2.6448811021903352e-06,
      0.0004830900203983995
    ],
    "r_squared": 0.9999999171711177,
    "rmse": 0.001728404506975374,
    "loo_rmse": 0.020803886994510412,
    "n_samples": 9,
    "is_calibrated": true
  },
  "heave_spring_defl_max": {
    "name": "heave_spring_defl_max",
    "feature_names": [
      "front_heave",
      "inv_rear_third",
      "inv_rear_spring",
      "fuel"
    ],
    "coefficients": [
      89.77231365434855,
      -0.3137360507776631,
      2040.5284802609292,
      1908.7749018984723,
      0.003913760791330096
    ],
    "r_squared": 0.9999986255716418,
    "rmse": 0.008774532599799895,
    "loo_rmse": 0.08646860313320949,
    "n_samples": 9,
    "is_calibrated": true
  },
  "heave_slider_defl_static": {
    "name": "heave_slider_defl_static",
    "feature_names": [
      "rear_third_x_front_heave_perch",
      "rear_third_x_rear_spring",
      "front_arb_blade",
      "rear_third_perch_x_front_heave_perch",
      "inv_front_heave"
    ],
    "coefficients": [
      36.180388424277865,
      0.0015312663840487276,
      0.0001462903620970034,
      1.7177646140325964,
      -0.006057120130956394,
      -28.679506402430878
    ],
    "r_squared": 0.9999986721632811,
    "rmse": 0.003616901781778186,
    "loo_rmse": 11.487593546166227,
    "n_samples": 9,
    "is_calibrated": true
  },
  "rear_spring_defl_static": {
    "name": "rear_spring_defl_static",
    "feature_names": [
      "rear_third_perch",
      "rear_camber",
      "rear_third_x_rear_spring_perch",
      "front_camber",
      "rear_spring_x_front_pushrod",
      "front_heave_x_front_pushrod"
    ],
    "coefficients": [
      357.161794081155,
      0.13069534715512127,
      226.0969049849758,
      0.001288017125783342,
      3.776039409951229,
      -0.013874961312457145,
      0.00029103476738543674
    ],
    "r_squared": 1.0,
    "rmse": 5.039614655752689e-12,
    "loo_rmse": 8.785362407299196,
    "n_samples": 9,
    "is_calibrated": true
  },
  "rear_spring_defl_max": {
    "name": "rear_spring_defl_max",
    "feature_names": [
      "rear_spring",
      "inv_rear_spring"
    ],
    "coefficients": [
      81.06099395474472,
      -0.08105582939588124,
      1857.8878892205823
    ],
    "r_squared": 0.9999978703593226,
    "rmse": 0.006731217463806581,
    "loo_rmse": 0.18904555732216,
    "n_samples": 9,
    "is_calibrated": true
  },
  "third_spring_defl_static": {
    "name": "third_spring_defl_static",
    "feature_names": [
      "rear_spring_perch_sq",
      "rear_spring_x_rear_third_perch",
      "rear_spring_sq",
      "rear_third_x_front_pushrod",
      "rear_spring_x_front_heave"
    ],
    "coefficients": [
      17.279367648453615,
      0.008521196655642844,
      -0.00290084019269866,
      0.00016796389625776828,
      0.00038837414414721525,
      5.187740557193512e-05
    ],
    "r_squared": 0.99999979968261,
    "rmse": 0.001934406587655013,
    "loo_rmse": 0.0423796468359136,
    "n_samples": 9,
    "is_calibrated": true
  },
  "third_spring_defl_max": {
    "name": "third_spring_defl_max",
    "feature_names": [
      "rear_third_x_front_pushrod",
      "rear_third_x_rear_spring",
      "rear_spring",
      "rear_third_x_front_heave_perch",
      "rear_third_x_rear_spring_perch"
    ],
    "coefficients": [
      58.72644892756419,
      0.0004160954492630809,
      -0.0003898566719280788,
      0.14815418210942546,
      -0.00017468562905190803,
      1.7269069312672498e-05
    ],
    "r_squared": 0.9999999739115452,
    "rmse": 0.0018902578590685565,
    "loo_rmse": 0.06696446808675166,
    "n_samples": 9,
    "is_calibrated": true
  },
  "third_slider_defl_static": {
    "name": "third_slider_defl_static",
    "feature_names": [
      "third_spring_defl"
    ],
    "coefficients": [
      17.54127408993575,
      0.39894123245301055
    ],
    "r_squared": 0.6857249733629773,
    "rmse": 1.1672860993383387,
    "loo_rmse": 1.3927560536699453,
    "n_samples": 9,
    "is_calibrated": false
  },
  "torsion_bar_defl_direct": {
    "name": "torsion_bar_defl_direct",
    "feature_names": [
      "front_pushrod_sq",
      "torsion_od",
      "rear_spring",
      "rear_third_perch_x_rear_spring_perch",
      "rear_third_x_front_pushrod"
    ],
    "coefficients": [
      99.00122978126309,
      -0.015358230533541515,
      -4.874314360225418,
      0.010394805371490446,
      -0.0006276938585587347,
      -5.62021285523425e-05
    ],
    "r_squared": 0.9999999928416632,
    "rmse": 0.00032631381010055793,
    "loo_rmse": 0.017988667854819677,
    "n_samples": 9,
    "is_calibrated": true
  },