{
  "car": "bmw",
  "track": "sebring",
  "n_sessions": 26,
  "n_unique_setups": 23,
  "calibration_complete": true,
  "front_ride_height": {
    "name": "front_ride_height",
    "feature_names": [],
    "coefficients": [
      30.07826086956522
    ],
    "r_squared": 1.0,
    "rmse": 0.08317881073786518,
    "loo_rmse": 0.08317881073786518,
    "n_samples": 23,
    "is_calibrated": true,
    "q_squared": null
  },
  "rear_ride_height": {
    "name": "rear_ride_height",
    "feature_names": [
      "inv_rear_third",
      "inv_rear_spring",
      "rear_pushrod",
      "rear_third_perch",
      "rear_pushrod_sq",
      "fuel",
      "rear_spring_perch"
    ],
    "coefficients": [
      121.98992178369406,
      -2032.3329068016421,
      -1320.5212727038622,
      0.3189699917068509,
      -0.7443818133530158,
      -0.0012711578342532448,
      -0.0119939031756644,
      -0.6305134366074867
    ],
    "r_squared": 0.9940380202317086,
    "rmse": 0.05201484561924594,
    "loo_rmse": 0.1147576733370549,
    "n_samples": 23,
    "is_calibrated": true,
    "q_squared": 0.9709798709532225
  },
  "torsion_bar_turns": {
    "name": "torsion_bar_turns",
    "feature_names": [],
    "coefficients": [
      0.09904347826086957
    ],
    "r_squared": 1.0,
    "rmse": 0.0035689270202141116,
    "loo_rmse": 0.0035689270202141116,
    "n_samples": 23,
    "is_calibrated": true,
    "q_squared": null
  },
  "torsion_bar_defl": {
    "name": "torsion_bar_defl_load",
    "feature_names": [
      "front_heave",
      "front_heave_perch"
    ],
    "coefficients": [
      1282307.1339978734,
      -3419.490511951425,
      15924.262517593734
    ],
    "r_squared": 0.9416210858508478,
    "rmse": 23762.653773432117,
    "loo_rmse": 26889.02470615961,
    "n_samples": 23,
    "is_calibrated": true,
    "q_squared": 0.9252491332772876
  },
  "front_shock_defl_static": null,
  "front_shock_defl_max": null,
  "rear_shock_defl_static": {
    "name": "rear_shock_defl_static",
    "feature_names": [
      "rear_pushrod",
      "inv_front_heave",
      "inv_rear_spring",
      "rear_third_perch",
      "rear_pushrod_sq",
      "fuel_x_inv_third",
      "torsion_od"
    ],
    "coefficients": [
      9.171494249022455,
      0.32557175077111916,
      14.555017132819872,
      712.8894989489058,
      0.29403217567136736,
      0.0037774792913862765,
      1.0905174577048764,
      -0.11811154721308235
    ],
    "r_squared": 0.9987264557162934,
    "rmse": 0.05207408584325925,
    "loo_rmse": 0.0856432155389941,
    "n_samples": 23,
    "is_calibrated": true,
    "q_squared": 0.9965552582302623
  },
  "rear_shock_defl_max": null,
  "heave_spring_defl_static": {
    "name": "heave_spring_defl_static",
    "feature_names": [
      "front_heave_perch",
      "torsion_od",
      "torsion_turns",
      "front_pushrod_sq",
      "front_camber",
      "rear_pushrod",
      "front_heave"
    ],
    "coefficients": [
      67.58297285161301,
      -0.8355114683634233,
      -1.7821816135731303,
      -219.80536735221133,
      -0.022648105637784965,
      3.5008945576181953,
      -0.04446217608128612,
      -0.026808306990228306
    ],
    "r_squared": 0.9998669759266282,
    "rmse": 0.0853056004704744,
    "loo_rmse": 0.1528133121713284,
    "n_samples": 23,
    "is_calibrated": true,
    "q_squared": 0.9995731281348462
  },
  "heave_spring_defl_max": {
    "name": "heave_spring_defl_max",
    "feature_names": [
      "front_heave",
      "inv_front_heave",
      "inv_rear_third",
      "front_pushrod",
      "rear_spring_perch",
      "rear_camber",
      "rear_spring"
    ],
    "coefficients": [
      94.7991755927737,
      -0.19868973053540998,
      260.10770522404005,
      358.46693684273674,
      0.02132618150368251,
      0.028596008995724256,
      0.48613383988315506,
      -0.0009368681856746497
    ],
    "r_squared": 0.9999729738077161,
    "rmse": 0.021381385004025418,
    "loo_rmse": 0.07795049897748095,
    "n_samples": 23,
    "is_calibrated": true,
    "q_squared": 0.9996407878697218
  },
  "heave_slider_defl_static": {
    "name": "heave_slider_defl_static",
    "feature_names": [
      "inv_od4",
      "front_heave",
      "front_pushrod_sq",
      "front_camber",
      "inv_front_heave",
      "front_pushrod",
      "torsion_od"
    ],
    "coefficients": [
      60.91513903172164,
      0.007684795399594272,
      -0.005067348326616593,
      -0.05971980241214288,
      2.6775549210227143,
      -47.97039988302374,
      -1.9974933933453034,
      -1.5940728278672316
    ],
    "r_squared": 0.9749532830780148,
    "rmse": 0.16020913342772897,
    "loo_rmse": 0.21048238162779567,
    "n_samples": 23,
    "is_calibrated": true,
    "q_squared": 0.9567677575278546
  },
  "rear_spring_defl_static": {
    "name": "rear_spring_defl_static",
    "feature_names": [
      "rear_third_perch",
      "rear_third",
      "fuel_x_inv_spring",
      "fuel",
      "rear_spring_perch",
      "inv_rear_spring",
      "torsion_turns"
    ],
    "coefficients": [
      7.7747413738591575,
      0.5653818609647981,
      -0.008988399187855878,
      2.4349223487899225,
      -0.009569014691603761,
      -0.48946133623858107,
      734.2167814354159,
      -10.14068625689235
    ],
    "r_squared": 0.9997189939149125,
    "rmse": 0.025239004123385096,
    "loo_rmse": 0.03832906110395079,
    "n_samples": 23,
    "is_calibrated": true,
    "q_squared": 0.9993519214351612
  },
  "rear_spring_defl_max": {
    "name": "rear_spring_defl_max",
    "feature_names": [
      "rear_spring",
      "inv_rear_spring",
      "rear_camber",
      "rear_spring_perch",
      "front_heave",
      "inv_front_heave",
      "front_pushrod_sq"
    ],
    "coefficients": [
      83.40010629330772,
      -0.08879895117207577,
      1670.1535038254658,
      -0.21360304952282955,
      -0.0005321698225880262,
      -0.004225847516972338,
      -7.662981466618097,
      0.0001336705199181526
    ],
    "r_squared": 0.9999741371009487,
    "rmse": 0.007348946411379482,
    "loo_rmse": 0.030389897050388744,
    "n_samples": 23,
    "is_calibrated": true,
    "q_squared": 0.9995577320163617
  },
  "third_spring_defl_static": {
    "name": "third_spring_defl_static",
    "feature_names": [
      "rear_third_perch",
      "inv_rear_spring",
      "fuel",
      "rear_spring_perch",
      "rear_third",
      "torsion_od",
      "fuel_x_inv_third"
    ],
    "coefficients": [
      0.7312210965109663,
      -0.401282789319136,
      981.0093132458156,
      -0.006323846806135638,
      0.5514492035690245,
      -0.00739932901928958,
      0.15553353773572778,
      5.962268130015716
    ],
    "r_squared": 0.9993999701493383,
    "rmse": 0.03100074064206457,
    "loo_rmse": 0.04675473515939833,
    "n_samples": 23,
    "is_calibrated": true,
    "q_squared": 0.9986351657274483
  },
  "third_spring_defl_max": {
    "name": "third_spring_defl_max",
    "feature_names": [
      "rear_third",
      "inv_rear_third",
      "front_pushrod_sq",
      "front_camber",
      "torsion_turns",
      "front_pushrod",
      "rear_spring_perch"
    ],
    "coefficients": [
      55.999355854435436,
      -0.04329453680434732,
      5570.0256805024355,
      -0.0023966031148324775,
      -0.03654683780381563,
      1.9563542081265615,
      -0.11878448022190083,
      0.0045413115736552025
    ],
    "r_squared": 0.9999873509013661,
    "rmse": 0.007823722782122186,
    "loo_rmse": 0.010875140242298662,
    "n_samples": 23,
    "is_calibrated": true,
    "q_squared": 0.9999755599323301
  },
  "third_slider_defl_static": {
    "name": "third_slider_defl_static",
    "feature_names": [
      "third_spring_defl"
    ],
    "coefficients": [
      25.058600462656976,
      -0.7039821546596174
    ],
    "r_squared": 0.3273392442896068,
    "rmse": 1.2771629151868231,
    "loo_rmse": 1.4656392756975811,
    "n_samples": 23,
    "is_calibrated": false,
    "q_squared": 0.11415511674549261
  },