{
  "car": "bmw",
  "track": "",
  "n_sessions": 25,
  "n_unique_setups": 22,
  "calibration_complete": true,
  "front_ride_height": {
    "name": "front_ride_height",
    "feature_names": [],
    "coefficients": [
      30.081818181818186
    ],
    "r_squared": 1.0,
    "rmse": 0.08331955809010615,
    "loo_rmse": 0.08331955809010615,
    "n_samples": 22,
    "is_calibrated": true,
    "q_squared": null
  },
  "rear_ride_height": {
    "name": "rear_ride_height",
    "feature_names": [
      "inv_rear_third",
      "inv_rear_spring",
      "rear_pushrod",
      "rear_third_perch",
      "rear_pushrod_sq",
      "fuel",
      "rear_spring_perch"
    ],
    "coefficients": [
      123.72499890268523,
      -2072.6303870238016,
      -1335.6575197846478,
      0.33795712764012364,
      -0.7556593807129559,
      -0.001024992307065986,
      -0.01227953273846083,
      -0.6552701038529847
    ],
    "r_squared": 0.9940874060598264,
    "rmse": 0.052957065699794255,
    "loo_rmse": 0.12562898680530943,
    "n_samples": 22,
    "is_calibrated": true,
    "q_squared": 0.9667256223127906
  },
  "torsion_bar_turns": {
    "name": "torsion_bar_turns",
    "feature_names": [],
    "coefficients": [
      0.09890909090909092
    ],
    "r_squared": 1.0,
    "rmse": 0.0035917720482069857,
    "loo_rmse": 0.0035917720482069857,
    "n_samples": 22,
    "is_calibrated": true,
    "q_squared": null
  },
  "torsion_bar_defl": {
    "name": "torsion_bar_defl_load",
    "feature_names": [
      "front_heave",
      "front_heave_perch"
    ],
    "coefficients": [
      1285772.083468005,
      -3437.559664809679,
      16018.396473035758
    ],
    "r_squared": 0.9458692967543034,
    "rmse": 23390.378583357466,
    "loo_rmse": 26564.293504276404,
    "n_samples": 22,
    "is_calibrated": true,
    "q_squared": 0.9301822727676682
  },
  "front_shock_defl_static": null,
  "front_shock_defl_max": null,
  "rear_shock_defl_static": {
    "name": "rear_shock_defl_static",
    "feature_names": [
      "rear_pushrod",
      "inv_front_heave",
      "inv_rear_spring",
      "rear_third_perch",
      "rear_pushrod_sq",
      "fuel_x_inv_third",
      "front_camber"
    ],
    "coefficients": [
      8.007859536426345,
      0.33331971969130714,
      19.054995417799915,
      714.5527068851932,
      0.2878088427775963,
      0.0038631327127037207,
      0.8211280795913034,
      0.08151853402353225
    ],
    "r_squared": 0.9989663786250277,
    "rmse": 0.047070630951600474,
    "loo_rmse": 0.06946604409734299,
    "n_samples": 22,
    "is_calibrated": true,
    "q_squared": 0.9977488388892939
  },
  "rear_shock_defl_max": null,
  "heave_spring_defl_static": {
    "name": "heave_spring_defl_static",
    "feature_names": [
      "front_heave_perch",
      "torsion_od",
      "torsion_turns",
      "front_pushrod_sq",
      "front_camber",
      "rear_third_perch",
      "rear_spring_perch"
    ],
    "coefficients": [
      49.33601702153146,
      -0.9180952566572971,
      -1.4976085243679718,
      -35.19371049899093,
      -0.02114773081233068,
      2.697379805335377,
      -0.14125421890681283,
      -0.07880769582457728
    ],
    "r_squared": 0.9998899369802214,
    "rmse": 0.07926759906341198,
    "loo_rmse": 0.11524555996241446,
    "n_samples": 22,
    "is_calibrated": true,
    "q_squared": 0.9997673524833749
  },
  "heave_spring_defl_max": {
    "name": "heave_spring_defl_max",
    "feature_names": [
      "front_heave",
      "inv_front_heave",
      "inv_rear_third",
      "rear_spring_perch",
      "fuel_x_inv_spring",
      "fuel",
      "rear_spring"
    ],
    "coefficients": [
      92.93768924851413,
      -0.20377640574670314,
      249.3002963694365,
      376.64674684172303,
      0.01352532047606312,
      2.761354459796498,
      -0.018071976050864934,
      0.007843833439726972
    ],
    "r_squared": 0.9999707991932411,
    "rmse": 0.02266527276659337,
    "loo_rmse": 0.07917834438274034,
    "n_samples": 22,
    "is_calibrated": true,
    "q_squared": 0.999643642598724
  },
  "heave_slider_defl_static": {
    "name": "heave_slider_defl_static",
    "feature_names": [
      "inv_od4",
      "front_heave",
      "front_pushrod_sq",
      "front_camber",
      "inv_front_heave",
      "rear_third_perch",
      "front_heave_perch"
    ],
    "coefficients": [
      64.70048866505314,
      185951.29012180626,
      0.017373700480675325,
      -0.021146986167877913,
      2.7192140861181997,
      53.99525927296246,
      -0.17250603430875344,
      0.09284471322371246
    ],
    "r_squared": 0.9922134958275795,
    "rmse": 0.08524781164353709,
    "loo_rmse": 0.1629041716505292,
    "n_samples": 22,
    "is_calibrated": true,
    "q_squared": 0.9715658366591822
  },
  "rear_spring_defl_static": {
    "name": "rear_spring_defl_static",
    "feature_names": [
      "rear_third_perch",
      "rear_third",
      "fuel_x_inv_spring",
      "fuel",
      "rear_spring_perch",
      "inv_rear_spring",
      "front_pushrod_sq"
    ],
    "coefficients": [
      7.09765100201478,
      0.5545468441647754,
      -0.009093643042755617,
      1.4359953290420637,
      -0.002974949520411503,
      -0.49691413591084266,
      834.128860038296,
      -0.0004038663852488633
    ],
    "r_squared": 0.9998481125096208,
    "rmse": 0.018544785072118646,
    "loo_rmse": 0.031956996279596424,
    "n_samples": 22,
    "is_calibrated": true,
    "q_squared": 0.9995489649400692
  },
  "rear_spring_defl_max": {
    "name": "rear_spring_defl_max",
    "feature_names": [
      "rear_spring",
      "inv_rear_spring",
      "rear_camber",
      "front_pushrod_sq",
      "torsion_turns",
      "fuel",
      "fuel_x_inv_spring"
    ],
    "coefficients": [
      83.11287487327046,
      -0.09210807748663592,
      1643.1389277246296,
      -0.2930568261565654,
      0.00019480727036019774,
      3.9528528779310985,
      0.006157459765080916,
      -0.9214023365333582
    ],
    "r_squared": 0.999974251599643,
    "rmse": 0.006937796258429085,
    "loo_rmse": 0.03314514122689674,
    "n_samples": 22,
    "is_calibrated": true,
    "q_squared": 0.9994123118723165
  },
  "third_spring_defl_static": {
    "name": "third_spring_defl_static",
    "feature_names": [
      "rear_third_perch",
      "rear_pushrod",
      "rear_pushrod_sq",
      "rear_third",
      "rear_spring",
      "fuel",
      "rear_spring_perch"
    ],
    "coefficients": [
      31.334611953518333,
      -0.5341490279662127,
      0.20934551720823982,
      0.0026730338779555884,
      -0.007570915050382987,
      -0.03305354857947551,
      0.004841821026283916,
      0.29727770316739505
    ],
    "r_squared": 0.9992611189382374,
    "rmse": 0.03512670742797457,
    "loo_rmse": 0.06873899060826628,
    "n_samples": 22,
    "is_calibrated": true,
    "q_squared": 0.9971705244248139
  },
  "third_spring_defl_max": {
    "name": "third_spring_defl_max",
    "feature_names": [
      "rear_third",
      "inv_rear_third",
      "front_pushrod",
      "front_camber",
      "rear_camber",
      "rear_spring_perch",
      "inv_od4"
    ],
    "coefficients": [
      59.61127761188477,
      -0.04519266038369072,
      5235.618155199048,
      0.009120062011338552,
      -0.0501571966753724,
      0.17280284355723138,
      0.007439318504838307,
      2833.190961607929
    ],
    "r_squared": 0.9999881008070562,
    "rmse": 0.0075803881477356306,
    "loo_rmse": 0.00987503963893199,
    "n_samples": 22,
    "is_calibrated": true,
    "q_squared": 0.9999798064667437
  },
  "third_slider_defl_static": {
    "name": "third_slider_defl_static",
    "feature_names": [
      "third_spring_defl"
    ],
    "coefficients": [
      25.2236993504485,
      -0.7183420971234142
    ],
    "r_squared": 0.35320919850089283,
    "rmse": 1.2561670830414364,
    "loo_rmse": 1.4562038583572412,
    "n_samples": 22,
    "is_calibrated": false,
    "q_squared": 0.13081270010692292
  },