{
  "car": "bmw",
  "n_sessions": 12,
  "n_unique_setups": 9,
  "calibration_complete": true,
  "front_ride_height": {
    "name": "front_ride_height",
    "feature_names": [],
    "coefficients": [
      30.011111111111113
    ],
    "r_squared": 1.0,
    "rmse": 0.03142696805273589,
    "loo_rmse": 0.03142696805273589,
    "n_samples": 9,
    "is_calibrated": true
  },
  "rear_ride_height": {
    "name": "rear_ride_height",
    "feature_names": [
      "fuel",
      "rear_spring_perch",
      "front_heave_perch",
      "inv_rear_third",
      "rear_third",
      "rear_pushrod",
      "torsion_od"
    ],
    "coefficients": [
      188.86358623302837,
      0.09461381001079783,
      -1.0051845402940829,
      -0.7615493429375434,
      -365.6079326508677,
      0.000967052693286308,
      0.39999999999990654,
      -8.191862171508427
    ],
    "r_squared": 1.0,
    "rmse": 7.85216701939293e-13,
    "loo_rmse": 3.2696006725806,
    "n_samples": 9,
    "is_calibrated": true
  },
  "torsion_bar_turns": {
    "name": "torsion_bar_turns",
    "feature_names": [],
    "coefficients": [
      0.09755555555555556
    ],
    "r_squared": 1.0,
    "rmse": 0.004139541335599367,
    "loo_rmse": 0.004139541335599367,
    "n_samples": 9,
    "is_calibrated": true
  },
  "torsion_bar_defl": {
    "name": "torsion_bar_defl_load",
    "feature_names": [
      "front_heave",
      "front_heave_perch"
    ],
    "coefficients": [
      1199933.8806700085,
      -3287.889675517091,
      10798.25999628004
    ],
    "r_squared": 0.8146679777068173,
    "rmse": 32029.280843940756,
    "loo_rmse": 58674.50686760141,
    "n_samples": 9,
    "is_calibrated": false
  },
  "front_shock_defl_static": {
    "name": "front_shock_defl_static",
    "feature_names": [
      "front_pushrod",
      "front_camber",
      "fuel"
    ],
    "coefficients": [
      32.48329273258098,
      0.5477063622429692,
      1.2953483246036217,
      -0.0024973541826346923
    ],
    "r_squared": 0.9999274584291138,
    "rmse": 0.009609046636572279,
    "loo_rmse": 0.6409896659880271,
    "n_samples": 9,
    "is_calibrated": true
  },
  "front_shock_defl_max": null,
  "rear_shock_defl_static": {
    "name": "rear_shock_defl_static",
    "feature_names": [
      "rear_pushrod",
      "fuel",
      "front_pushrod",
      "rear_spring_perch",
      "rear_third_perch",
      "front_camber",
      "inv_rear_spring"
    ],
    "coefficients": [
      -1384.8165340645228,
      1.2967404927621828e-13,
      1.6944506271921584,
      -26.577433684084667,
      -5.407210689019641,
      10.860145413471018,
      -123.92407318232948,
      -272.0000000000907
    ],
    "r_squared": 1.0,
    "rmse": 4.363398400183143e-13,
    "loo_rmse": 223.08590815616841,
    "n_samples": 9,
    "is_calibrated": true
  },
  "rear_shock_defl_max": null,
  "heave_spring_defl_static": {
    "name": "heave_spring_defl_static",
    "feature_names": [
      "front_heave_perch",
      "inv_rear_spring",
      "fuel",
      "inv_front_heave",
      "rear_spring",
      "rear_third_perch"
    ],
    "coefficients": [
      35.06149338414845,
      -0.5970007383400053,
      -3618.1812381776394,
      0.03347924075788002,
      145.2575326998815,
      -0.1330213690500499,
      0.0848962911612858
    ],
    "r_squared": 1.0,
    "rmse": 1.0347625523885276e-11,
    "loo_rmse": 3.5932510952553414,
    "n_samples": 9,
    "is_calibrated": true
  },
  "heave_spring_defl_max": {
    "name": "heave_spring_defl_max",
    "feature_names": [
      "front_heave",
      "inv_rear_third",
      "inv_rear_spring",
      "fuel"
    ],
    "coefficients": [
      89.77231365434855,
      -0.3137360507776631,
      2040.5284802609292,
      1908.7749018984723,
      0.003913760791330096
    ],
    "r_squared": 0.9999986255716418,
    "rmse": 0.008774532599799895,
    "loo_rmse": 0.08646860313320949,
    "n_samples": 9,
    "is_calibrated": true
  },
  "heave_slider_defl_static": {
    "name": "heave_slider_defl_static",
    "feature_names": [
      "front_pushrod",
      "front_camber",
      "fuel",
      "torsion_od"
    ],
    "coefficients": [
      91.25618089503665,
      1.5530359485576937,
      3.9169971002910247,
      -0.010137172182793645,
      0.05932758453841118
    ],
    "r_squared": 0.9999980248710125,
    "rmse": 0.004411254454127641,
    "loo_rmse": 0.5755316846973545,
    "n_samples": 9,
    "is_calibrated": true
  },
  "rear_spring_defl_static": {
    "name": "rear_spring_defl_static",
    "feature_names": [
      "rear_third_perch",
      "rear_third",
      "rear_spring_perch",
      "inv_rear_spring",
      "inv_od4"
    ],
    "coefficients": [
      -3.1606669215104195,
      0.3872108914171594,
      -0.011981364240566868,
      -0.38402437686791324,
      2334.7648150788627,
      237552.66438622656
    ],
    "r_squared": 0.9999999971577936,
    "rmse": 0.0001929091886499741,
    "loo_rmse": 0.0016861209605521371,
    "n_samples": 9,
    "is_calibrated": true
  },
  "rear_spring_defl_max": {
    "name": "rear_spring_defl_max",
    "feature_names": [
      "rear_spring",
      "inv_rear_spring"
    ],
    "coefficients": [
      81.06099395474472,
      -0.08105582939588124,
      1857.8878892205823
    ],
    "r_squared": 0.9999978703593226,
    "rmse": 0.006731217463806581,
    "loo_rmse": 0.18904555732216,
    "n_samples": 9,
    "is_calibrated": true
  },
  "third_spring_defl_static": {
    "name": "third_spring_defl_static",
    "feature_names": [
      "rear_spring_perch",
      "inv_front_heave",
      "rear_third_perch",
      "torsion_od",
      "rear_pushrod",
      "rear_third"
    ],
    "coefficients": [
      -19.549703118468138,
      0.4774005155743846,
      -47.178304472955176,
      -0.41407782228673773,
      2.087468251793827,
      -0.019346512896961127,
      -0.0009586028355183104
    ],
    "r_squared": 0.9999951835556878,
    "rmse": 0.00948531389835452,
    "loo_rmse": 0.24247576437245422,
    "n_samples": 9,
    "is_calibrated": true
  },
  "third_spring_defl_max": {
    "name": "third_spring_defl_max",
    "feature_names": [
      "rear_third",
      "inv_rear_third",
      "front_heave_perch",
      "rear_spring_perch"
    ],
    "coefficients": [
      68.24912202081109,
      -0.054239487233534625,
      2855.7513705891292,
      -0.030630932779336525,
      0.010103332396669919
    ],
    "r_squared": 0.9999996637152146,
    "rmse": 0.006786572345542779,
    "loo_rmse": 3.789684512101741,
    "n_samples": 9,
    "is_calibrated": true
  },
  "third_slider_defl_static": {
    "name": "third_slider_defl_static",
    "feature_names": [
      "third_spring_defl"
    ],
    "coefficients": [
      17.54127408993575,
      0.39894123245301055
    ],
    "r_squared": 0.6857249733629773,
    "rmse": 1.1672860993383387,
    "loo_rmse": 1.3927560536699453,
    "n_samples": 9,
    "is_calibrated": false
  },
  "torsion_bar_defl_direct": {
    "name": "torsion_bar_defl_direct",
    "feature_names": [
      "inv_od4",
      "front_pushrod",
      "rear_spring_perch",
      "fuel"
    ],
    "coefficients": [
      37.154873318109004,
      509608.80856612604,
      0.9999348102996984,
      -0.09983081877245452,
      -0.0012685960768845457
    ],
    "r_squared": 0.9999999962858722,
    "rmse": 0.0002350486774075417,
    "loo_rmse": 0.01469269995021836,
    "n_samples": 9,
    "is_calibrated": true
  },
  "third_slider_defl_direct": {
    "name": "third_slider_defl_direct",
    "feature_names": [
      "rear_pushrod",
      "fuel",
      "front_pushrod",
      "rear_spring_perch",
      "rear_third_perch",
      "front_camber",
      "inv_rear_spring"
    ],
    "coefficients": [
      -1455.4547363117063,
      1.3855583347321954e-13,
      1.7796566197015118,
      -27.910392485582644,
      -5.660768741454072,
      11.426624814220022,
      -130.08886718981947,
      -272.00000000008515
    ],
    "r_squared": 1.0,
    "rmse": 3.668959352272801e-13,
    "loo_rmse": 234.4216217195285,