{
  "car": "bmw",
  "n_sessions": 12,
  "n_unique_setups": 9,
  "calibration_complete": true,
  "front_ride_height": null,
  "rear_ride_height": {
    "name": "rear_ride_height",
    "feature_names": [
      "rear_pushrod",
      "inv_rear_third",
      "inv_rear_spring",
      "rear_third_perch",
      "rear_spring_perch",
      "fuel"
    ],
    "coefficients": [
      92.85609745274178,
      0.1182202275655444,
      668.4904286605793,
      801.1209455896601,
      -0.7465138651639132,
      -0.5733673706072369,
      0.0149273836551711
    ],
    "r_squared": 0.98049016717398,
    "rmse": 0.1792109285213936,
    "loo_rmse": 5.4594360920808205,
    "n_samples": 9,
    "is_calibrated": true
  },
  "torsion_bar_turns": null,
  "torsion_bar_defl": {
    "name": "torsion_bar_defl_load",
    "feature_names": [
      "front_heave",
      "front_heave_perch"
    ],
    "coefficients": [
      1199933.8806700082,
      -3287.8896755170854,
      10798.259996280036
    ],
    "r_squared": 0.8146679777068176,
    "rmse": 32029.280843940727,
    "loo_rmse": 58674.50686760109,
    "n_samples": 9,
    "is_calibrated": true
  },
  "front_shock_defl_static": {
    "name": "front_shock_defl_static",
    "feature_names": [
      "front_pushrod",
      "front_heave_perch",
      "front_heave",
      "torsion_od"
    ],
    "coefficients": [
      -35.17946202954881,
      0.2039509913907641,
      0.3920929384132357,
      -0.06141971485832365,
      4.52137578718156
    ],
    "r_squared": 0.9852259758852469,
    "rmse": 0.1371311837563142,
    "loo_rmse": 0.6270581139959645,
    "n_samples": 9,
    "is_calibrated": true
  },
  "front_shock_defl_max": null,
  "rear_shock_defl_static": {
    "name": "rear_shock_defl_static",
    "feature_names": [
      "rear_pushrod",
      "inv_rear_third",
      "inv_rear_spring",
      "rear_third_perch",
      "rear_spring_perch"
    ],
    "coefficients": [
      -34.306517212863916,
      -0.00977488368725421,
      382.42304987903907,
      1851.1256560988795,
      0.509562426247874,
      0.6384433473471374
    ],
    "r_squared": 0.9882604221188839,
    "rmse": 0.2104073491759052,
    "loo_rmse": 2.601615456977902,
    "n_samples": 9,
    "is_calibrated": true
  },
  "rear_shock_defl_max": null,
  "heave_spring_defl_static": {
    "name": "heave_spring_defl_static",
    "feature_names": [
      "inv_heave_nmm",
      "front_heave_perch",
      "inv_od4"
    ],
    "coefficients": [
      4.26705334411914,
      72.63232258983145,
      -0.5454474441539929,
      -192711.65703726094
    ],
    "r_squared": 0.9892259768768631,
    "rmse": 0.6233664739892252,
    "loo_rmse": 8.717818457104942,
    "n_samples": 9,
    "is_calibrated": true
  },
  "heave_spring_defl_max": {
    "name": "heave_spring_defl_max",
    "feature_names": [
      "front_heave"
    ],
    "coefficients": [
      110.29166666666663,
      -0.38312500000000066
    ],
    "r_squared": 0.9316709973024437,
    "rmse": 1.9564352503696325,
    "loo_rmse": 3.5769422692659036,
    "n_samples": 9,
    "is_calibrated": true
  },
  "heave_slider_defl_static": {
    "name": "heave_slider_defl_static",
    "feature_names": [
      "front_heave",
      "front_heave_perch",
      "torsion_od"
    ],
    "coefficients": [
      -181.69838683370585,
      -0.28092040270790175,
      1.6667400769500547,
      18.463191274206036
    ],
    "r_squared": 0.978663183412478,
    "rmse": 0.45848928489134405,
    "loo_rmse": 1.3092131455220686,
    "n_samples": 9,
    "is_calibrated": true
  },
  "rear_spring_defl_static": {
    "name": "rear_spring_defl_static",
    "feature_names": [
      "inv_rear_spring",
      "inv_rear_third",
      "rear_spring_perch",
      "rear_third_perch",
      "rear_pushrod"
    ],
    "coefficients": [
      -6.506517212799556,
      1851.1256561030095,
      382.4230498811628,
      -0.36155665265346215,
      0.5095624262467027,
      -0.009774883686873181
    ],
    "r_squared": 0.9966187943543356,
    "rmse": 0.21040734917590748,
    "loo_rmse": 2.601615456981111,
    "n_samples": 9,
    "is_calibrated": true
  },
  "rear_spring_defl_max": {
    "name": "rear_spring_defl_max",
    "feature_names": [
      "rear_spring",
      "rear_spring_perch"
    ],
    "coefficients": [
      100.55204742904098,
      -0.12305331522200641,
      -0.038429974247966334
    ],
    "r_squared": 0.9988592137222727,
    "rmse": 0.15579108391946886,
    "loo_rmse": 1.300488892455427,
    "n_samples": 9,
    "is_calibrated": true
  },
  "third_spring_defl_static": {
    "name": "third_spring_defl_static",
    "feature_names": [
      "inv_rear_third",
      "inv_rear_spring",
      "rear_third_perch",
      "rear_spring_perch",
      "rear_pushrod"
    ],
    "coefficients": [
      -8.739275334923331,
      387.3290269293623,
      1909.47517679998,
      -0.4417044211274401,
      0.6789343140326594,
      -0.0011515827385721877
    ],
    "r_squared": 0.9974368437152302,
    "rmse": 0.21881444056437097,
    "loo_rmse": 2.7175477542864432,
    "n_samples": 9,
    "is_calibrated": true
  },
  "third_spring_defl_max": {
    "name": "third_spring_defl_max",
    "feature_names": [
      "rear_third",
      "rear_third_perch"
    ],
    "coefficients": [
      85.31934237919126,
      -0.09770731587841978,
      0.23209042592275161
    ],
    "r_squared": 0.9705345366440057,
    "rmse": 2.008877761646282,
    "loo_rmse": 4.535897224841072,
    "n_samples": 9,
    "is_calibrated": true
  },
  "third_slider_defl_static": {
    "name": "third_slider_defl_static",
    "feature_names": [
      "third_spring_defl"
    ],
    "coefficients": [
      17.54127408993575,
      0.39894123245301055
    ],
    "r_squared": 0.6857249733629773,
    "rmse": 1.1672860993383387,
    "loo_rmse": 1.3927560536699444,
    "n_samples": 9,
    "is_calibrated": true
  },
  "front_heave_lookup": null,
  "rear_heave_lookup": null,
  "front_torsion_lookup": null,
  "rear_torsion_lookup": null,
  "m_eff_front_kg": null,
  "m_eff_rear_kg": 986.2312370556938,
  "m_eff_is_rate_dependent": true,
  "m_eff_rate_table": [
    {
      "setting": 30.0,
      "m_eff_kg": 67.30114836024394
    },
    {
      "setting": 30.0,
      "m_eff_kg": 89.7244675479849
    },
    {
      "setting": 30.0,
      "m_eff_kg": 109.99941499253138
    },
    {
      "setting": 50.0,
      "m_eff_kg": 101.32775248127356
    },
    {
      "setting": 50.0,
      "m_eff_kg": 120.85354045606363
    },
    {
      "setting": 50.0,
      "m_eff_kg": 138.350976655284
    }
  ],
  "m_eff_rear_rate_table": [
    {
      "setting": 120.0,
      "m_eff_kg": 291.1606228378261
    },
    {
      "setting": 320.0,
      "m_eff_kg": 776.5947255079858
    },
    {
      "setting": 380.0,
      "m_eff_kg": 1020.7048855650471
    },
    {
      "setting": 380.0,
      "m_eff_kg": 1288.8686371072129
    },
    {
      "setting": 450.0,
      "m_eff_kg": 997.8536544683242
    },
    {
      "setting": 530.0,
      "m_eff_kg": 1221.413387995989
    },
    {
      "setting": 530.0,
      "m_eff_kg": 1307.022745907471
    }
  ],
  "measured_lltd_target": 0.4721941920006598,
  "front_ls_zeta": null,
  "rear_ls_zeta": null,
  "front_hs_zeta": null,
  "rear_hs_zeta": null,
  "zeta_n_sessions": 0,
  "aero_front_compression_mm": 15.011111111111111,
  "aero_rear_compression_mm": 5.875,
  "aero_n_sessions": 9,
  "status": {
    "aero_compression": "calibrated from IBT AeroCalculator (9 sessions, front=15.0mm rear=5.9mm)",
    "arb_stiffness": "insufficient data (need sessions with varied ARB settings and driving telemetry)",
    "m_eff": "rate-dependent (6 points, range 67-138 kg)",
    "m_eff_rear": "rate-dependent (7 points, range 291-1307 kg)",
    "lltd_target": "DISABLED \u2014 IBT 'lltd_measured' is a geometric proxy (t_f^3/(t_f^3+t_r^3)), not true LLTD. ARB solver uses OptimumG physics.",
    "deflection_model": "calibrated (9 unique setups, best R\u00b2=0.99)"
  }
}