{
  "car": "bmw",
  "n_sessions": 10,
  "n_unique_setups": 6,
  "calibration_complete": true,
  "front_ride_height": null,
  "rear_ride_height": {
    "name": "rear_ride_height",
    "feature_names": [
      "rear_pushrod",
      "rear_third",
      "rear_spring",
      "rear_third_perch",
      "fuel",
      "rear_spring_perch"
    ],
    "coefficients": [
      45.715992262391964,
      -42.34315255243168,
      -1.7491810566312154,
      -7.741603206453565,
      0.5123887934604316,
      4.473582516118965,
      20.249485913420507
    ],
    "r_squared": 1.0,
    "rmse": 6.009861579439403e-12,
    "loo_rmse": 55.245832778229484,
    "n_samples": 6,
    "is_calibrated": true
  },
  "torsion_bar_turns": null,
  "torsion_bar_defl": {
    "name": "torsion_bar_defl_load",
    "feature_names": [
      "front_heave",
      "front_heave_perch"
    ],
    "coefficients": [
      1220663.8396826978,
      -3405.108972963486,
      11591.123422647563
    ],
    "r_squared": 0.732957170829368,
    "rmse": 38760.409041531275,
    "loo_rmse": 88388.38767034453,
    "n_samples": 6,
    "is_calibrated": true
  },
  "front_shock_defl_static": {
    "name": "front_shock_defl_static",
    "feature_names": [
      "front_pushrod"
    ],
    "coefficients": [
      27.44800000000004,
      0.4960000000000013
    ],
    "r_squared": 0.8991812865497075,
    "rmse": 0.3390181902690965,
    "loo_rmse": 0.442988048379259,
    "n_samples": 6,
    "is_calibrated": true
  },
  "front_shock_defl_max": null,
  "rear_shock_defl_static": {
    "name": "rear_shock_defl_static",
    "feature_names": [
      "rear_pushrod"
    ],
    "coefficients": [
      26.75059957676935,
      0.2881260286856337
    ],
    "r_squared": 0.6565073178716534,
    "rmse": 1.1326295745368165,
    "loo_rmse": 1.5441650800393654,
    "n_samples": 6,
    "is_calibrated": true
  },
  "rear_shock_defl_max": null,
  "heave_spring_defl_static": {
    "name": "heave_spring_defl_static",
    "feature_names": [
      "1/front_heave",
      "front_heave_perch",
      "1/OD^4"
    ],
    "coefficients": [
      6.538431668810096,
      78.43722107132025,
      -0.5213137947728512,
      -289858.2156310212
    ],
    "r_squared": 0.9877770858288822,
    "rmse": 0.6130836704982061,
    "loo_rmse": 9.467266846529878,
    "n_samples": 6,
    "is_calibrated": true
  },
  "heave_spring_defl_max": {
    "name": "heave_spring_defl_max",
    "feature_names": [
      "front_heave"
    ],
    "coefficients": [
      110.61791907514453,
      -0.37872832369942205
    ],
    "r_squared": 0.9324329924691547,
    "rmse": 2.2349000917353155,
    "loo_rmse": 5.078316617418236,
    "n_samples": 6,
    "is_calibrated": true
  },
  "heave_slider_defl_static": {
    "name": "heave_slider_defl_static",
    "feature_names": [
      "front_heave",
      "front_heave_perch",
      "torsion_od"
    ],
    "coefficients": [
      -182.17700022569238,
      -0.2815755930966235,
      1.6737229052079161,
      18.511725766471095
    ],
    "r_squared": 0.9652647068076529,
    "rmse": 0.5513019276522056,
    "loo_rmse": 1.8552041474757808,
    "n_samples": 6,
    "is_calibrated": true
  },
  "rear_spring_defl_static": {
    "name": "rear_spring_defl_static_load",
    "feature_names": [
      "rear_spring_perch"
    ],
    "coefficients": [
      6526.143691990381,
      -119.23410106565848
    ],
    "r_squared": 0.5670952413439768,
    "rmse": 468.2300418210159,
    "loo_rmse": 1061.6651407961047,
    "n_samples": 6,
    "is_calibrated": true
  },
  "rear_spring_defl_max": {
    "name": "rear_spring_defl_max",
    "feature_names": [
      "rear_spring",
      "rear_spring_perch"
    ],
    "coefficients": [
      100.75189860088169,
      -0.12333759292357874,
      -0.041548365797305115
    ],
    "r_squared": 0.9993340846334143,
    "rmse": 0.1430561394247196,
    "loo_rmse": 1.796938746467379,
    "n_samples": 6,
    "is_calibrated": true
  },
  "third_spring_defl_static": {
    "name": "third_spring_defl_static_load",
    "feature_names": [
      "rear_third_perch"
    ],
    "coefficients": [
      18270.7321911632,
      -380.27412082957574
    ],
    "r_squared": 0.5654949883368716,
    "rmse": 925.048094347546,
    "loo_rmse": 1458.6392278622916,
    "n_samples": 6,
    "is_calibrated": true
  },
  "third_spring_defl_max": {
    "name": "third_spring_defl_max",
    "feature_names": [
      "rear_third",
      "rear_third_perch"
    ],
    "coefficients": [
      90.74368265967934,
      -0.10238660798051391,
      0.13744680272478652
    ],
    "r_squared": 0.9741391025572974,
    "rmse": 2.080486627685122,
    "loo_rmse": 7.208271308674429,
    "n_samples": 6,
    "is_calibrated": true
  },
  "third_slider_defl_static": {
    "name": "third_slider_defl_static",
    "feature_names": [
      "third_spring_defl"
    ],
    "coefficients": [
      17.83881447901641,
      0.39470430661446615
    ],
    "r_squared": 0.5868102446051425,
    "rmse": 1.3321168208865388,
    "loo_rmse": 2.972212838820392,
    "n_samples": 6,
    "is_calibrated": true
  },
  "front_heave_lookup": null,
  "rear_heave_lookup": null,
  "front_torsion_lookup": null,
  "rear_torsion_lookup": null,
  "m_eff_front_kg": null,
  "m_eff_rear_kg": null,
  "m_eff_is_rate_dependent": false,
  "m_eff_rate_table": [],
  "measured_lltd_target": 0.4721941920006598,
  "front_ls_zeta": null,
  "rear_ls_zeta": null,
  "front_hs_zeta": null,
  "rear_hs_zeta": null,
  "zeta_n_sessions": 0,
  "aero_front_compression_mm": 15.016666666666666,
  "aero_rear_compression_mm": 5.18,
  "aero_n_sessions": 6,
  "status": {
    "aero_compression": "calibrated from IBT AeroCalculator (6 sessions, front=15.0mm rear=5.2mm)",
    "arb_stiffness": "data available (1 spring groups, 2 ARB configs) \u2014 full back-solve requires telemetry roll gradient data (currently deferred)",
    "lltd_target": "calibrated (6 sessions, mean 0.472)",
    "deflection_model": "calibrated (6 unique setups, best R\u00b2=1.00)"
  }
}