{
  "car": "bmw",
  "n_sessions": 12,
  "n_unique_setups": 9,
  "calibration_complete": true,
  "front_ride_height": null,
  "rear_ride_height": {
    "name": "rear_ride_height",
    "feature_names": [
      "rear_pushrod",
      "inv_rear_third",
      "inv_rear_spring",
      "rear_third_perch",
      "rear_spring_perch",
      "fuel"
    ],
    "coefficients": [
      92.85609745274373,
      0.11822022756569062,
      668.490428661495,
      801.1209455920684,
      -0.7465138651643047,
      -0.5733673706072148,
      0.014927383655173859
    ],
    "r_squared": 0.9804901671739799,
    "rmse": 0.17921092852139442,
    "loo_rmse": 5.459436092064003,
    "n_samples": 9,
    "is_calibrated": true
  },
  "torsion_bar_turns": null,
  "torsion_bar_defl": {
    "name": "torsion_bar_defl_load",
    "feature_names": [
      "front_heave",
      "front_heave_perch"
    ],
    "coefficients": [
      1199933.8806700085,
      -3287.889675517091,
      10798.25999628004
    ],
    "r_squared": 0.8146679777068173,
    "rmse": 32029.280843940756,
    "loo_rmse": 58674.50686760141,
    "n_samples": 9,
    "is_calibrated": false
  },
  "front_shock_defl_static": {
    "name": "front_shock_defl_static",
    "feature_names": [
      "front_pushrod",
      "front_heave_perch",
      "front_heave",
      "torsion_od"
    ],
    "coefficients": [
      -35.17946202954883,
      0.20395099139076478,
      0.3920929384132357,
      -0.06141971485832364,
      4.5213757871815625
    ],
    "r_squared": 0.985225975885247,
    "rmse": 0.1371311837563135,
    "loo_rmse": 0.6270581139959652,
    "n_samples": 9,
    "is_calibrated": true
  },
  "front_shock_defl_max": null,
  "rear_shock_defl_static": {
    "name": "rear_shock_defl_static",
    "feature_names": [
      "rear_pushrod",
      "inv_rear_third",
      "inv_rear_spring",
      "rear_third_perch",
      "rear_spring_perch"
    ],
    "coefficients": [
      -34.30651721287996,
      -0.00977488368700119,
      382.42304987969226,
      1851.125656100109,
      0.5095624262482213,
      0.6384433473471112
    ],
    "r_squared": 0.9882604221188837,
    "rmse": 0.21040734917590678,
    "loo_rmse": 2.6016154569769143,
    "n_samples": 9,
    "is_calibrated": true
  },
  "rear_shock_defl_max": null,
  "heave_spring_defl_static": {
    "name": "heave_spring_defl_static",
    "feature_names": [
      "inv_heave_nmm",
      "front_heave_perch",
      "inv_od4"
    ],
    "coefficients": [
      4.267053344119209,
      72.63232258983241,
      -0.5454474441539775,
      -192711.65703726097
    ],
    "r_squared": 0.9892259768768631,
    "rmse": 0.6233664739892257,
    "loo_rmse": 8.717818457104128,
    "n_samples": 9,
    "is_calibrated": true
  },
  "heave_spring_defl_max": {
    "name": "heave_spring_defl_max",
    "feature_names": [
      "front_heave"
    ],
    "coefficients": [
      110.29166666666663,
      -0.38312500000000066
    ],
    "r_squared": 0.9316709973024437,
    "rmse": 1.9564352503696325,
    "loo_rmse": 3.5769422692659103,
    "n_samples": 9,
    "is_calibrated": true
  },
  "heave_slider_defl_static": {
    "name": "heave_slider_defl_static",
    "feature_names": [
      "front_heave",
      "front_heave_perch",
      "torsion_od"
    ],
    "coefficients": [
      -181.6983868337056,
      -0.2809204027079035,
      1.6667400769500587,
      18.46319127420602
    ],
    "r_squared": 0.978663183412478,
    "rmse": 0.4584892848913439,
    "loo_rmse": 1.309213145522081,
    "n_samples": 9,
    "is_calibrated": true
  },
  "rear_spring_defl_static": {
    "name": "rear_spring_defl_static",
    "feature_names": [
      "inv_rear_spring",
      "inv_rear_third",
      "rear_spring_perch",
      "rear_third_perch",
      "rear_pushrod"
    ],
    "coefficients": [
      -6.506517212787154,
      1851.1256561007153,
      382.4230498801213,
      -0.3615566526538662,
      0.5095624262469759,
      -0.00977488368685848
    ],
    "r_squared": 0.9966187943543356,
    "rmse": 0.21040734917590648,
    "loo_rmse": 2.601615456974261,
    "n_samples": 9,
    "is_calibrated": true
  },
  "rear_spring_defl_max": {
    "name": "rear_spring_defl_max",
    "feature_names": [
      "rear_spring",
      "rear_spring_perch"
    ],
    "coefficients": [
      100.55204742904097,
      -0.1230533152220063,
      -0.03842997424796674
    ],
    "r_squared": 0.9988592137222726,
    "rmse": 0.1557910839194717,
    "loo_rmse": 1.300488892455439,
    "n_samples": 9,
    "is_calibrated": true
  },
  "third_spring_defl_static": {
    "name": "third_spring_defl_static",
    "feature_names": [
      "inv_rear_third",
      "inv_rear_spring",
      "rear_third_perch",
      "rear_spring_perch",
      "rear_pushrod"
    ],
    "coefficients": [
      -8.739275334938007,
      387.32902693010993,
      1909.4751768016674,
      -0.44170442112792563,
      0.6789343140328264,
      -0.0011515827391647665
    ],
    "r_squared": 0.9974368437152302,
    "rmse": 0.21881444056437066,
    "loo_rmse": 2.7175477542860564,
    "n_samples": 9,
    "is_calibrated": true
  },
  "third_spring_defl_max": {
    "name": "third_spring_defl_max",
    "feature_names": [
      "rear_third",
      "rear_third_perch"
    ],
    "coefficients": [
      85.31934237919126,
      -0.09770731587841977,
      0.23209042592275123
    ],
    "r_squared": 0.9705345366440059,
    "rmse": 2.008877761646277,
    "loo_rmse": 4.535897224841063,
    "n_samples": 9,
    "is_calibrated": true
  },
  "third_slider_defl_static": {
    "name": "third_slider_defl_static",
    "feature_names": [
      "third_spring_defl"
    ],
    "coefficients": [
      17.54127408993575,
      0.39894123245301055
    ],
    "r_squared": 0.6857249733629773,
    "rmse": 1.1672860993383387,
    "loo_rmse": 1.3927560536699453,
    "n_samples": 9,
    "is_calibrated": false
  },
  "front_heave_lookup": null,
  "rear_heave_lookup": null,
  "front_torsion_lookup": null,
  "rear_torsion_lookup": null,
  "m_eff_front_kg": null,
  "m_eff_rear_kg": 986.2312370556938,
  "m_eff_is_rate_dependent": true,
  "m_eff_rate_table": [
    {
      "setting": 30.0,
      "m_eff_kg": 67.30114836024394
    },
    {
      "setting": 30.0,
      "m_eff_kg": 89.7244675479849
    },
    {
      "setting": 30.0,
      "m_eff_kg": 109.99941499253138
    },
    {
      "setting": 50.0,
      "m_eff_kg": 101.32775248127356
    },
    {
      "setting": 50.0,
      "m_eff_kg": 120.85354045606363
    },
    {
      "setting": 50.0,
      "m_eff_kg": 138.350976655284
    }
  ],
  "m_eff_rear_rate_table": [
    {
      "setting": 120.0,
      "m_eff_kg": 291.1606228378261
    },
    {
      "setting": 320.0,
      "m_eff_kg": 776.5947255079858
    },
    {
      "setting": 380.0,
      "m_eff_kg": 1020.7048855650471
    },
    {
      "setting": 380.0,
      "m_eff_kg": 1288.8686371072129
    },
    {
      "setting": 450.0,
      "m_eff_kg": 997.8536544683242
    },
    {
      "setting": 530.0,
      "m_eff_kg": 1221.413387995989
    },
    {
      "setting": 530.0,
      "m_eff_kg": 1307.022745907471
    }
  ],
  "measured_lltd_target": null,
  "front_ls_zeta": null,
  "rear_ls_zeta": null,
  "front_hs_zeta": null,
  "rear_hs_zeta": null,
  "zeta_n_sessions": 0,
  "aero_front_compression_mm": 15.011111111111111,
  "aero_rear_compression_mm": 5.875,
  "aero_n_sessions": 9,
  "status": {
    "aero_compression": "calibrated from IBT AeroCalculator (9 sessions, front=15.0mm rear=5.9mm)",
    "arb_stiffness": "insufficient data (need sessions with varied ARB settings and driving telemetry)",
    "m_eff": "rate-dependent (6 points, range 67-138 kg)",
    "m_eff_rear": "rate-dependent (7 points, range 291-1307 kg)",
    "lltd_target": "DISABLED \u2014 IBT 'lltd_measured' is a geometric proxy (t_f^3/(t_f^3+t_r^3)), not true LLTD. ARB solver uses OptimumG physics.",
    "deflection_model": "calibrated (9 unique setups, best R\u00b2=0.99)"
  }
}