{
  "car": "bmw",
  "track": "sebring",
  "n_sessions": 78,
  "n_unique_setups": 25,
  "calibration_complete": true,
  "front_ride_height": {
    "name": "front_ride_height",
    "feature_names": [],
    "coefficients": [
      30.08
    ],
    "r_squared": 1.0,
    "rmse": 0.08,
    "loo_rmse": 0.08,
    "n_samples": 25,
    "is_calibrated": true,
    "q_squared": null
  },
  "rear_ride_height": {
    "name": "rear_ride_height",
    "feature_names": [
      "inv_rear_third",
      "inv_rear_spring",
      "rear_pushrod",
      "rear_third_perch",
      "fuel_x_inv_third",
      "rear_spring_perch",
      "rear_camber",
      "fuel"
    ],
    "coefficients": [
      126.75516443210495,
      -1994.0965061066101,
      -1400.7925474629492,
      0.39395352365841063,
      -0.7541254498705712,
      -0.24325870265934268,
      -0.6676938859200163,
      0.9648112549032462,
      -0.01228841229021782
    ],
    "r_squared": 0.9991040079676144,
    "rmse": 0.0321088556011668,
    "loo_rmse": 0.045463522502078184,
    "n_samples": 25,
    "is_calibrated": true,
    "q_squared": 0.9982036926081322
  },
  "torsion_bar_turns": {
    "name": "torsion_bar_turns",
    "feature_names": [],
    "coefficients": [
      0.09904000000000002
    ],
    "r_squared": 1.0,
    "rmse": 0.0034696397507522313,
    "loo_rmse": 0.0034696397507522313,
    "n_samples": 25,
    "is_calibrated": true,
    "q_squared": null
  },
  "torsion_bar_defl": {
    "name": "torsion_bar_defl_load",
    "feature_names": [
      "front_heave",
      "front_heave_perch"
    ],
    "coefficients": [
      1288181.063026759,
      -3479.235145569951,
      16029.243841521888
    ],
    "r_squared": 0.9387776326388808,
    "rmse": 23745.627056506833,
    "loo_rmse": 26554.60501853625,
    "n_samples": 25,
    "is_calibrated": true,
    "q_squared": 0.9234363682501642
  },
  "front_shock_defl_static": null,
  "front_shock_defl_max": null,
  "rear_shock_defl_static": {
    "name": "rear_shock_defl_static",
    "feature_names": [
      "rear_third_perch",
      "inv_rear_spring",
      "fuel_x_inv_third",
      "rear_spring_perch",
      "rear_third",
      "rear_camber",
      "rear_pushrod",
      "torsion_turns"
    ],
    "coefficients": [
      -18.224235888700452,
      0.5287075810393486,
      888.5364184829431,
      2.642837721414053,
      0.44729525753010385,
      -0.006848920929441005,
      -0.23503383190284946,
      0.017658526596069625,
      -12.862542478606887
    ],
    "r_squared": 0.999776299994225,
    "rmse": 0.02164807115883987,
    "loo_rmse": 0.037823154696854426,
    "n_samples": 25,
    "is_calibrated": true,
    "q_squared": 0.9993171220656867
  },
  "rear_shock_defl_max": null,
  "heave_spring_defl_static": {
    "name": "heave_spring_defl_static",
    "feature_names": [
      "front_heave_perch",
      "torsion_od",
      "torsion_turns",
      "front_pushrod_sq",
      "front_camber",
      "rear_pushrod",
      "front_heave",
      "fuel_x_inv_third"
    ],
    "coefficients": [
      89.55971014730332,
      -0.7565482018901443,
      -2.540947428991153,
      -344.2721735514303,
      -0.019891539844398842,
      3.1199806298343873,
      -0.04623858404285403,
      -0.04225765727155054,
      1.1224532507083511
    ],
    "r_squared": 0.9998747990874046,
    "rmse": 0.08109738534442414,
    "loo_rmse": 0.12471737335797749,
    "n_samples": 25,
    "is_calibrated": true,
    "q_squared": 0.9997038936634947
  },
  "heave_spring_defl_max": {
    "name": "heave_spring_defl_max",
    "feature_names": [
      "front_heave",
      "inv_front_heave",
      "inv_rear_third",
      "front_pushrod",
      "rear_third_perch",
      "front_heave_perch",
      "rear_spring_perch",
      "fuel_x_inv_spring"
    ],
    "coefficients": [
      92.51393603463609,
      -0.18387438167848913,
      311.6854457474871,
      221.76167943490455,
      -0.0149091109632205,
      -0.032541564239374404,
      0.02890418093392714,
      0.04605917673244144,
      0.0853023643812404
    ],
    "r_squared": 0.9999884484510505,
    "rmse": 0.014053274425579675,
    "loo_rmse": 0.05190786964281774,
    "n_samples": 25,
    "is_calibrated": true,
    "q_squared": 0.9998424016815511
  },
  "heave_slider_defl_static": {
    "name": "heave_slider_defl_static",
    "feature_names": [
      "torsion_od",
      "front_heave",
      "front_pushrod_sq",
      "front_camber",
      "fuel_x_inv_spring",
      "rear_third_perch",
      "rear_camber",
      "front_heave_perch"
    ],
    "coefficients": [
      86.3897029477414,
      -0.6665403608838285,
      -0.003286294340591238,
      -0.027211497424719733,
      3.8954213693871997,
      -0.8916932634432415,
      -0.08665329034031705,
      1.591165991383499,
      0.021999234124529712
    ],
    "r_squared": 0.9863873515144244,
    "rmse": 0.11503391300931264,
    "loo_rmse": 0.19070963490774226,
    "n_samples": 25,
    "is_calibrated": true,
    "q_squared": 0.962585830158087
  },
  "rear_spring_defl_static": {
    "name": "rear_spring_defl_static",
    "feature_names": [
      "rear_third_perch",
      "rear_third",
      "rear_pushrod_sq",
      "rear_spring_perch",
      "fuel_x_inv_spring",
      "inv_rear_spring",
      "rear_camber",
      "torsion_turns"
    ],
    "coefficients": [
      9.85984164442151,
      0.529258734886785,
      -0.007980378982714975,
      -0.00029026158944583935,
      -0.5399226133418834,
      0.931225589361892,
      831.922597650032,
      -0.28850900334178337,
      -14.53861081610003
    ],
    "r_squared": 0.999721617499593,
    "rmse": 0.02470378105821452,
    "loo_rmse": 0.04608245618477947,
    "n_samples": 25,
    "is_calibrated": true,
    "q_squared": 0.9990313066693813
  },
  "rear_spring_defl_max": {
    "name": "rear_spring_defl_max",
    "feature_names": [
      "rear_spring",
      "inv_rear_spring",
      "rear_camber",
      "front_pushrod_sq",
      "torsion_turns",
      "fuel",
      "fuel_x_inv_spring",
      "fuel_x_inv_third"
    ],
    "coefficients": [
      83.63716835333922,
      -0.09324504433048007,
      1607.5859299662104,
      -0.2957286602609381,
      0.00021689208832566254,
      2.6031936449655175,
      0.005554575496162895,
      -0.7354545164320058,
      -0.27388077099322156
    ],
    "r_squared": 0.9999766123172795,
    "rmse": 0.006801009231397141,
    "loo_rmse": 0.029669581004489916,
    "n_samples": 25,
    "is_calibrated": true,
    "q_squared": 0.9995548941611947
  },
  "third_spring_defl_static": {
    "name": "third_spring_defl_static",
    "feature_names": [
      "rear_third_perch",
      "inv_rear_spring",
      "fuel_x_inv_third",
      "rear_spring_perch",
      "rear_third",
      "torsion_od",
      "inv_od4",
      "rear_camber"
    ],
    "coefficients": [
      2.142945293379223,
      -0.4199068570386799,
      1098.1887872405923,
      3.2581416601167366,
      0.48519565662859715,
      -0.006550691312906309,
      0.1413494746225045,
      0.00026893617259676945,
      -0.24511127558190002
    ],
    "r_squared": 0.9988184323499701,
    "rmse": 0.04227720556601109,
    "loo_rmse": 0.07841964146668089,
    "n_samples": 25,
    "is_calibrated": true,
    "q_squared": 0.9959346705186456
  },
  "third_spring_defl_max": {
    "name": "third_spring_defl_max",
    "feature_names": [
      "rear_third",
      "inv_rear_third",
      "front_pushrod_sq",
      "front_camber",
      "torsion_turns",
      "front_pushrod",
      "rear_third_perch",
      "rear_spring_perch"
    ],
    "coefficients": [
      54.808465755521375,
      -0.04266271326362998,
      5693.80423431873,
      -0.0030864402015184506,
      -0.04262247862053837,
      4.218062654086791,
      -0.156385361091301,
      -0.0027074407688552392,
      0.004366844280302444
    ],
    "r_squared": 0.9999892092897061,
    "rmse": 0.007288014574786556,
    "loo_rmse": 0.01008306512889716,
    "n_samples": 25,
    "is_calibrated": true,
    "q_squared": 0.9999793454036172
  },