{
  "car": "bmw",
  "track": "sebring",
  "n_sessions": 64,
  "n_unique_setups": 33,
  "calibration_complete": true,
  "front_ride_height": {
    "name": "front_ride_height",
    "feature_names": [],
    "coefficients": [
      30.063636363636363
    ],
    "r_squared": 1.0,
    "rmse": 0.07713892158398716,
    "loo_rmse": 0.07713892158398716,
    "n_samples": 33,
    "is_calibrated": true,
    "q_squared": null
  },
  "rear_ride_height": {
    "name": "rear_ride_height",
    "feature_names": [
      "inv_rear_third",
      "inv_rear_spring",
      "rear_pushrod",
      "rear_spring",
      "front_camber",
      "rear_spring_perch",
      "front_heave",
      "fuel_x_inv_spring"
    ],
    "coefficients": [
      -37.180843700376954,
      -2909.5535781970448,
      7375.573627856225,
      0.06799632741700634,
      0.3283160883711389,
      1.102361213839302,
      -0.036427713189141286,
      -0.003535822955996082,
      -0.13797172186972695
    ],
    "r_squared": 0.6236035287251476,
    "rmse": 0.7048417310911884,
    "loo_rmse": 0.8670585336445817,
    "n_samples": 33,
    "is_calibrated": false,
    "q_squared": 0.4304141931499017
  },
  "torsion_bar_turns": {
    "name": "torsion_bar_turns",
    "feature_names": [],
    "coefficients": [
      0.09854545454545455
    ],
    "r_squared": 1.0,
    "rmse": 0.0037261639148944,
    "loo_rmse": 0.0037261639148944,
    "n_samples": 33,
    "is_calibrated": true,
    "q_squared": null
  },
  "torsion_bar_defl": {
    "name": "torsion_bar_defl_load",
    "feature_names": [
      "front_heave",
      "front_heave_perch"
    ],
    "coefficients": [
      1274490.1206638126,
      -3545.196784563048,
      14535.64665460629
    ],
    "r_squared": 0.8847711534886198,
    "rmse": 32020.70798822235,
    "loo_rmse": 36880.81556156088,
    "n_samples": 33,
    "is_calibrated": true,
    "q_squared": 0.8471377010737265
  },
  "front_shock_defl_static": {
    "name": "front_shock_defl_static",
    "feature_names": [
      "torsion_od",
      "fuel_x_inv_third",
      "front_heave_perch",
      "torsion_turns",
      "front_pushrod_sq",
      "front_camber",
      "rear_spring",
      "front_heave",
      "rear_third_perch",
      "rear_spring_perch",
      "front_pushrod"
    ],
    "coefficients": [
      65.0513259406775,
      -1.3040398694792639,
      0.9009783580784962,
      0.13192188135434837,
      -192.13268974504442,
      0.0002213142788907163,
      0.8220822669001795,
      0.0028621303811283694,
      -0.025835173378468884,
      -0.02764941930087078,
      0.02086975666313582,
      0.2893817247220235
    ],
    "r_squared": 0.9969529929371904,
    "rmse": 0.03717802071230304,
    "loo_rmse": 0.06562899141050234,
    "n_samples": 33,
    "is_calibrated": true,
    "q_squared": 0.9905050563658571
  },
  "front_shock_defl_max": null,
  "rear_shock_defl_static": {
    "name": "rear_shock_defl_static",
    "feature_names": [
      "rear_pushrod",
      "rear_spring_perch",
      "rear_spring",
      "rear_third_perch",
      "rear_third",
      "fuel",
      "rear_camber"
    ],
    "coefficients": [
      -8.470620168438852,
      0.006822221016505502,
      0.5182045689877923,
      -0.044441625022231285,
      0.5197013451539663,
      -0.007851351177267582,
      0.006751581075287324,
      -0.23541137794735234
    ],
    "r_squared": 0.9982623918110434,
    "rmse": 0.06674562519682589,
    "loo_rmse": 0.18378194598052897,
    "n_samples": 33,
    "is_calibrated": true,
    "q_squared": 0.9868261736239894
  },
  "rear_shock_defl_max": null,
  "heave_spring_defl_static": {
    "name": "heave_spring_defl_static",
    "feature_names": [
      "front_heave_perch",
      "front_pushrod_sq",
      "front_camber",
      "fuel_x_inv_spring",
      "front_pushrod",
      "torsion_od",
      "rear_camber"
    ],
    "coefficients": [
      56.44861027464621,
      -1.0098055686761733,
      0.006928701530905079,
      4.198503026847439,
      -1.1206535717692747,
      1.8068385283087642,
      -0.5147640120674393,
      1.2410308977652622
    ],
    "r_squared": 0.9995083942138997,
    "rmse": 0.16149713817456435,
    "loo_rmse": 0.20270644677577412,
    "n_samples": 33,
    "is_calibrated": true,
    "q_squared": 0.9992254981735776
  },
  "heave_spring_defl_max": {
    "name": "heave_spring_defl_max",
    "feature_names": [
      "front_heave",
      "inv_rear_third",
      "rear_third",
      "rear_third_perch",
      "torsion_turns",
      "front_pushrod",
      "front_camber",
      "rear_camber",
      "front_pushrod_sq",
      "rear_spring"
    ],
    "coefficients": [
      138.29159482161998,
      -0.30214473699110417,
      1627.2094346893357,
      0.005011103017005747,
      0.1325668903959231,
      -214.8691441383152,
      1.350606080527778,
      -0.1820815898671048,
      2.1681683605185342,
      0.023724773933480048,
      -0.0026598359483414463
    ],
    "r_squared": 0.9987910093781649,
    "rmse": 0.19070847922971132,
    "loo_rmse": 0.3764058614093857,
    "n_samples": 33,
    "is_calibrated": true,
    "q_squared": 0.9952902735690469
  },
  "heave_slider_defl_static": {
    "name": "heave_slider_defl_static",
    "feature_names": [
      "torsion_od",
      "fuel_x_inv_third",
      "front_heave_perch",
      "torsion_turns",
      "front_heave",
      "rear_third_perch",
      "rear_spring_perch",
      "front_pushrod_sq",
      "rear_pushrod_sq",
      "rear_pushrod"
    ],
    "coefficients": [
      227.36184955634764,
      -6.145228114262183,
      7.5729749485673175,
      0.5999840156162621,
      -852.6996653529252,
      -0.10214026381607527,
      -0.06383363850878737,
      0.11424566552503893,
      -0.0024866314787752586,
      0.0016656775788748135,
      0.06216049233404912
    ],
    "r_squared": 0.9923301753567355,
    "rmse": 0.16429501710583255,
    "loo_rmse": 0.24307959240289184,
    "n_samples": 33,
    "is_calibrated": true,
    "q_squared": 0.9832106590087196
  },
  "rear_spring_defl_static": {
    "name": "rear_spring_defl_static",
    "feature_names": [
      "rear_spring_perch",
      "rear_pushrod",
      "rear_spring",
      "rear_third_perch",
      "rear_third",
      "fuel",
      "rear_camber"
    ],
    "coefficients": [
      19.329379831561308,
      -0.4817954310122091,
      0.0068222210165055155,
      -0.044441625022231465,
      0.5197013451539663,
      -0.007851351177267707,
      0.0067515810752872135,
      -0.23541137794733372
    ],
    "r_squared": 0.9993294941956102,
    "rmse": 0.0667456251968263,
    "loo_rmse": 0.18378194598055037,
    "n_samples": 33,
    "is_calibrated": true,
    "q_squared": 0.9949165024041211
  },
  "rear_spring_defl_max": {
    "name": "rear_spring_defl_max",
    "feature_names": [
      "rear_spring",
      "inv_rear_spring",
      "fuel_x_inv_spring",
      "inv_front_heave",
      "front_camber",
      "fuel",
      "rear_third_perch",
      "rear_camber",
      "rear_third",
      "front_heave_perch",
      "inv_rear_third"
    ],
    "coefficients": [
      83.19687250137659,
      -0.09150754489790247,
      1643.8194746053277,
      -0.8004174195418425,
      2.6994580009257296,
      0.06617110424144332,
      0.005182161513000197,
      0.0019356292730390657,
      -0.3019167274145247,
      0.00048660877291106797,
      0.0015131868647940325,
      70.58496793478699
    ],
    "r_squared": 0.9999933880983538,
    "rmse": 0.007890697434091551,
    "loo_rmse": 0.06394470552856947,
    "n_samples": 33,
    "is_calibrated": true,
    "q_squared": 0.999565785035609
  },
  "third_spring_defl_static": {
    "name": "third_spring_defl_static",
    "feature_names": [
      "rear_spring_perch",
      "rear_third_perch",
      "inv_rear_spring",
      "torsion_turns",
      "fuel_x_inv_spring",
      "front_pushrod",
      "front_heave",
      "rear_pushrod_sq",
      "rear_camber",
      "front_pushrod_sq",
      "inv_od4"
    ],