{
  "car": "bmw",
  "n_sessions": 12,
  "n_unique_setups": 9,
  "calibration_complete": true,
  "front_ride_height": {
    "name": "front_ride_height",
    "feature_names": [],
    "coefficients": [
      30.011111111111113
    ],
    "r_squared": 1.0,
    "rmse": 0.03142696805273589,
    "loo_rmse": 0.03142696805273589,
    "n_samples": 9,
    "is_calibrated": true
  },
  "rear_ride_height": {
    "name": "rear_ride_height",
    "feature_names": [
      "front_pushrod",
      "rear_spring",
      "front_heave",
      "rear_third"
    ],
    "coefficients": [
      5.225485673101787,
      -0.519102911369545,
      0.10703817181245384,
      0.05142938126099404,
      0.023976478585928735
    ],
    "r_squared": 0.7533950989163654,
    "rmse": 0.6371454231594113,
    "loo_rmse": 1.2310526323217932,
    "n_samples": 9,
    "is_calibrated": false
  },
  "torsion_bar_turns": {
    "name": "torsion_bar_turns",
    "feature_names": [],
    "coefficients": [
      0.09755555555555556
    ],
    "r_squared": 1.0,
    "rmse": 0.004139541335599367,
    "loo_rmse": 0.004139541335599367,
    "n_samples": 9,
    "is_calibrated": true
  },
  "torsion_bar_defl": {
    "name": "torsion_bar_defl_load",
    "feature_names": [
      "front_heave",
      "front_heave_perch"
    ],
    "coefficients": [
      1199933.8806700085,
      -3287.889675517091,
      10798.25999628004
    ],
    "r_squared": 0.8146679777068173,
    "rmse": 32029.280843940756,
    "loo_rmse": 58674.50686760141,
    "n_samples": 9,
    "is_calibrated": false
  },
  "front_shock_defl_static": {
    "name": "front_shock_defl_static",
    "feature_names": [
      "front_pushrod",
      "torsion_od",
      "rear_third_perch",
      "front_camber",
      "inv_od4",
      "inv_rear_third",
      "rear_pushrod"
    ],
    "coefficients": [
      44.46865837933088,
      0.5130434782523922,
      -0.7972807228485487,
      0.01739130434909678,
      1.0978260869634286,
      -120046.3039853979,
      6.207536268681421e-09,
      2.381721925844906e-13
    ],
    "r_squared": 1.0,
    "rmse": 1.3021545143643581e-12,
    "loo_rmse": 0.35099162586951893,
    "n_samples": 9,
    "is_calibrated": true
  },
  "front_shock_defl_max": null,
  "rear_shock_defl_static": {
    "name": "rear_shock_defl_static",
    "feature_names": [
      "rear_pushrod",
      "fuel",
      "rear_spring_perch"
    ],
    "coefficients": [
      27.221153533061113,
      0.31326004431649845,
      -0.026303759548330568,
      0.0618072084693994
    ],
    "r_squared": 0.9376956776624098,
    "rmse": 0.48472313977933257,
    "loo_rmse": 0.9291040611037086,
    "n_samples": 9,
    "is_calibrated": true
  },
  "rear_shock_defl_max": null,
  "heave_spring_defl_static": {
    "name": "heave_spring_defl_static",
    "feature_names": [
      "front_heave_perch",
      "inv_rear_spring",
      "front_heave"
    ],
    "coefficients": [
      13.482697179998917,
      -0.607333892288759,
      -2190.6632149585557,
      0.006237186313518303
    ],
    "r_squared": 0.9984188338588921,
    "rmse": 0.23880490482264033,
    "loo_rmse": 0.3460899899645456,
    "n_samples": 9,
    "is_calibrated": true
  },
  "heave_spring_defl_max": {
    "name": "heave_spring_defl_max",
    "feature_names": [
      "front_heave",
      "inv_rear_third",
      "inv_rear_spring",
      "fuel",
      "rear_spring_perch",
      "inv_od4",
      "rear_pushrod"
    ],
    "coefficients": [
      90.20740438310575,
      -0.3122222254486658,
      2024.1660555205117,
      1846.7863047498024,
      0.003303884007917063,
      0.0008259710017722227,
      -2863.7251404924727,
      1.1443077365878228e-12
    ],
    "r_squared": 1.0,
    "rmse": 9.414552714312717e-12,
    "loo_rmse": 0.04836117370570591,
    "n_samples": 9,
    "is_calibrated": true
  },
  "heave_slider_defl_static": {
    "name": "heave_slider_defl_static",
    "feature_names": [
      "front_pushrod",
      "torsion_od",
      "rear_third_perch"
    ],
    "coefficients": [
      65.16324510956444,
      1.3100197602264398,
      0.11990426105911516,
      0.18230438764608323
    ],
    "r_squared": 0.9449461587067285,
    "rmse": 0.7364753097271732,
    "loo_rmse": 1.2351065649617177,
    "n_samples": 9,
    "is_calibrated": true
  },
  "rear_spring_defl_static": {
    "name": "rear_spring_defl_static",
    "feature_names": [
      "rear_spring_perch",
      "rear_third_perch",
      "inv_rear_spring",
      "rear_third",
      "inv_od4"
    ],
    "coefficients": [
      -3.1606669214898653,
      -0.3840243768681656,
      0.3872108914169684,
      2334.7648150777577,
      -0.011981364240562193,
      237552.6643862263
    ],
    "r_squared": 0.9999999971577936,
    "rmse": 0.00019290918865084942,
    "loo_rmse": 0.001686120964253434,
    "n_samples": 9,
    "is_calibrated": true
  },
  "rear_spring_defl_max": {
    "name": "rear_spring_defl_max",
    "feature_names": [
      "rear_spring",
      "inv_rear_spring",
      "rear_pushrod",
      "front_pushrod"
    ],
    "coefficients": [
      80.75876471271098,
      -0.0802862247824061,
      1888.9677643293762,
      0.0012592514107419579,
      -0.0006827016816211011
    ],
    "r_squared": 0.9999999735200247,
    "rmse": 0.0007505838962111205,
    "loo_rmse": 0.0014029488145862288,
    "n_samples": 9,
    "is_calibrated": true
  },
  "third_spring_defl_static": {
    "name": "third_spring_defl_static",
    "feature_names": [
      "rear_spring_perch",
      "inv_front_heave",
      "rear_third"
    ],
    "coefficients": [
      -17.128440469208392,
      0.8350439746583174,
      -45.27504462682156,
      -0.00216624699065194
    ],
    "r_squared": 0.9904885799960274,
    "rmse": 0.4215131381988109,
    "loo_rmse": 0.5907588048456792,
    "n_samples": 9,
    "is_calibrated": true
  },
  "third_spring_defl_max": {
    "name": "third_spring_defl_max",
    "feature_names": [
      "rear_third",
      "rear_spring",
      "inv_rear_spring"
    ],
    "coefficients": [
      20.67006000469906,
      -0.07139742540902388,
      0.20518811583888083,
      4744.326416775145
    ],
    "r_squared": 0.999666395224904,
    "rmse": 0.21375338593143928,
    "loo_rmse": 0.4928704597852175,
    "n_samples": 9,
    "is_calibrated": true
  },
  "third_slider_defl_static": {
    "name": "third_slider_defl_static",
    "feature_names": [
      "third_spring_defl"
    ],
    "coefficients": [
      17.54127408993575,
      0.39894123245301055
    ],
    "r_squared": 0.6857249733629773,
    "rmse": 1.1672860993383387,
    "loo_rmse": 1.3927560536699453,
    "n_samples": 9,
    "is_calibrated": false
  },
  "torsion_bar_defl_direct": {
    "name": "torsion_bar_defl_direct",
    "feature_names": [
      "inv_od4",
      "inv_rear_spring",
      "front_heave"
    ],
    "coefficients": [
      -2.9847647835012876,
      1362301.2544995146,
      -1642.6257143963264,
      0.02377260785106648
    ],
    "r_squared": 0.997375701405879,
    "rmse": 0.197576829565846,
    "loo_rmse": 0.30413386039043466,
    "n_samples": 9,
    "is_calibrated": true
  },
  "third_slider_defl_direct": {
    "name": "third_slider_defl_direct",
    "feature_names": [
      "rear_pushrod",
      "fuel",
      "rear_spring_perch"
    ],
    "coefficients": [
      29.14352827560075,
      0.33826813712911474,
      -0.027980305718350862,
      0.06293898209294949
    ],
    "r_squared": 0.9362253911053862,
    "rmse": 0.5258311134731621,
    "loo_rmse": 1.0143992679328742,
    "n_samples": 9,
    "is_calibrated": true
  },
  "front_heave_lookup": null,
  "rear_heave_lookup": null,
  "front_torsion_lookup": null,
  "rear_torsion_lookup": null,
  "m_eff_front_kg": null,
  "m_eff_rear_kg": 986.2312370556938,
  "m_eff_is_rate_dependent": true,
  "m_eff_rate_table": [
    {
      "setting": 30.0,
      "m_eff_kg": 67.30114836024394
    },
    {
      "setting": 30.0,
      "m_eff_kg": 89.7244675479849
    },
    {
      "setting": 30.0,