{
  "car": "bmw",
  "track": "sebring",
  "n_sessions": 79,
  "n_unique_setups": 26,
  "calibration_complete": true,
  "front_ride_height": {
    "name": "front_ride_height",
    "feature_names": [],
    "coefficients": [
      30.076923076923077
    ],
    "r_squared": 1.0,
    "rmse": 0.07994080650317897,
    "loo_rmse": 0.07994080650317897,
    "n_samples": 26,
    "is_calibrated": true,
    "q_squared": null
  },
  "rear_ride_height": {
    "name": "rear_ride_height",
    "feature_names": [
      "inv_rear_third",
      "inv_rear_spring",
      "rear_pushrod",
      "rear_third_perch",
      "fuel_x_inv_third",
      "rear_spring_perch",
      "rear_camber",
      "inv_od4"
    ],
    "coefficients": [
      125.03462287955092,
      -1642.7391543114543,
      -1351.5917341458792,
      0.3887519496955747,
      -0.7499026119278369,
      -5.484882438991903,
      -0.6681209746629975,
      1.0420531929570984,
      17820.556782709056
    ],
    "r_squared": 0.9991499314858439,
    "rmse": 0.03141171199320628,
    "loo_rmse": 0.05176366212672561,
    "n_samples": 26,
    "is_calibrated": true,
    "q_squared": 0.9976915487662825
  },
  "torsion_bar_turns": {
    "name": "torsion_bar_turns",
    "feature_names": [],
    "coefficients": [
      0.09915384615384616
    ],
    "r_squared": 1.0,
    "rmse": 0.003449551896119795,
    "loo_rmse": 0.003449551896119795,
    "n_samples": 26,
    "is_calibrated": true,
    "q_squared": null
  },
  "torsion_bar_defl": {
    "name": "torsion_bar_defl_load",
    "feature_names": [
      "front_heave",
      "front_heave_perch"
    ],
    "coefficients": [
      1285276.3883515005,
      -3467.2454426212835,
      15944.409183804937
    ],
    "r_squared": 0.9345899022710769,
    "rmse": 24071.881715864234,
    "loo_rmse": 26856.46133546544,
    "n_samples": 26,
    "is_calibrated": true,
    "q_squared": 0.9185816505960129
  },
  "front_shock_defl_static": {
    "name": "front_shock_defl_static",
    "feature_names": [
      "torsion_od",
      "front_heave",
      "fuel",
      "front_camber",
      "front_pushrod",
      "inv_front_heave",
      "fuel_x_inv_front_corner_spring"
    ],
    "coefficients": [
      37.948685803041144,
      -0.45809557131055445,
      -0.02820066532404203,
      -0.00011342695998550756,
      1.2168367411583303,
      0.41365602709937555,
      -57.09816383605398,
      -0.00011342693921323477
    ],
    "r_squared": 0.99832826984528,
    "rmse": 0.11302283826404189,
    "loo_rmse": 0.2543551643737345,
    "n_samples": 28,
    "is_calibrated": true,
    "q_squared": 0.9915332862378136
  },
  "front_shock_defl_max": null,
  "rear_shock_defl_static": {
    "name": "rear_shock_defl_static",
    "feature_names": [
      "rear_third_perch",
      "inv_rear_spring",
      "fuel_x_inv_third",
      "rear_spring_perch",
      "rear_third",
      "rear_camber",
      "rear_pushrod",
      "torsion_turns"
    ],
    "coefficients": [
      -18.5067295918931,
      0.5323532086374394,
      924.4134416239532,
      2.7793881362489516,
      0.43404680696835063,
      -0.005930142301930563,
      -0.28068304079593975,
      0.015194030296755631,
      -15.475521516538784
    ],
    "r_squared": 0.9996900312736713,
    "rmse": 0.025509550286789008,
    "loo_rmse": 0.045355870550963004,
    "n_samples": 26,
    "is_calibrated": true,
    "q_squared": 0.9990201055718747
  },
  "rear_shock_defl_max": null,
  "heave_spring_defl_static": {
    "name": "heave_spring_defl_static",
    "feature_names": [
      "front_heave_perch",
      "torsion_od",
      "torsion_turns",
      "front_pushrod_sq",
      "front_camber",
      "rear_pushrod",
      "front_heave",
      "fuel_x_inv_spring"
    ],
    "coefficients": [
      91.89690073105866,
      -0.749685195088479,
      -2.633542688138259,
      -356.61195359897016,
      -0.019576983645232415,
      3.065505705469194,
      -0.04739410665428574,
      -0.04403312506092233,
      0.4509213743792251
    ],
    "r_squared": 0.9998753935266405,
    "rmse": 0.07940672868737507,
    "loo_rmse": 0.11750433803220312,
    "n_samples": 26,
    "is_calibrated": true,
    "q_squared": 0.9997271438194745
  },
  "heave_spring_defl_max": {
    "name": "heave_spring_defl_max",
    "feature_names": [
      "front_heave",
      "inv_front_heave",
      "fuel_x_inv_third",
      "inv_rear_spring",
      "rear_third_perch",
      "front_heave_perch",
      "rear_spring_perch",
      "front_pushrod_sq"
    ],
    "coefficients": [
      92.61085146430719,
      -0.1789916663717737,
      327.94824997663795,
      0.33579812355586497,
      44.654538638734884,
      -0.03818420411760439,
      0.03290511915476779,
      0.04464288970110096,
      0.00036390211807341144
    ],
    "r_squared": 0.9999863029718488,
    "rmse": 0.015047695847210345,
    "loo_rmse": 0.05400086806536751,
    "n_samples": 26,
    "is_calibrated": true,
    "q_squared": 0.9998236043699626
  },
  "heave_slider_defl_static": {
    "name": "heave_slider_defl_static",
    "feature_names": [
      "torsion_od",
      "front_heave",
      "front_pushrod_sq",
      "front_camber",
      "fuel_x_inv_spring",
      "rear_third_perch",
      "rear_camber",
      "front_heave_perch"
    ],
    "coefficients": [
      86.1561897589386,
      -0.6421781838874987,
      -0.0034727720569150897,
      -0.02732718794332034,
      3.9270931195550087,
      -0.9101620364981912,
      -0.08594787135349674,
      1.5809173200549766,
      0.021466826027282535
    ],
    "r_squared": 0.9878335810263597,
    "rmse": 0.11292981328629764,
    "loo_rmse": 0.1825740324957802,
    "n_samples": 26,
    "is_calibrated": true,
    "q_squared": 0.9682002603965049
  },
  "rear_spring_defl_static": {
    "name": "rear_spring_defl_static",
    "feature_names": [
      "rear_third_perch",
      "inv_rear_third",
      "rear_spring",
      "rear_spring_perch",
      "fuel_x_inv_spring",
      "rear_pushrod",
      "torsion_turns",
      "front_camber"
    ],
    "coefficients": [
      14.255989411548532,
      0.5146270813877257,
      1530.212629112952,
      -0.0334435954127798,
      -0.5245428708848127,
      0.8920085755794144,
      0.023860861329110694,
      -12.889117628892706,
      -0.037074996950496084
    ],
    "r_squared": 0.999689718022035,
    "rmse": 0.026196918858587454,
    "loo_rmse": 0.0468734861057871,
    "n_samples": 26,
    "is_calibrated": true,
    "q_squared": 0.9990066309376168
  },
  "rear_spring_defl_max": {
    "name": "rear_spring_defl_max",
    "feature_names": [
      "rear_spring",
      "inv_rear_spring",
      "rear_camber",
      "front_pushrod_sq",
      "torsion_turns",
      "fuel",
      "fuel_x_inv_spring",
      "front_pushrod"
    ],
    "coefficients": [
      82.82389026554638,
      -0.09301156592487819,
      1614.9011670025513,
      -0.3063988716103724,
      -0.0006734744691259259,
      3.5985996896987094,
      0.005406964473855637,
      -0.8100259245766893,
      -0.04667030122082383
    ],
    "r_squared": 0.9999755977259642,
    "rmse": 0.00688442304394017,
    "loo_rmse": 0.029153720523015566,
    "n_samples": 26,
    "is_calibrated": true,
    "q_squared": 0.9995623940956725
  },
  "third_spring_defl_static": {
    "name": "third_spring_defl_static",
    "feature_names": [
      "rear_third_perch",
      "inv_rear_spring",
      "fuel_x_inv_third",
      "rear_spring_perch",
      "rear_third",
      "inv_od4",
      "rear_camber",
      "rear_pushrod"
    ],
    "coefficients": [
      6.4898025179776715,
      -0.4399097170353435,
      1018.8525734084432,
      3.207793031561044,
      0.47171099090874374,
      -0.006567163739011894,
      -20188.051379812376,
      -0.38204881620125275,
      0.012263662514004892
    ],
    "r_squared": 0.9990546790023709,
    "rmse": 0.037143280402247125,
    "loo_rmse": 0.06593821143720914,
    "n_samples": 26,
    "is_calibrated": true,
    "q_squared": 0.9970208448829624
  },